{"type":"FeatureCollection","features":[{"type":"Feature","properties":{"source":"caminho-do-centenario.kml"},"geometry":{"type":"LineString","coordinates":[[-8.609362499974843,41.13987907821399],[-8.609078167627425,41.13888570391132],[-8.608485318092512,41.13718433503085],[-8.608282696165464,41.13668973453237],[-8.608182519246384,41.1364963497125],[-8.608126447063748,41.13642175078655],[-8.607986,41.136447],[-8.607911,41.13636],[-8.607979,41.136318],[-8.607992,41.136246],[-8.607941,41.135882],[-8.607925,41.13583],[-8.607878,41.135812],[-8.607845,41.135726],[-8.607841,41.135691],[-8.607885,41.13566],[-8.607819,41.135423],[-8.607764,41.135231],[-8.607722,41.135088],[-8.607676,41.135068],[-8.607642,41.13496],[-8.607661,41.134941],[-8.607612,41.134764],[-8.607555,41.134615],[-8.607501,41.13449],[-8.607443,41.134467],[-8.607395,41.134379],[-8.607457,41.134366],[-8.607458,41.134326],[-8.607246,41.133702],[-8.607147,41.133376],[-8.607089,41.133292],[-8.607035,41.133141],[-8.607002,41.133045],[-8.607031,41.133012],[-8.60686,41.132457],[-8.606797,41.132399],[-8.606784,41.132315],[-8.606799,41.132246],[-8.606618,41.131654],[-8.606419,41.131018],[-8.6063,41.130632],[-8.606206,41.130387],[-8.606155,41.130371],[-8.606113,41.130259],[-8.606125,41.130194],[-8.606057,41.129957],[-8.605944,41.129614],[-8.605858,41.129339],[-8.605786,41.129224],[-8.605753,41.129093],[-8.605768,41.129044],[-8.605706,41.128814],[-8.605543,41.128285],[-8.605476,41.128096],[-8.605419,41.127842],[-8.605396,41.127797],[-8.605393,41.127705],[-8.605406,41.127545],[-8.605455,41.126715],[-8.605451,41.126643],[-8.605379,41.126548],[-8.605362,41.126468],[-8.605373,41.126306],[-8.605417,41.125744],[-8.605394,41.125684],[-8.60542,41.125655],[-8.605505,41.125542],[-8.605543,41.1255],[-8.60557,41.125403],[-8.605591,41.125234],[-8.605602,41.125063],[-8.6056,41.124996],[-8.605574,41.124901],[-8.605625,41.124845],[-8.605637,41.124729],[-8.605647,41.124566],[-8.605656,41.124468],[-8.605662,41.12443],[-8.605662,41.124427],[-8.605642,41.124397],[-8.605633,41.124372],[-8.605645,41.124294],[-8.605674,41.124266],[-8.605707,41.123866],[-8.605717,41.123637],[-8.605703,41.123598],[-8.605706,41.123501],[-8.605737,41.123464],[-8.605785,41.122776],[-8.605773,41.122742],[-8.605782,41.122623],[-8.605814,41.122592],[-8.605839,41.122125],[-8.605824,41.122098],[-8.605834,41.122007],[-8.605872,41.121948],[-8.605921,41.121188],[-8.605947,41.120899],[-8.605986,41.120388],[-8.605926,41.120336],[-8.605869,41.120217],[-8.606006,41.120043],[-8.605986,41.119971],[-8.606035,41.11987],[-8.606056,41.119557],[-8.606115,41.11895],[-8.606157,41.118503],[-8.606175,41.1182],[-8.606213,41.117769],[-8.606223,41.11763],[-8.606185,41.117595],[-8.606178,41.117537],[-8.606194,41.117327],[-8.606165,41.117299],[-8.606164,41.117076],[-8.606201,41.116939],[-8.606237,41.116745],[-8.606265,41.116709],[-8.606281,41.116519],[-8.606298,41.116234],[-8.606309,41.116145],[-8.606286,41.116129],[-8.606287,41.115798],[-8.606304,41.115724],[-8.606285,41.115677],[-8.60623,41.115661],[-8.606188,41.115654],[-8.606192,41.115554],[-8.606183,41.115521],[-8.606255,41.115475],[-8.606276,41.115452],[-8.606283,41.115408],[-8.606292,41.115368],[-8.606283,41.115317],[-8.606242,41.115262],[-8.606087,41.115149],[-8.606042,41.1151],[-8.605958,41.11501],[-8.605892,41.114912],[-8.605815,41.114785],[-8.605743,41.114648],[-8.605655,41.114491],[-8.605573,41.114506],[-8.605379,41.114099],[-8.60543,41.114086],[-8.605316,41.113837],[-8.605238,41.113676],[-8.605164,41.113512],[-8.605085,41.113529],[-8.605002,41.113331],[-8.605085,41.113313],[-8.605008,41.113136],[-8.604934,41.112977],[-8.604866,41.112835],[-8.604772,41.112858],[-8.604606,41.112489],[-8.604693,41.112465],[-8.604577,41.112205],[-8.604452,41.111951],[-8.604345,41.111702],[-8.604062,41.111074]]}},{"type":"Feature","properties":{"source":"caminho-do-centenario.kml"},"geometry":{"type":"LineString","coordinates":[[-8.604061,41.111075],[-8.60397,41.110892],[-8.603934,41.110824],[-8.603902,41.110784],[-8.603843,41.110724],[-8.603662,41.110607],[-8.603565,41.110549],[-8.603489,41.110489],[-8.603427,41.110418],[-8.603378,41.11032]]}},{"type":"Feature","properties":{"source":"caminho-do-centenario.kml"},"geometry":{"type":"LineString","coordinates":[[-8.603378,41.110321],[-8.603358,41.110227],[-8.603325,41.110033],[-8.603253,41.109948],[-8.603221,41.109703],[-8.603247,41.109644],[-8.603235,41.1095],[-8.603212,41.109383],[-8.60312,41.109187],[-8.602893,41.108919],[-8.602734,41.108738],[-8.602521,41.108501],[-8.60246,41.108422],[-8.602423,41.108349],[-8.602402,41.108281],[-8.602402,41.108201],[-8.602429,41.108031],[-8.602505,41.107631],[-8.602568,41.10727],[-8.602626,41.106985],[-8.60263,41.106929],[-8.602618,41.106834],[-8.602594,41.106722],[-8.602547,41.106671],[-8.602543,41.106503],[-8.602526,41.106447],[-8.602477,41.106358],[-8.602274,41.10612],[-8.602337,41.106074],[-8.602247,41.105811],[-8.602271,41.105773],[-8.602254,41.105674],[-8.602226,41.105493],[-8.602243,41.105256],[-8.602289,41.105064],[-8.60237,41.104851],[-8.602495,41.104663],[-8.602697,41.104377],[-8.602875,41.104088],[-8.602941,41.103916],[-8.602977,41.103783],[-8.602999,41.103528],[-8.602969,41.103315],[-8.602748,41.102851],[-8.602499,41.102546],[-8.602135,41.102251],[-8.601858,41.102066],[-8.601386,41.101766],[-8.600982,41.101499],[-8.600844,41.1014],[-8.600665,41.101141],[-8.600544,41.100822],[-8.600363,41.100364],[-8.600121,41.09975],[-8.599968,41.099342],[-8.599751,41.098727],[-8.599532,41.098161],[-8.599413,41.097867],[-8.599286,41.097574],[-8.599253,41.097371],[-8.598999,41.096682],[-8.598891,41.096386],[-8.598846,41.096355],[-8.598811,41.096235],[-8.598823,41.096157],[-8.598688,41.09575],[-8.598605,41.095472],[-8.598516,41.095192],[-8.598393,41.094947],[-8.598343,41.094914],[-8.598177,41.094631],[-8.598035,41.094424],[-8.597941,41.094326],[-8.597777,41.094199],[-8.597579,41.094086],[-8.597334,41.093977],[-8.597051,41.093837],[-8.597017,41.093821],[-8.596974,41.09378],[-8.596889,41.093738],[-8.596854,41.093728],[-8.596733,41.093682],[-8.596336,41.093467],[-8.596005,41.093286],[-8.595849,41.093182],[-8.595839,41.093146],[-8.595551,41.092935],[-8.59532,41.092763],[-8.595067,41.092557],[-8.595002,41.092465],[-8.594991,41.092428],[-8.594895,41.092367],[-8.594727,41.092229],[-8.594638,41.092211],[-8.594529,41.092232],[-8.594439,41.092158],[-8.594463,41.092114],[-8.594447,41.092024],[-8.594373,41.091941],[-8.594054,41.091698],[-8.593808,41.091508],[-8.593753,41.091486],[-8.593658,41.091466],[-8.59359,41.091414],[-8.593547,41.091326],[-8.593531,41.09126],[-8.593476,41.091171],[-8.59344,41.091137],[-8.593355,41.091112],[-8.59326,41.09111],[-8.593175,41.091139],[-8.59313,41.091142],[-8.593091,41.091085],[-8.59314,41.091055],[-8.593182,41.090999],[-8.593201,41.090933],[-8.593218,41.090854]]}},{"type":"Feature","properties":{"source":"caminho-do-centenario.kml"},"geometry":{"type":"LineString","coordinates":[[-8.593217830805703,41.09087604811841],[-8.592897640875762,41.09048703508568],[-8.592486369476477,41.09004809538696],[-8.592425645367825,41.09003353337416]]}},{"type":"Feature","properties":{"source":"caminho-do-centenario.kml"},"geometry":{"type":"LineString","coordinates":[[-8.592449,41.090065],[-8.591961,41.089505]]}},{"type":"Feature","properties":{"source":"caminho-do-centenario.kml"},"geometry":{"type":"LineString","coordinates":[[-8.591984017891466,41.08951554040343],[-8.591967457407502,41.08941152579201],[-8.591694203330167,41.08913900566775],[-8.590506165946307,41.08782296151283],[-8.590145546433495,41.08736738424185],[-8.589832522609624,41.08717590622148],[-8.58933610833173,41.08691865801293],[-8.589243029053565,41.08691197399797]]}},{"type":"Feature","properties":{"source":"caminho-do-centenario.kml"},"geometry":{"type":"LineString","coordinates":[[-8.589297,41.08693],[-8.588433102368615,41.0864854218914],[-8.588293230914347,41.08648750897976],[-8.588256859393672,41.0865064795406],[-8.588143574196698,41.08646956401415],[-8.588132403805545,41.08639892887232],[-8.588107242978204,41.08634094231118],[-8.588034525761726,41.08628505679967],[-8.58790166656832,41.08622178214603],[-8.587599,41.086088]]}},{"type":"Feature","properties":{"source":"caminho-do-centenario.kml"},"geometry":{"type":"LineString","coordinates":[[-8.587606455834742,41.08608866707311],[-8.587598883117307,41.08604488933841],[-8.587311015150984,41.08585454061094],[-8.587144351599123,41.08579172210637],[-8.587020614741634,41.08576887603172],[-8.586982734905677,41.08577648774121]]}},{"type":"Feature","properties":{"source":"caminho-do-centenario.kml"},"geometry":{"type":"LineString","coordinates":[[-8.586804,41.085776],[-8.586823,41.085709],[-8.586834,41.085645],[-8.586791,41.085586],[-8.586713,41.08552],[-8.586654,41.085496],[-8.586453,41.085352]]}},{"type":"Feature","properties":{"source":"caminho-do-centenario.kml"},"geometry":{"type":"LineString","coordinates":[[-8.586485868900676,41.08532064086138],[-8.585498257890064,41.08463117614105]]}},{"type":"Feature","properties":{"source":"caminho-do-centenario.kml"},"geometry":{"type":"LineString","coordinates":[[-8.585494864015374,41.0846355966238],[-8.5852,41.084452],[-8.585115,41.084382],[-8.585029,41.084305],[-8.584945,41.084213],[-8.584865,41.084097],[-8.584786,41.08398],[-8.584569,41.083648],[-8.584291,41.083237],[-8.584079,41.082903]]}},{"type":"Feature","properties":{"source":"caminho-do-centenario.kml"},"geometry":{"type":"LineString","coordinates":[[-8.584083,41.082904],[-8.583985,41.082759],[-8.583865,41.082562],[-8.583806,41.082434],[-8.583759,41.08231],[-8.583692,41.082111],[-8.58366,41.082046],[-8.583531,41.081845],[-8.582787210251423,41.08065369319544]]}},{"type":"Feature","properties":{"source":"caminho-do-centenario.kml"},"geometry":{"type":"LineString","coordinates":[[-8.582790426697132,41.08065611773527],[-8.58256867915864,41.08032996322673],[-8.582325933801556,41.07987541542444],[-8.582040699140954,41.07924521787501],[-8.581478313959051,41.07791230316852],[-8.58134970659824,41.07760638053131],[-8.581420132430486,41.07758625115424]]}},{"type":"Feature","properties":{"source":"caminho-do-centenario.kml"},"geometry":{"type":"LineString","coordinates":[[-8.581431,41.077609],[-8.581204,41.077061],[-8.581101,41.076758],[-8.581023,41.07642],[-8.58096,41.076061],[-8.581039,41.075523],[-8.581117,41.075248],[-8.581189,41.075082],[-8.581282,41.074802],[-8.581351,41.074692],[-8.58147,41.074462],[-8.581598,41.074254],[-8.581806,41.073992],[-8.582028,41.073745],[-8.582268,41.073499],[-8.582514,41.073223],[-8.58264,41.073012],[-8.582665,41.072802],[-8.582628,41.072602],[-8.582592,41.0725]]}},{"type":"Feature","properties":{"source":"caminho-do-centenario.kml"},"geometry":{"type":"LineString","coordinates":[[-8.582597,41.0725],[-8.582427,41.072435],[-8.582324,41.072382],[-8.582157,41.0723],[-8.581935,41.072234],[-8.581483,41.072132],[-8.5808,41.071977],[-8.579694,41.071719],[-8.579103,41.071588],[-8.578859,41.071479],[-8.578681,41.071532],[-8.578512,41.071564],[-8.578357567306115,41.07143980003873],[-8.578184419746105,41.07118765029675],[-8.578016143793743,41.07079994008457]]}},{"type":"Feature","properties":{"source":"caminho-do-centenario.kml"},"geometry":{"type":"LineString","coordinates":[[-8.578010372981154,41.07079886452259],[-8.577588,41.069792],[-8.577323,41.06905],[-8.577293703732419,41.06900564911849],[-8.577243374578305,41.06900970187017],[-8.57717686702548,41.06901781583765],[-8.576993698292908,41.06864105328079],[-8.57670643805639,41.06811584370107],[-8.576689679804176,41.06809595412511],[-8.576746141542479,41.06804211597429],[-8.576775,41.068002],[-8.576479,41.067592],[-8.576333,41.067526],[-8.576121,41.067564],[-8.575781,41.067692],[-8.575716,41.06763],[-8.576003,41.067484],[-8.576111,41.067423],[-8.576156,41.067266],[-8.576104,41.067118],[-8.576103,41.067111],[-8.575757,41.066779],[-8.575471,41.066603],[-8.575109,41.066476],[-8.574641,41.06633],[-8.574365960325018,41.06624140525953],[-8.574321222927592,41.06622285299014],[-8.574352012936256,41.06616150410643],[-8.574354269423162,41.06610471396723],[-8.574414203047686,41.06585804408817],[-8.574314534046902,41.06578020577827],[-8.573864015554172,41.06550756523131]]}},{"type":"Feature","properties":{"source":"caminho-do-centenario.kml"},"geometry":{"type":"LineString","coordinates":[[-8.573857603340201,41.0655038483203],[-8.573529220392476,41.06528335463065],[-8.573093919612635,41.06497582772791],[-8.57252882020298,41.06454647277331],[-8.572207363171126,41.06427805801564],[-8.570763206126767,41.06319021360796],[-8.57018443246395,41.06276947935713],[-8.569834446368645,41.06247370112476],[-8.569682347824825,41.06229738887437],[-8.569433790035655,41.06196446736503],[-8.56930458569287,41.06172756661876],[-8.569221760041582,41.06147326061426],[-8.569101326896615,41.06103382367699]]}},{"type":"Feature","properties":{"source":"caminho-do-centenario.kml"},"geometry":{"type":"LineString","coordinates":[[-8.569113021187132,41.06103615179579],[-8.568947026160048,41.06048492997438],[-8.568689046194098,41.05972837886129],[-8.568495250322997,41.0592123817644],[-8.568182515670713,41.05866705915197]]}},{"type":"Feature","properties":{"source":"caminho-do-centenario.kml"},"geometry":{"type":"LineString","coordinates":[[-8.568176519910795,41.05867209499095],[-8.567739255180989,41.05793729608377],[-8.567453057084776,41.05745939243799]]}},{"type":"Feature","properties":{"source":"caminho-do-centenario.kml"},"geometry":{"type":"LineString","coordinates":[[-8.567450041330352,41.05746346930275],[-8.56741322387118,41.05738851805985],[-8.567360936397728,41.05734499801805],[-8.56729316504375,41.05732995694497],[-8.567198548318046,41.05733896580473],[-8.567158012588633,41.05739013687106],[-8.567141839602483,41.05745313309206],[-8.567172415000325,41.05755412960806],[-8.567077132685307,41.05758057120919],[-8.56696036149564,41.05732638232714],[-8.56690621355374,41.05718840845589],[-8.566841932519575,41.05699948166266],[-8.566796069744397,41.05693495980658],[-8.566686438796767,41.05694072201908],[-8.566657695796586,41.05687503585983],[-8.566748894684379,41.05684639332212],[-8.566812587492207,41.05677497981878],[-8.56685730433053,41.05670489355466],[-8.566859837479688,41.05667246423359]]}},{"type":"Feature","properties":{"source":"caminho-do-centenario.kml"},"geometry":{"type":"LineString","coordinates":[[-8.566858765549135,41.05667543391159],[-8.566782250268023,41.05598514231689]]}},{"type":"Feature","properties":{"source":"caminho-do-centenario.kml"},"geometry":{"type":"LineString","coordinates":[[-8.566774641132362,41.05597841969263],[-8.56674481617159,41.05592950399662],[-8.566707535016677,41.05582436328319],[-8.566676965888469,41.05522668953405],[-8.566654729614907,41.05485404454476],[-8.566608062099185,41.05438335543718],[-8.566573321899138,41.053989013341],[-8.566529865597781,41.05394939309874],[-8.566467598681827,41.05392053310209],[-8.5664513831127,41.05391808704542],[-8.566444900895826,41.05383200093697],[-8.566481224258544,41.05382613240144],[-8.566525331680259,41.05380852506726],[-8.56654998085684,41.05377868907284],[-8.566548084581102,41.05372409881962],[-8.566497980768125,41.05332714206337],[-8.566455690843732,41.05331332265926],[-8.566421859511806,41.05311028437949]]}},{"type":"Feature","properties":{"source":"caminho-do-centenario.kml"},"geometry":{"type":"LineString","coordinates":[[-8.566410023153153,41.05301777738737],[-8.566391735857804,41.05283983691422]]}},{"type":"Feature","properties":{"source":"caminho-do-centenario.kml"},"geometry":{"type":"LineString","coordinates":[[-8.56644441801658,41.0528319245873],[-8.566365743752376,41.05220328590244]]}},{"type":"Feature","properties":{"source":"caminho-do-centenario.kml"},"geometry":{"type":"LineString","coordinates":[[-8.566369569181001,41.05220824820985],[-8.566259441669201,41.05119599707878]]}},{"type":"Feature","properties":{"source":"caminho-do-centenario.kml"},"geometry":{"type":"LineString","coordinates":[[-8.56625658936235,41.05119589819378],[-8.56621873568112,41.05096279102397]]}},{"type":"Feature","properties":{"source":"caminho-do-centenario.kml"},"geometry":{"type":"LineString","coordinates":[[-8.566181483014619,41.050634295698],[-8.566150084877968,41.0503293718444],[-8.566117506245426,41.05024855198864],[-8.566049066383709,41.05018878937386],[-8.565999537564043,41.05016162449427],[-8.56601934965727,41.05005568211875],[-8.566095894292229,41.05004617464822],[-8.56613101487776,41.05001153968075],[-8.566085813062838,41.04954783721872],[-8.566028694593964,41.04913951291827]]}},{"type":"Feature","properties":{"source":"caminho-do-centenario.kml"},"geometry":{"type":"LineString","coordinates":[[-8.56596053269183,41.0491213338304],[-8.56583407120204,41.04866001617783],[-8.565677859052855,41.04830119403326]]}},{"type":"Feature","properties":{"source":"caminho-do-centenario.kml"},"geometry":{"type":"LineString","coordinates":[[-8.565750870936444,41.048264699304],[-8.565538428430656,41.04803210038389],[-8.565302149251416,41.04756399755129],[-8.565198237810993,41.04735936034748],[-8.564989204610495,41.04692590594814],[-8.564846733573745,41.04667136477413],[-8.564786930319986,41.04661483158305],[-8.564613517874832,41.04658667770392],[-8.564380388486958,41.04665542453142]]}},{"type":"Feature","properties":{"source":"caminho-do-centenario.kml"},"geometry":{"type":"LineString","coordinates":[[-8.564283595113173,41.04658413032848],[-8.564284517917775,41.04657995471803],[-8.564257759038533,41.04635168739821],[-8.56426889243314,41.04600327062521],[-8.56426453168043,41.04560529981143],[-8.564235650682066,41.04550476591066],[-8.564300079845562,41.0454226634609],[-8.564291194033745,41.04530872483988],[-8.564295637333494,41.04531375153946],[-8.563941407074587,41.04459496310758],[-8.563768966180154,41.04424735040715],[-8.563528048400878,41.04377615059388],[-8.563504393118675,41.04371403209447]]}},{"type":"Feature","properties":{"source":"caminho-do-centenario.kml"},"geometry":{"type":"LineString","coordinates":[[-8.563486789793508,41.04370025855053],[-8.563488204614139,41.04369919354949],[-8.563410570011792,41.04363517279197],[-8.563410576404088,41.04363090863308],[-8.563323134260362,41.04350824523524],[-8.563319076860656,41.04338778274085],[-8.563319080094729,41.04338565076753],[-8.563283908452581,41.04327902203192],[-8.563203585783285,41.04312225153632]]}},{"type":"Feature","properties":{"source":"caminho-do-centenario.kml"},"geometry":{"type":"LineString","coordinates":[[-8.563212095845628,41.04311801467631],[-8.562981766747114,41.04266740922735]]}},{"type":"Feature","properties":{"source":"caminho-do-centenario.kml"},"geometry":{"type":"LineString","coordinates":[[-8.562984465144451,41.0426677910279],[-8.562841943361626,41.04238488241053],[-8.562706339692722,41.0421191314759],[-8.562536902758488,41.04177526125932],[-8.562366675843954,41.04146799962963],[-8.562297546532548,41.04135299496223],[-8.562191072195382,41.04121215335849],[-8.562066459653746,41.04106177127233],[-8.562002077279795,41.04098747650541],[-8.561869241218623,41.04091899085189],[-8.56177676025081,41.04089996665191],[-8.561686066302608,41.04090013893941],[-8.561608200387843,41.04091731115871]]}},{"type":"Feature","properties":{"source":"caminho-do-centenario.kml"},"geometry":{"type":"LineString","coordinates":[[-8.561523727867375,41.04087187599148],[-8.561566338449007,41.04079708174094],[-8.561581793341324,41.04073390609285],[-8.561569132676436,41.04066944350888],[-8.561481557230131,41.04060020520591],[-8.561006889102018,41.04024506074145],[-8.56065705528832,41.03997766754655],[-8.560589209084396,41.03996265563261],[-8.560496724990543,41.03997048871984]]}},{"type":"Feature","properties":{"source":"caminho-do-centenario.kml"},"geometry":{"type":"LineString","coordinates":[[-8.560390351389186,41.03976346119976],[-8.559360098198166,41.03899390315291]]}},{"type":"Feature","properties":{"source":"caminho-do-centenario.kml"},"geometry":{"type":"LineString","coordinates":[[-8.559089248434319,41.03880481793336],[-8.559082402128007,41.0388017195021],[-8.558789383767163,41.03856830582487],[-8.558508459049484,41.03836763511253],[-8.558197177659,41.03805155653098],[-8.558048811682365,41.03795606750059]]}},{"type":"Feature","properties":{"source":"caminho-do-centenario.kml"},"geometry":{"type":"LineString","coordinates":[[-8.5578996259599,41.03788855184715],[-8.557941972183729,41.03785000464737],[-8.557949274185042,41.03781476090867],[-8.557899630444103,41.03775528591231],[-8.557755082866596,41.03750527178807],[-8.557685001030361,41.03734226708233],[-8.55761241884469,41.03713629946709],[-8.557548590423082,41.03680813342226],[-8.557520624957279,41.03632113058249],[-8.557469946859351,41.03627015911783]]}},{"type":"Feature","properties":{"source":"caminho-do-centenario.kml"},"geometry":{"type":"LineString","coordinates":[[-8.557462831983361,41.03619779421343],[-8.557503178982703,41.03615682856998],[-8.557493877608444,41.03593092695058],[-8.557458884322115,41.03533448196264],[-8.557424158910399,41.03457860801955],[-8.557390830993901,41.03451649233692],[-8.55731828852458,41.03450761703697]]}},{"type":"Feature","properties":{"source":"caminho-do-centenario.kml"},"geometry":{"type":"LineString","coordinates":[[-8.557315450454281,41.03445058666468],[-8.557382771931584,41.03441601191806],[-8.557402825051968,41.03436306935511],[-8.557391365782056,41.03403352878403],[-8.557352912378034,41.03328164977501],[-8.557338693263908,41.03289264291099],[-8.557273157887662,41.03284339577408],[-8.557264357621797,41.03251810712265],[-8.557311538637432,41.0324479524845],[-8.557295899888516,41.03228064994219],[-8.55728567561263,41.03194181483009],[-8.557267358383916,41.03164104579982],[-8.557234122552918,41.03109673225973],[-8.557204819171487,41.03102670710722]]}},{"type":"Feature","properties":{"source":"caminho-do-centenario.kml"},"geometry":{"type":"LineString","coordinates":[[-8.557057803951668,41.03075992332417],[-8.557001700078262,41.03078249517068],[-8.55694499298467,41.03075721032918],[-8.556939828421134,41.03075509211603],[-8.556905059310942,41.0307083924837],[-8.556940980578903,41.03060766193314],[-8.556964175203774,41.03049679778528],[-8.55687882503624,41.03031178073231],[-8.556652351956961,41.02990188570249]]}},{"type":"Feature","properties":{"source":"caminho-do-centenario.kml"},"geometry":{"type":"LineString","coordinates":[[-8.556638495549379,41.02983031562708],[-8.556685549436127,41.0293380473294],[-8.556628001734722,41.02916957047302]]}},{"type":"Feature","properties":{"source":"caminho-do-centenario.kml"},"geometry":{"type":"LineString","coordinates":[[-8.556588409995994,41.02917406288679],[-8.556362244234325,41.0288416270034],[-8.556325172875054,41.02880750797205]]}},{"type":"Feature","properties":{"source":"caminho-do-centenario.kml"},"geometry":{"type":"LineString","coordinates":[[-8.55632594417208,41.02880989723874],[-8.556084896341074,41.0284980268076]]}},{"type":"Feature","properties":{"source":"caminho-do-centenario.kml"},"geometry":{"type":"LineString","coordinates":[[-8.556087409652443,41.02849144750772],[-8.555808284255367,41.02817119569308],[-8.555611575871625,41.02789184237062],[-8.555488681566302,41.02762691031985],[-8.555420884460194,41.02740344427077]]}},{"type":"Feature","properties":{"source":"caminho-do-centenario.kml"},"geometry":{"type":"LineString","coordinates":[[-8.555417898223396,41.027401613759],[-8.555306598265666,41.02709235952088],[-8.554910165599841,41.02653585517659]]}},{"type":"Feature","properties":{"source":"caminho-do-centenario.kml"},"geometry":{"type":"LineString","coordinates":[[-8.554904653471937,41.02652960062207],[-8.55427407466161,41.02569888519923],[-8.554072719059139,41.02541160650485]]}},{"type":"Feature","properties":{"source":"caminho-do-centenario.kml"},"geometry":{"type":"LineString","coordinates":[[-8.554067438292954,41.02541160646392],[-8.554006181414275,41.02539726387214],[-8.55394175703833,41.02532794315022],[-8.553901624055763,41.02527535505565],[-8.55381396445918,41.02521161145047],[-8.553749539761284,41.025178145807]]}},{"type":"Feature","properties":{"source":"caminho-do-centenario.kml"},"geometry":{"type":"LineString","coordinates":[[-8.553773712035218,41.02511838811996],[-8.553835916447149,41.02514491369106],[-8.553892712091766,41.0251544360247],[-8.553958523364038,41.02513947386633],[-8.553982864945459,41.02510478762723]]}},{"type":"Feature","properties":{"source":"caminho-do-centenario.kml"},"geometry":{"type":"LineString","coordinates":[[-8.554006454075187,41.02467525714967],[-8.554009949522959,41.02432634781376],[-8.554022719060027,41.02387898060783],[-8.554026325343859,41.02320286073368]]}},{"type":"Feature","properties":{"source":"caminho-do-centenario.kml"},"geometry":{"type":"LineString","coordinates":[[-8.554030435523934,41.02311524034767],[-8.554293750204154,41.02259260807608],[-8.554464114747677,41.02221557491983]]}},{"type":"Feature","properties":{"source":"caminho-do-centenario.kml"},"geometry":{"type":"LineString","coordinates":[[-8.554519587128336,41.0221048574542],[-8.555113556370816,41.02094486865921]]}},{"type":"Feature","properties":{"source":"caminho-do-centenario.kml"},"geometry":{"type":"LineString","coordinates":[[-8.555205533963928,41.02081941106796],[-8.555582600772766,41.02035709450971]]}},{"type":"Feature","properties":{"source":"caminho-do-centenario.kml"},"geometry":{"type":"LineString","coordinates":[[-8.555631017167899,41.02026568227596],[-8.55629108738792,41.01951777022391],[-8.557141747968815,41.01881981039949],[-8.557425401364489,41.0183150517294],[-8.557518002652655,41.01804015337457],[-8.557570901514756,41.01785022660557],[-8.557524327962442,41.01742043773886],[-8.557451590767185,41.01695316201401],[-8.557290790420536,41.01634766974944],[-8.557187160408166,41.01590240209717],[-8.55710715567003,41.01556766875333]]}},{"type":"Feature","properties":{"source":"caminho-do-centenario.kml"},"geometry":{"type":"LineString","coordinates":[[-8.55710670819946,41.01556361258757],[-8.556928030914413,41.01481559975024],[-8.556883958316043,41.01480988398625],[-8.556873629036051,41.01476987459277],[-8.556914258558526,41.01475064944026],[-8.556515758114744,41.01335684965567]]}},{"type":"Feature","properties":{"source":"caminho-do-centenario.kml"},"geometry":{"type":"LineString","coordinates":[[-8.55651898592632,41.01335779068568],[-8.55650216417477,41.01325653763308],[-8.556464836049718,41.01314544563561],[-8.556408916566514,41.01313420963107],[-8.55634928388745,41.01315391432889],[-8.556343693764036,41.01315672850569],[-8.556334376673236,41.01316095002681],[-8.556211383642706,41.01320036029733]]}},{"type":"Feature","properties":{"source":"caminho-do-centenario.kml"},"geometry":{"type":"LineString","coordinates":[[-8.556177807824332,41.0131413023459],[-8.556321288907036,41.0130723533147],[-8.55633992238179,41.01306250392991],[-8.556347374998953,41.01305687655318],[-8.556388360397587,41.01301748785909],[-8.556392086019999,41.0130132678157],[-8.556421883347573,41.01296263124244],[-8.556423743882949,41.01295559898723],[-8.556423742574905,41.01295278628699],[-8.556436755174913,41.01287965250648],[-8.556403158460663,41.01277559127848]]}},{"type":"Feature","properties":{"source":"caminho-do-centenario.kml"},"geometry":{"type":"LineString","coordinates":[[-8.556399802558916,41.01277614025088],[-8.556225,41.012356],[-8.555997,41.011827],[-8.555657,41.011085],[-8.555362,41.010511],[-8.555271,41.010453],[-8.555139,41.010432],[-8.555038,41.010408],[-8.554905,41.010325],[-8.554845,41.01025],[-8.554793,41.010171],[-8.554781,41.010052],[-8.554804,41.009977],[-8.554862,41.009909],[-8.554941,41.009847],[-8.554948,41.009784],[-8.554101,41.008918],[-8.553681,41.008481],[-8.553439,41.008221],[-8.552782,41.007788],[-8.552508,41.007602],[-8.551838,41.007246],[-8.551312,41.006924],[-8.550951,41.006695],[-8.550547,41.006331],[-8.550051,41.00592],[-8.549462,41.005532],[-8.548065,41.004595],[-8.546481,41.003587],[-8.545584,41.00309],[-8.543656,41.002114],[-8.542949,41.001737],[-8.542572,41.001517],[-8.542451,41.001414],[-8.542339,41.001312],[-8.542255,41.001195],[-8.542087,41.000932],[-8.541813,41.000344],[-8.541498,40.999811]]}},{"type":"Feature","properties":{"source":"caminho-do-centenario.kml"},"geometry":{"type":"LineString","coordinates":[[-8.541522280179493,40.99980107116562],[-8.541295151065857,40.99938827930423],[-8.541253206051385,40.99941647661555],[-8.541200875329269,40.99937349364652],[-8.541233874860056,40.99932044345223],[-8.541223454873574,40.9992786476617],[-8.541183,40.99918],[-8.540622023548192,40.99806960410238],[-8.540293905833863,40.99745509148839],[-8.540240053979886,40.99744690498591],[-8.540176934374664,40.99745845959552],[-8.540147798594186,40.99739453496219],[-8.540184758246735,40.99737947269923],[-8.540217129433994,40.99734466262417],[-8.540205045061013,40.99727926735935],[-8.540118,40.997092],[-8.540062,40.996963],[-8.539974,40.996728],[-8.539918,40.996531],[-8.539587,40.99533],[-8.539492,40.995227],[-8.539396,40.995206],[-8.539311,40.995194]]}},{"type":"Feature","properties":{"source":"caminho-do-centenario.kml"},"geometry":{"type":"LineString","coordinates":[[-8.539194284398624,40.99505447706441],[-8.53851413294096,40.9937815346057]]}},{"type":"Feature","properties":{"source":"caminho-do-centenario.kml"},"geometry":{"type":"LineString","coordinates":[[-8.53851602357363,40.99378310421941],[-8.538586686694615,40.99374970024314],[-8.538551716331579,40.99367783933457],[-8.538501136254682,40.99367423905836],[-8.538467513742898,40.99364752779874],[-8.53839454423839,40.99349569643204],[-8.538265870969509,40.99322647510152],[-8.538023127018,40.99273045454944],[-8.537957679904082,40.99264471921151]]}},{"type":"Feature","properties":{"source":"caminho-do-centenario.kml"},"geometry":{"type":"LineString","coordinates":[[-8.53788209473197,40.99264346708196],[-8.537748228684023,40.99226061483863],[-8.53755659560356,40.99173718266769],[-8.537398486291787,40.99136642130052],[-8.537208003618531,40.99093297673097],[-8.536954916446073,40.99028953113926]]}},{"type":"Feature","properties":{"source":"caminho-do-centenario.kml"},"geometry":{"type":"LineString","coordinates":[[-8.536952238838296,40.99028751706778],[-8.536782,40.990018],[-8.53654,40.989473],[-8.536329,40.989],[-8.536176,40.988475],[-8.536039,40.98795],[-8.536016,40.987836],[-8.535824,40.987324],[-8.535688,40.986872],[-8.535593,40.986614],[-8.535481,40.986223],[-8.535345,40.985845],[-8.535264020015669,40.98558161050559]]}},{"type":"Feature","properties":{"source":"caminho-do-centenario.kml"},"geometry":{"type":"LineString","coordinates":[[-8.535351662024599,40.98540250644846],[-8.535353283707117,40.98540005814076],[-8.535486260453983,40.98533150571758],[-8.535594912147713,40.98523846994645],[-8.535635453945233,40.98513686486645],[-8.535637075607637,40.98513564070874],[-8.53565977931695,40.98496793083797],[-8.535883415666358,40.98440603437368],[-8.535890760169675,40.98426373344724],[-8.535813496229808,40.98409000758949],[-8.535647203899313,40.98385542811938]]}},{"type":"Feature","properties":{"source":"caminho-do-centenario.kml"},"geometry":{"type":"LineString","coordinates":[[-8.535669307099893,40.98383860804794],[-8.535620724892585,40.98375547986094],[-8.535565665282164,40.98368090899466],[-8.535508986486057,40.98356599638689],[-8.535486315119993,40.98343885878989]]}},{"type":"Feature","properties":{"source":"caminho-do-centenario.kml"},"geometry":{"type":"LineString","coordinates":[[-8.535459563045777,40.98343225378296],[-8.53517693455041,40.98253012478163]]}},{"type":"Feature","properties":{"source":"caminho-do-centenario.kml"},"geometry":{"type":"LineString","coordinates":[[-8.535142675051322,40.98252945295671],[-8.53505599834455,40.98224010191232]]}},{"type":"Feature","properties":{"source":"caminho-do-centenario.kml"},"geometry":{"type":"LineString","coordinates":[[-8.535043129698641,40.98224590323485],[-8.534385528184819,40.98199439226371]]}},{"type":"Feature","properties":{"source":"caminho-do-centenario.kml"},"geometry":{"type":"LineString","coordinates":[[-8.53442457846494,40.98193232260515],[-8.534300489642291,40.98120926856765]]}},{"type":"Feature","properties":{"source":"caminho-do-centenario.kml"},"geometry":{"type":"LineString","coordinates":[[-8.53430080668926,40.98121238184308],[-8.53430080808787,40.98117759098425],[-8.534320897649755,40.98114815306486],[-8.53432326106387,40.98114636896448],[-8.534384709144504,40.98111425578249],[-8.53443079463229,40.98110444403969],[-8.53441779961024,40.98101791273445],[-8.534349263081968,40.9810134508161],[-8.534305542669689,40.98098222728977],[-8.534269842513906,40.98085817096657],[-8.534131044676423,40.98056054684592],[-8.533982153634927,40.98004979831183],[-8.533958238046957,40.97998184300722]]}},{"type":"Feature","properties":{"source":"caminho-do-centenario.kml"},"geometry":{"type":"LineString","coordinates":[[-8.533962731727025,40.97998658779465],[-8.533911310500049,40.97998343888556],[-8.533872399035868,40.97994147027335],[-8.533840434820624,40.97993307590799],[-8.533775115170725,40.97994671356881],[-8.533765385265673,40.97997818897824],[-8.533736198875847,40.98000441788526],[-8.533668099409342,40.98002225214279],[-8.533441566082525,40.98004427831806]]}},{"type":"Feature","properties":{"source":"caminho-do-centenario.kml"},"geometry":{"type":"LineString","coordinates":[[-8.533428644641518,40.98004219267498],[-8.53288332506791,40.98004334084529],[-8.532840502919752,40.98000119196361],[-8.531970610750536,40.98000545661804],[-8.531883007922813,40.97994473833603],[-8.531780157982618,40.97995214032657],[-8.531777469898383,40.98001460768472],[-8.531599342117998,40.9800256776473],[-8.531586799212494,40.98002565729784],[-8.531320886704181,40.98001575803887],[-8.531208890617197,40.97999276941721],[-8.531145020607466,40.97997398802502],[-8.531042064128393,40.97992089812399],[-8.530730047915657,40.97964367446451],[-8.530566224850332,40.97948466352698],[-8.530494065193494,40.97940810279554],[-8.530480413244563,40.97937276703896],[-8.530495752453666,40.97932903333268],[-8.530556715122138,40.97930587901929],[-8.530497496996816,40.97924565132065],[-8.530370412454676,40.97926513986682],[-8.530288006034867,40.97924415270207],[-8.530085465438372,40.97910473720231]]}},{"type":"Feature","properties":{"source":"caminho-do-centenario.kml"},"geometry":{"type":"LineString","coordinates":[[-8.530050026863218,40.97912630417277],[-8.529651,40.978799],[-8.529509,40.978673],[-8.528998,40.978363],[-8.528696,40.978143],[-8.528308,40.977853]]}},{"type":"Feature","properties":{"source":"caminho-do-centenario.kml"},"geometry":{"type":"LineString","coordinates":[[-8.528319,40.977852],[-8.527569,40.977293],[-8.527404,40.977146],[-8.527285,40.977],[-8.52681,40.976169],[-8.526746,40.975967],[-8.526638,40.975574],[-8.526479794937341,40.975023796107]]}},{"type":"Feature","properties":{"source":"caminho-do-centenario.kml"},"geometry":{"type":"LineString","coordinates":[[-8.526482874874535,40.9750256962449],[-8.526233,40.973978],[-8.526187,40.973971]]}},{"type":"Feature","properties":{"source":"caminho-do-centenario.kml"},"geometry":{"type":"LineString","coordinates":[[-8.526196,40.973979],[-8.526121,40.973659],[-8.525883,40.972769],[-8.525865,40.972686],[-8.525958,40.972656],[-8.525878,40.972393],[-8.525733,40.972183]]}},{"type":"Feature","properties":{"source":"caminho-do-centenario.kml"},"geometry":{"type":"LineString","coordinates":[[-8.525735281083803,40.97215937432556],[-8.524842557980932,40.96992573348448]]}},{"type":"Feature","properties":{"source":"caminho-do-centenario.kml"},"geometry":{"type":"LineString","coordinates":[[-8.52486600198476,40.9699241067527],[-8.524670253777266,40.96942507964508],[-8.524438304843107,40.968801267354],[-8.524295373990663,40.96842887372561],[-8.524201343696822,40.96844500916519],[-8.524145781629056,40.96837239573834],[-8.524111589270731,40.96835141835578],[-8.524107315186974,40.9683514183162],[-8.524043204068569,40.96834173597844]]}},{"type":"Feature","properties":{"source":"caminho-do-centenario.kml"},"geometry":{"type":"LineString","coordinates":[[-8.524004738114009,40.96829655421033],[-8.524081671912949,40.96827719151722],[-8.524112,40.968233],[-8.523592,40.967737]]}},{"type":"Feature","properties":{"source":"caminho-do-centenario.kml"},"geometry":{"type":"LineString","coordinates":[[-8.523585,40.967739],[-8.523516,40.967642],[-8.52346,40.967542],[-8.523331,40.967279],[-8.523281,40.967176],[-8.523232,40.96717],[-8.523168,40.967178],[-8.52313,40.967093],[-8.52321,40.96705],[-8.523198,40.966967],[-8.523035,40.966655],[-8.522872,40.96648],[-8.522687,40.966292],[-8.522615,40.966171]]}},{"type":"Feature","properties":{"source":"caminho-do-centenario.kml"},"geometry":{"type":"LineString","coordinates":[[-8.522613,40.966172],[-8.522538,40.965985],[-8.522423,40.965619],[-8.522285,40.965297],[-8.522227,40.965101],[-8.522204,40.964983],[-8.522256,40.964782],[-8.52283,40.96448],[-8.523076,40.964112],[-8.523138,40.96373],[-8.522815,40.963401],[-8.522402,40.962999],[-8.522164,40.962819],[-8.521854,40.962412],[-8.521657,40.961987],[-8.52151,40.961575]]}},{"type":"Feature","properties":{"source":"caminho-do-centenario.kml"},"geometry":{"type":"LineString","coordinates":[[-8.521510608626997,40.96157464442051],[-8.521182480018163,40.96054618733092],[-8.52080428837559,40.95970905337512],[-8.519666736674784,40.95791460635398]]}},{"type":"Feature","properties":{"source":"caminho-do-centenario.kml"},"geometry":{"type":"LineString","coordinates":[[-8.519649393370791,40.95791732025145],[-8.519462420235417,40.95766385791016],[-8.519366816277888,40.95754034268892],[-8.519125256660198,40.95722417082481],[-8.519015306650301,40.95709205165878],[-8.51871478994736,40.95676580802698],[-8.518586398556131,40.95662075674944],[-8.51850403577034,40.9565447327664],[-8.518429516752452,40.95654177050606],[-8.518355,40.956558],[-8.518311,40.956478],[-8.518509,40.956412]]}},{"type":"Feature","properties":{"source":"caminho-do-centenario.kml"},"geometry":{"type":"LineString","coordinates":[[-8.518507,40.956412],[-8.518120937999543,40.95569661104971]]}},{"type":"Feature","properties":{"source":"caminho-do-centenario.kml"},"geometry":{"type":"LineString","coordinates":[[-8.51812093672749,40.95569827673438],[-8.518195937125602,40.95567832200047],[-8.518191561690108,40.95563168186516],[-8.51817287331561,40.95555588644606],[-8.51807475967439,40.95551752931758],[-8.518017635551987,40.95542980092924],[-8.51793913278311,40.95529071574527],[-8.517617047088486,40.95472577891245],[-8.517287604236547,40.95410254711679],[-8.51731654110386,40.9539994057909],[-8.517260810503425,40.95392528079069],[-8.517226170170364,40.95394124526112],[-8.517174234727467,40.95393250180079],[-8.517149252723302,40.95389761934568],[-8.516855636858441,40.95335094229156],[-8.516609694920195,40.95293733414422],[-8.516623188576638,40.95290208541275],[-8.516653425562623,40.95287256970698],[-8.516594831223662,40.95280274316707],[-8.516571711492523,40.95282152383098],[-8.51653260863522,40.95282418942394],[-8.516495324618287,40.95277450634507],[-8.51639768034439,40.95263754264179],[-8.516353368154032,40.95257752186956]]}},{"type":"Feature","properties":{"source":"caminho-do-centenario.kml"},"geometry":{"type":"LineString","coordinates":[[-8.516295766922617,40.95259299916297],[-8.516114,40.952402],[-8.515749,40.951959],[-8.515269,40.951462],[-8.515113,40.95132],[-8.514974,40.951168]]}},{"type":"Feature","properties":{"source":"caminho-do-centenario.kml"},"geometry":{"type":"LineString","coordinates":[[-8.51498,40.951171],[-8.514154,40.950393],[-8.51384989080115,40.95004041736929]]}},{"type":"Feature","properties":{"source":"caminho-do-centenario.kml"},"geometry":{"type":"LineString","coordinates":[[-8.513952234255322,40.94998755443623],[-8.51346929470868,40.94950730102381],[-8.513064777155185,40.94910003305797],[-8.512927272233107,40.9489438219326],[-8.512948971973001,40.94885920539026],[-8.512914648782772,40.94880597365496],[-8.512842367435024,40.94881278996693],[-8.512761056076139,40.94879230874139],[-8.512480545170664,40.94850024540717],[-8.512382834481285,40.94832744985233],[-8.512216619603613,40.94817665224813],[-8.512232916572568,40.94810461953713],[-8.51226316077305,40.9480817827213],[-8.51218873780845,40.94801325338646],[-8.512123602270886,40.94803257228374],[-8.51205382229271,40.94801148082626],[-8.511778571898754,40.94774260274409],[-8.51172358267446,40.94771767364848],[-8.511522896940798,40.94750373002852],[-8.511176377873667,40.94704752177163],[-8.511186278676906,40.94699768353993],[-8.511219291769676,40.94695166675365],[-8.51116599549745,40.9468730413889],[-8.511102526837492,40.94687686868203],[-8.511018773471909,40.94676372375507],[-8.510346890553478,40.94576568103876],[-8.50967905547256,40.94477760544316],[-8.50934820869036,40.94426439519677],[-8.509174215845348,40.94402992837564],[-8.509038874470061,40.9437533618534],[-8.508932987664988,40.94348066557955],[-8.508807187154378,40.94302765043196],[-8.508801853080048,40.94295547368561],[-8.508878800668148,40.9428956356242],[-8.50885093385611,40.94282132179816],[-8.508780076565346,40.94282559576327],[-8.50874496617605,40.9427279648418],[-8.508643012189996,40.94219404235129],[-8.50837674289829,40.941041771074],[-8.508196605933646,40.94042430788675],[-8.508190955991012,40.94031009152877],[-8.508243174514368,40.94017428623719],[-8.508303705006405,40.94005557971388],[-8.508349529715574,40.94001278115425],[-8.508296073956673,40.93996258577822],[-8.508256534810217,40.93988506696063],[-8.508161271231032,40.93987404513059],[-8.50810180332731,40.9397994009723],[-8.508001453999013,40.93951793124635],[-8.507815762601595,40.93867028071343],[-8.507704179063236,40.93822635823967],[-8.507708289449457,40.93823732247142],[-8.507406200406916,40.9375541027563],[-8.507017676732303,40.93689840783406],[-8.506676565541131,40.93640188093433],[-8.506124109788406,40.93575470637414],[-8.505669558011657,40.93528848591871],[-8.505665602287248,40.93526363344566],[-8.505655725056835,40.93524681856135],[-8.505315022962739,40.93484357493001],[-8.505157493708607,40.93465252289253],[-8.505045981732843,40.93442188566785],[-8.504897179632122,40.93390112658123],[-8.504738455276215,40.93329298803662],[-8.504840544433481,40.9331107379337],[-8.504782916021039,40.93301259223478],[-8.504847580852049,40.93294046674436],[-8.505031931301986,40.93271838261683],[-8.505031931290395,40.93271461848234],[-8.50498708867806,40.93241725174311],[-8.50489347210207,40.9318971342782],[-8.504850168583099,40.9316329707733],[-8.504747643736577,40.93122829780513],[-8.50471207400092,40.93122355552595],[-8.50451182642262,40.93040505310785],[-8.504570139642693,40.93039433691423],[-8.504553686962016,40.93032210920246],[-8.504644345120976,40.93029277602901],[-8.504668846086412,40.93024164727846],[-8.504746437037845,40.93020987225676]]}},{"type":"Feature","properties":{"source":"caminho-do-centenario.kml"},"geometry":{"type":"LineString","coordinates":[[-8.504704302915515,40.93012590812425],[-8.505566981688201,40.92988139524021],[-8.506379330035662,40.92964104258259],[-8.50682769165906,40.92946207412859],[-8.50730988767044,40.92917125083842],[-8.507745395519104,40.9289267339654],[-8.507747704367477,40.92888832901669],[-8.507743082257841,40.92886563533568],[-8.507851675154347,40.92879929679051],[-8.508075793349978,40.92869105852155],[-8.508487685842702,40.92845648594344],[-8.50950662612738,40.92783791156609],[-8.509866050006329,40.92763365826799],[-8.51027719031053,40.9273764818364],[-8.510247222404614,40.92730856981074]]}},{"type":"Feature","properties":{"source":"caminho-do-centenario.kml"},"geometry":{"type":"LineString","coordinates":[[-8.510245258821277,40.92730038806255],[-8.510097707626874,40.9272659226552],[-8.509885776905692,40.92723145405152]]}},{"type":"Feature","properties":{"source":"caminho-do-centenario.kml"},"geometry":{"type":"LineString","coordinates":[[-8.509879993548159,40.92723084090733],[-8.50971890861359,40.92716812992985],[-8.509473315873423,40.92704706919324],[-8.509204311365005,40.92691322489921]]}},{"type":"Feature","properties":{"source":"caminho-do-centenario.kml"},"geometry":{"type":"LineString","coordinates":[[-8.509210979351778,40.92691649221895],[-8.509204294267372,40.92691144159431],[-8.508743028542217,40.92660840389615],[-8.508489000650135,40.92644846697165],[-8.508482315636751,40.92644004914269],[-8.508341932060818,40.92634071932184],[-8.508324105642856,40.92633061800654],[-8.508188179590382,40.92627506096498],[-8.50785261819616,40.9261629132359],[-8.507439234755903,40.92587637108777],[-8.506637736806162,40.92544157722004],[-8.506071421718959,40.92497592553807],[-8.505862766211536,40.924752010581],[-8.505525842905861,40.9242952866475],[-8.505114784044602,40.923849892258],[-8.504847554047162,40.92370485609865],[-8.504676247050662,40.9236323309906],[-8.503840402316516,40.92289169795903]]}},{"type":"Feature","properties":{"source":"caminho-do-centenario.kml"},"geometry":{"type":"LineString","coordinates":[[-8.50384895931148,40.9228873018735],[-8.503603358367858,40.92275557333637],[-8.503394661881815,40.92264788237917],[-8.503201662038897,40.92254697346359],[-8.502982471181722,40.92237868023313],[-8.502763282136957,40.92214627516101],[-8.502604696747868,40.9219220213407],[-8.502584855586074,40.92184751901196],[-8.502594552214644,40.92179989845843],[-8.502630104304046,40.9217657095892],[-8.502578394030463,40.92169610971136],[-8.502529914296526,40.92171930906302],[-8.50250729079961,40.92170587737628],[-8.502470124336734,40.92164360379882],[-8.502151940620568,40.9211455934656],[-8.501974567728604,40.92094064172663],[-8.501950876159857,40.92089246615946],[-8.501970529573743,40.92086411667761],[-8.501909786600223,40.92079526630995],[-8.50184725495654,40.9208087652455],[-8.501806561658158,40.92079390843423],[-8.50159215172549,40.92059907544392],[-8.501241819695535,40.92029154404853]]}},{"type":"Feature","properties":{"source":"caminho-do-centenario.kml"},"geometry":{"type":"LineString","coordinates":[[-8.50117777744808,40.92037670799817],[-8.500824903964215,40.9200597086014],[-8.500731678073619,40.9200462195374],[-8.500725727492261,40.92004771834501],[-8.500662254586809,40.92007020043855],[-8.500525391039634,40.92001624353428],[-8.500519440500023,40.91987235836801],[-8.500491711475387,40.9197644534971],[-8.499558115918314,40.91894832732591],[-8.49926672513652,40.9186590536639],[-8.498925727693928,40.91836613283875],[-8.498712658808783,40.91817196581285],[-8.498653965444674,40.91817933497782],[-8.498362662285569,40.91791758181157],[-8.4982883835838,40.91783181690344],[-8.498194483218896,40.91782143014283],[-8.498069345280115,40.9177223380845],[-8.498139814453452,40.91767506756151],[-8.497738700669244,40.91732331098066],[-8.497613044463943,40.91720334599821],[-8.49710036808846,40.91674429461901],[-8.496696423006346,40.91639389184223],[-8.496653145425888,40.9163722262597],[-8.496607363444221,40.91637848187826],[-8.496584869557859,40.91636912249688],[-8.496522230279684,40.9163259495816],[-8.496556940071295,40.91627356083459],[-8.496523627668278,40.91623751655387],[-8.496030148516416,40.91582253884806],[-8.495907282936157,40.91582248474774],[-8.495802419508946,40.9157121942499],[-8.495845493004985,40.91565149195599],[-8.495540629510167,40.91539378043542],[-8.494480030744235,40.91443146200496],[-8.49432743369282,40.91427638127594],[-8.494278496466519,40.91428055002944],[-8.494242053633288,40.9142349926947],[-8.494272204952958,40.91421343407596],[-8.494199320843151,40.91412112149703],[-8.494112727401284,40.91398084481123],[-8.494013883128847,40.91376014638571],[-8.49390212258299,40.91341169218688],[-8.493854914614754,40.9131707224045],[-8.493890274511575,40.91289025552095],[-8.493981221121649,40.91254040151833],[-8.493987773069803,40.91244498149306],[-8.493919495758517,40.91238455490035],[-8.493879679557262,40.91236369861593],[-8.493931831587686,40.91228500433943],[-8.494040280585418,40.91227411617864],[-8.494112184315249,40.9122451817289],[-8.494266297829679,40.9120269524783],[-8.494309756632504,40.91182736254753],[-8.494229707871884,40.91171403492484],[-8.494187050592455,40.91165593196095],[-8.494281033078929,40.91160864891008],[-8.4943550244984,40.91164095125196],[-8.494446118823543,40.91164314452659],[-8.494514467604098,40.9116066063296],[-8.494514470873723,40.91160230399501],[-8.494603,40.911444],[-8.49519,40.910444],[-8.495268872070765,40.91026459589902],[-8.495245331210594,40.91016196072113],[-8.49515975275701,40.9101150729023],[-8.495078586782878,40.91008714948472],[-8.495068250268224,40.91009160679872],[-8.495057964626536,40.91003025050507],[-8.495171661516618,40.91000393550314],[-8.495273260585176,40.9099783909685],[-8.495324093658038,40.90991992760642],[-8.495333862819267,40.90979382556704],[-8.4953315533153,40.90964944490392],[-8.495331549179518,40.90965492763127],[-8.495362945454229,40.90871726986659],[-8.495352891525119,40.90861003667237],[-8.49528537014746,40.90854873333284],[-8.495224566347025,40.90853849383999],[-8.495201926054234,40.90853258666386],[-8.495197858518656,40.90848294331467]]}},{"type":"Feature","properties":{"source":"caminho-do-centenario.kml"},"geometry":{"type":"LineString","coordinates":[[-8.554805671720501,41.00966828411006],[-8.554940299647669,41.00982322971976]]}},{"type":"Feature","properties":{"source":"caminho-do-centenario.kml"},"geometry":{"type":"LineString","coordinates":[[-8.49518,40.908474],[-8.495187,40.908437],[-8.495172,40.908374],[-8.49518,40.908337],[-8.495275,40.908311],[-8.495358,40.908268],[-8.495354,40.908102],[-8.495372,40.907337],[-8.4954,40.906439],[-8.495386,40.90638],[-8.4954,40.906285],[-8.495391,40.906138],[-8.495401,40.905299],[-8.495388,40.90523],[-8.495345,40.905187],[-8.495345,40.905112],[-8.495358,40.905069],[-8.495405,40.90501],[-8.495419,40.904761],[-8.49540494701219,40.904171700504],[-8.49532471190634,40.90414768442629],[-8.495344770137606,40.90408954724125],[-8.49541162499046,40.90409207458778],[-8.495436692107562,40.90406806423255],[-8.495445038322881,40.90400236104006],[-8.495449999721362,40.90368666766908],[-8.495446,40.902951],[-8.495443183702024,40.90276790826241],[-8.495384514213766,40.90276474160223],[-8.495374739129634,40.90272146554389],[-8.495409658604586,40.90270880060103],[-8.495434799249681,40.90269085967817],[-8.49541943501172,40.90263809938693],[-8.495397,40.902592],[-8.495392,40.902586],[-8.495244,40.902337],[-8.494987,40.90205],[-8.494462,40.901512],[-8.493818,40.900838],[-8.493487856205048,40.9004642765299],[-8.493145086554595,40.90000515984099],[-8.492853135100733,40.89968465791821],[-8.492616685583087,40.89943529883435],[-8.492484778803417,40.89931482506233],[-8.49244630010512,40.89909879116448],[-8.492391335119667,40.89897831213684],[-8.492215454455014,40.89871242917351],[-8.492083544813635,40.8984423909023],[-8.491830650711675,40.89771077155701]]}},{"type":"Feature","properties":{"source":"caminho-do-centenario.kml"},"geometry":{"type":"LineString","coordinates":[[-8.491828,40.897708],[-8.491697783271665,40.89774015423239],[-8.491641151697085,40.89758965389513],[-8.491668,40.897506],[-8.491790601789786,40.89746558416898],[-8.491525598823774,40.89703128182038],[-8.491163127040176,40.8964457477283],[-8.491104781665126,40.89634232042761],[-8.490998761564077,40.89613543019329],[-8.490912990673458,40.89592946734358],[-8.49084128439875,40.89566896894527],[-8.49084825285691,40.89567777455557],[-8.490764383920933,40.89530597415452],[-8.490700050498765,40.89487951108553],[-8.490615410360347,40.89422544536731],[-8.490656231624245,40.8941792991326],[-8.490620104693997,40.89413136126382],[-8.490554471455994,40.89412958033803],[-8.490498067544332,40.89402858623761],[-8.490111311894715,40.89369065560583],[-8.489656767498044,40.89332154859677],[-8.48965233909506,40.89328071262219],[-8.489695199740803,40.89322631549663],[-8.48976950669723,40.89320597770595],[-8.489726936333277,40.89309875508722],[-8.489618228895255,40.89307136210586],[-8.489451703891849,40.89300105857803],[-8.489283348112192,40.89298399758611],[-8.489281627459201,40.89298529460307],[-8.489219,40.892936],[-8.489014,40.892731],[-8.488924,40.892192],[-8.488918078689382,40.89203706952497],[-8.488960376037516,40.89172587765273],[-8.48904663103571,40.8910063427039],[-8.489085897302338,40.89078405445386],[-8.489140429523147,40.8903994907513],[-8.489214773442518,40.88988898116939],[-8.489268719633213,40.88988734487839],[-8.489332338317922,40.88905297999715],[-8.489256573238302,40.88902619032013],[-8.489226654753134,40.88897992768163],[-8.489211648376493,40.88866465042416],[-8.489192728131371,40.8879321312324],[-8.48917489776294,40.88774905003942],[-8.489226234604937,40.88725380446999],[-8.489234,40.887119],[-8.489281,40.887046],[-8.489388,40.887015],[-8.489532,40.887015],[-8.489544,40.887013],[-8.489676,40.886994],[-8.489654,40.886894],[-8.489638,40.886814],[-8.48967,40.886653],[-8.489701,40.886525],[-8.489642,40.886383],[-8.489529,40.886193],[-8.489329,40.885923],[-8.489294,40.885873],[-8.489297,40.885826],[-8.489473,40.885739],[-8.489342,40.885548],[-8.489437,40.885221],[-8.489601,40.884687],[-8.489661025350594,40.88453476431773],[-8.489787593198496,40.88414537873568],[-8.489986775832323,40.88353977622347],[-8.490033576475835,40.88350810977786],[-8.49011631092009,40.88350075201722],[-8.490104146621391,40.88340692583288],[-8.490058520979387,40.88338849107403],[-8.490053519374516,40.88334499476582],[-8.490166088393392,40.88303674010742],[-8.490292955257146,40.88258490011005],[-8.490344485477937,40.88255656687138],[-8.49041943858386,40.88250875433368],[-8.490454573455231,40.88245562868936],[-8.490482683085984,40.88232281385525],[-8.49092999676914,40.88095076678152],[-8.490803472729873,40.88090293496781],[-8.490713,40.880887],[-8.490775,40.880654],[-8.49084,40.880631],[-8.490896,40.880491]]}},{"type":"Feature","properties":{"source":"caminho-do-centenario.kml"},"geometry":{"type":"LineString","coordinates":[[-8.490875,40.88057],[-8.491176,40.879539],[-8.49138,40.878976],[-8.491386,40.878852],[-8.491377,40.878717],[-8.491362,40.87848],[-8.491295,40.87836],[-8.491308,40.878145],[-8.491311,40.877969],[-8.491343,40.877757],[-8.491379,40.877606],[-8.491423,40.877535],[-8.491547,40.877163],[-8.491562859803327,40.87694392658232],[-8.491529948573644,40.87662540127314],[-8.491465790808554,40.87627588481816],[-8.491428013720906,40.87608085997834]]}},{"type":"Feature","properties":{"source":"caminho-do-centenario.kml"},"geometry":{"type":"LineString","coordinates":[[-8.491417592465089,40.87607889002531],[-8.491362388254345,40.87584890776447],[-8.491284986070394,40.87557661003356],[-8.49120436934323,40.87537048722484]]}},{"type":"Feature","properties":{"source":"caminho-do-centenario.kml"},"geometry":{"type":"LineString","coordinates":[[-8.491207,40.875376],[-8.491115841839372,40.87518965460031],[-8.490941,40.874416],[-8.490839330905702,40.87423453249033],[-8.490680617240292,40.87408215657703],[-8.490489805239532,40.87390281133332],[-8.49038102474515,40.87381516110079],[-8.490322812342791,40.8735020631626],[-8.490322772069018,40.87326517484193],[-8.490263227809484,40.87313810408213],[-8.49021,40.873105],[-8.490145,40.873122],[-8.490125,40.873159],[-8.490065,40.873142],[-8.490156,40.872901],[-8.490162,40.872835],[-8.490136,40.8728]]}},{"type":"Feature","properties":{"source":"caminho-do-centenario.kml"},"geometry":{"type":"LineString","coordinates":[[-8.49014,40.872805],[-8.489832,40.872535],[-8.4896,40.872349],[-8.488946,40.871948],[-8.488609,40.871618],[-8.488343,40.87129],[-8.488108,40.87095],[-8.488002644352129,40.87050824262713],[-8.487515992499453,40.86999194169178],[-8.487381384603642,40.86973973825409]]}},{"type":"Feature","properties":{"source":"caminho-do-centenario.kml"},"geometry":{"type":"LineString","coordinates":[[-8.487372041814421,40.8697386303453],[-8.486999453618635,40.86958798789727],[-8.48709977003134,40.86937562936137],[-8.487068305536132,40.86915346503039],[-8.486896886612156,40.86883153654737],[-8.485935951995877,40.86821548224882],[-8.485625319883276,40.86786268745065],[-8.485399135658726,40.86739525948394],[-8.484928390268387,40.86681413270394],[-8.484947436470732,40.86603199447411],[-8.484983,40.865746]]}},{"type":"Feature","properties":{"source":"caminho-do-centenario.kml"},"geometry":{"type":"LineString","coordinates":[[-8.48498950881635,40.86574204831764],[-8.485031898288453,40.86555688738932],[-8.48500600338622,40.86552839969099],[-8.484963627928737,40.86551059392387],[-8.484963634129967,40.86542157368458],[-8.484994427877318,40.86527178451792],[-8.485008085124372,40.8652207093695],[-8.485106752774293,40.86516737678743],[-8.485227044006256,40.86511234981423],[-8.485295661201343,40.86501252702247],[-8.485360045519869,40.8649158690175],[-8.485456796939895,40.86484362148593],[-8.485386629503633,40.86475312224518],[-8.485280512031764,40.86481786592979],[-8.485173557587864,40.8648445280673],[-8.485171072126136,40.86484629010559],[-8.485120843718404,40.86483970963874],[-8.48508642327121,40.86480255969645],[-8.485128549300157,40.86472351301636],[-8.485214874160276,40.86462377194019],[-8.485269492529353,40.86449521787498],[-8.485281970173482,40.86435171422351],[-8.485227650287863,40.86396442947105],[-8.485231964359873,40.86361415134586],[-8.485194170520943,40.86311998080826],[-8.485186210481995,40.86291166752439],[-8.48516882870202,40.86257240463069],[-8.485159246406663,40.8624217770842],[-8.485192316616853,40.86234549956951],[-8.485247928682725,40.862278533854],[-8.485248098037026,40.8622748125872],[-8.485306974933515,40.86224276611997],[-8.485372509751027,40.86220420088167],[-8.485343112722155,40.86212801348389],[-8.485318833689421,40.86213160081067],[-8.485235121793306,40.86211302778081],[-8.485231939644741,40.86211045828271],[-8.485171645040602,40.86208073838493],[-8.48513613251728,40.86203740951714],[-8.48512567621043,40.86190387324724],[-8.485118031109867,40.86178121253703]]}},{"type":"Feature","properties":{"source":"caminho-do-centenario.kml"},"geometry":{"type":"LineString","coordinates":[[-8.485109602052646,40.86177924390859],[-8.485086026866862,40.86123226607754]]}},{"type":"Feature","properties":{"source":"caminho-do-centenario.kml"},"geometry":{"type":"LineString","coordinates":[[-8.485084734056553,40.86123148044341],[-8.485074085909638,40.8611299481482],[-8.485064356915908,40.86107040297385],[-8.485056041022993,40.86100892843947],[-8.485065326094684,40.86097121616723],[-8.485091451386525,40.86092014634505],[-8.485122277699057,40.86088770952497],[-8.48506330560445,40.86086642290006],[-8.485052228204482,40.86088662055822],[-8.48502512538926,40.86090805012331],[-8.48499432675079,40.86090245978829],[-8.48497707955461,40.86087450815997],[-8.48497707964219,40.86081394631727],[-8.485004182513467,40.86073102312945],[-8.48506824364095,40.86062294329214],[-8.485362663430758,40.86020724953809],[-8.485616258718677,40.85983518920406]]}},{"type":"Feature","properties":{"source":"caminho-do-centenario.kml"},"geometry":{"type":"LineString","coordinates":[[-8.485617474298973,40.85983369889695],[-8.485796591263014,40.85958071075978],[-8.485939020537268,40.85936363053472],[-8.486021024517685,40.85919877996694],[-8.486021024475829,40.85919551561086],[-8.486087921749238,40.85901271066604],[-8.486117790280028,40.85884915820402],[-8.486104174476493,40.85857632783171],[-8.486083754038622,40.85841417334477],[-8.485954329851275,40.85808504465404],[-8.485862025521476,40.85790939198671],[-8.485742924469694,40.85770671602894],[-8.485680396987952,40.85762339375359]]}},{"type":"Feature","properties":{"source":"caminho-do-centenario.kml"},"geometry":{"type":"LineString","coordinates":[[-8.485683374478407,40.85762789766299],[-8.485597027184692,40.85749728419093],[-8.485516634999312,40.85734189882168],[-8.485486859803704,40.85721353663546],[-8.485510678781884,40.85711444959123],[-8.485588091438379,40.85698158236152],[-8.48573954988904,40.85688570197014],[-8.485932630997441,40.85682728555402]]}},{"type":"Feature","properties":{"source":"caminho-do-centenario.kml"},"geometry":{"type":"LineString","coordinates":[[-8.485931521962367,40.85683448493332],[-8.486143900902531,40.8567910688135],[-8.486344799593965,40.856730286541],[-8.486471339727995,40.85666547225449],[-8.486510993768468,40.85666208261502],[-8.486514403138214,40.85666208256919],[-8.4865416782531,40.85666595021545],[-8.486589408877983,40.85663113735661],[-8.486560428784127,40.85661437636698],[-8.486553609705156,40.85659761502126],[-8.486727485262698,40.8564583632775],[-8.486778625310166,40.8564235500324],[-8.486797153062298,40.85641675931513],[-8.486822119263863,40.85642856078442],[-8.486882973689152,40.85642855979464]]}},{"type":"Feature","properties":{"source":"caminho-do-centenario.kml"},"geometry":{"type":"LineString","coordinates":[[-8.486886023843452,40.85642457761153],[-8.486917280749015,40.85634269567947],[-8.486977408633297,40.85627718607461],[-8.486979813910144,40.8562753662756],[-8.487119311447685,40.85612978857883],[-8.487201097235488,40.85610066664955],[-8.487239586353022,40.85609520353419],[-8.487244389333885,40.85605517356025],[-8.487217922415278,40.85603152296812],[-8.487233115052437,40.8559964763152]]}},{"type":"Feature","properties":{"source":"caminho-do-centenario.kml"},"geometry":{"type":"LineString","coordinates":[[-8.487235043693364,40.85599673319351],[-8.487377973001252,40.85581927674052]]}},{"type":"Feature","properties":{"source":"caminho-do-centenario.kml"},"geometry":{"type":"LineString","coordinates":[[-8.487379770849602,40.85581859682921],[-8.487618327713525,40.85552910078196],[-8.48764662206188,40.85548782748835],[-8.487691084230827,40.85536400761628],[-8.487695125617332,40.85523865905686],[-8.487664809502363,40.8551133104073],[-8.487592821403211,40.8550076067775],[-8.48748031253438,40.85490741888837],[-8.48747329987089,40.85486896423725],[-8.487487324927637,40.85482785748833],[-8.48741719915102,40.85478675087611],[-8.487382136351167,40.85480531524858],[-8.487354086087905,40.8548079673219],[-8.487324282689995,40.85480266324924]]}},{"type":"Feature","properties":{"source":"caminho-do-centenario.kml"},"geometry":{"type":"LineString","coordinates":[[-8.487320776407032,40.85480664132027],[-8.487155449280921,40.85471061221706],[-8.487039873225246,40.85464261980762],[-8.486889441132083,40.85456630148463],[-8.48672433279621,40.8545024711603],[-8.486309136763385,40.85437861525394],[-8.485944645389553,40.85429453466004],[-8.4851043386516,40.85407141887917],[-8.484737749578773,40.85397898352002],[-8.484512369855109,40.8539447141666],[-8.484202507046296,40.85390913123177],[-8.48381794382357,40.85387354480562],[-8.483196787825863,40.85380377824944],[-8.483141126374784,40.85379367361254],[-8.4831276826895,40.85378604643692]]}},{"type":"Feature","properties":{"source":"caminho-do-centenario.kml"},"geometry":{"type":"LineString","coordinates":[[-8.48312485419794,40.85378490307943],[-8.482888557979557,40.85377307745363],[-8.482568289701659,40.85374056824403],[-8.482283423313001,40.85373759381292],[-8.48194251275096,40.85373067156831],[-8.48154072266428,40.85374446592643],[-8.481260914032854,40.85375259886747],[-8.481045845760244,40.85374391139055],[-8.480954085275062,40.85371787845283],[-8.480919679277703,40.85366365171435],[-8.480850875251356,40.85347060724431],[-8.480813604530486,40.85338601408231],[-8.480716104253254,40.85340986737654],[-8.48073043607948,40.85347493821948],[-8.480716089416623,40.85356603529596],[-8.48065013012997,40.85361374932014],[-8.480566966484758,40.85364627930839],[-8.480450764433998,40.85363942690488],[-8.480346539965392,40.85359267977683],[-8.480280782351597,40.85356872694428]]}},{"type":"Feature","properties":{"source":"caminho-do-centenario.kml"},"geometry":{"type":"LineString","coordinates":[[-8.480266169016307,40.85356872604685],[-8.479776641292968,40.85337526132109]]}},{"type":"Feature","properties":{"source":"caminho-do-centenario.kml"},"geometry":{"type":"LineString","coordinates":[[-8.479783182523596,40.85337003386258],[-8.479777414674738,40.85330241425189],[-8.479680806888087,40.85325769814769],[-8.479624572594895,40.85323152284956],[-8.479545267915942,40.85320861943023],[-8.479509220278107,40.85325333555095],[-8.479478940292678,40.85325878870575],[-8.47935493675299,40.85321080043244],[-8.479062231213424,40.85308319466891],[-8.478465890233707,40.85283321371486],[-8.477778435857642,40.85253867244522],[-8.477647018300976,40.85248639974402],[-8.477554359401882,40.85240978968632],[-8.477494025239427,40.85229732077436],[-8.477457396732499,40.85212454306868],[-8.477256990170453,40.8521229085904],[-8.477224664274004,40.85219462674293],[-8.477139101493172,40.85221911844797],[-8.47705045047054,40.85221336880439],[-8.476898478756857,40.85216163639923],[-8.476652791767535,40.85205625631934],[-8.47588643314663,40.85173542302126]]}},{"type":"Feature","properties":{"source":"caminho-do-centenario.kml"},"geometry":{"type":"LineString","coordinates":[[-8.475889742362032,40.85174043095337],[-8.475724253819832,40.85167032502383],[-8.475489261056255,40.85156516618127],[-8.475340324442802,40.85146501719446],[-8.475226346756633,40.85137170023688],[-8.475160123554822,40.85126964825354],[-8.475113525572308,40.85114718705902],[-8.475113526073818,40.85113976527796],[-8.47511353233266,40.85104699294367],[-8.47511353270759,40.85104142660362],[-8.475142976602134,40.85091525726894],[-8.475211669746827,40.85075569104107],[-8.475246627608232,40.8506439369704],[-8.475249863055241,40.85053161580291],[-8.47523756859584,40.85043996942756],[-8.475187821207154,40.85030114816204],[-8.47518015559254,40.85027208079767],[-8.475206350723125,40.85024566413284],[-8.47519969203939,40.85020522614812],[-8.475154710390644,40.85019521688611],[-8.474906002321754,40.8499430165266],[-8.474895419967051,40.84991899785375]]}},{"type":"Feature","properties":{"source":"caminho-do-centenario.kml"},"geometry":{"type":"LineString","coordinates":[[-8.474901647038271,40.84991488592943],[-8.474940673894928,40.84965468920913],[-8.474960109623284,40.84961854844573],[-8.474981810803218,40.84959608798244],[-8.474894581065014,40.84954336533048],[-8.474809468581823,40.84959164608476],[-8.47471903862531,40.84961310193945],[-8.474628610201421,40.84961309805622],[-8.474538183453271,40.84959029319542]]}},{"type":"Feature","properties":{"source":"caminho-do-centenario.kml"},"geometry":{"type":"LineString","coordinates":[[-8.474539659399058,40.84958927760859],[-8.474236828357174,40.8492999917612],[-8.47409824558188,40.84916602675481],[-8.474026522424156,40.84907738757872],[-8.473931550635953,40.84885076424703],[-8.473840240965718,40.84853017643604],[-8.47361644893574,40.84780386368202],[-8.473579027436761,40.84766521010506],[-8.473514275331912,40.84745973903774],[-8.473442917741826,40.84715599134181],[-8.473433524681676,40.84694237676293],[-8.473458639068287,40.84679759475048],[-8.473549728465292,40.84653779979738],[-8.473569584056063,40.84647886534717],[-8.473611275720664,40.8464788675135]]}},{"type":"Feature","properties":{"source":"caminho-do-centenario.kml"},"geometry":{"type":"LineString","coordinates":[[-8.473598280021857,40.84646843864805],[-8.473611853071182,40.84639044674761],[-8.47367696692536,40.84642123666112],[-8.473698677240506,40.84636787440384],[-8.473801803402006,40.84608669546401],[-8.473728549850351,40.84606001003436]]}},{"type":"Feature","properties":{"source":"caminho-do-centenario.kml"},"geometry":{"type":"LineString","coordinates":[[-8.473731263396209,40.84605590528813],[-8.473782240126456,40.84590735312675],[-8.473842699671666,40.84577721749205],[-8.473905709633314,40.84556028275621],[-8.474110759949053,40.84503812860581],[-8.474139353340068,40.84503658494429],[-8.474145483273647,40.84500259480716],[-8.474127104200134,40.84497478359089],[-8.47418021696585,40.84484036930859],[-8.474194518627085,40.84477856906093],[-8.474200646115742,40.84477393430051],[-8.474208815974592,40.84476929959238],[-8.474253749359944,40.84475385144474],[-8.474280300410252,40.84475076261743],[-8.474298684112012,40.8447214079862],[-8.4742496697783,40.84469050525338],[-8.474226700369636,40.84465542232888],[-8.474214488261122,40.84443893334543],[-8.474236502670667,40.84442783239699]]}},{"type":"Feature","properties":{"source":"caminho-do-centenario.kml"},"geometry":{"type":"LineString","coordinates":[[-8.474235436205051,40.84442896069461],[-8.474194323536501,40.84430259616672],[-8.474042707472439,40.84390041328975],[-8.474011140488,40.84383819647626]]}},{"type":"Feature","properties":{"source":"caminho-do-centenario.kml"},"geometry":{"type":"LineString","coordinates":[[-8.474013052611152,40.84383821615106],[-8.4739313573433,40.84364771857452],[-8.47392826303677,40.84361840393352]]}},{"type":"Feature","properties":{"source":"caminho-do-centenario.kml"},"geometry":{"type":"LineString","coordinates":[[-8.473928700749605,40.84361605750713],[-8.47390134656117,40.8435294108596],[-8.473856821660855,40.84343828601323],[-8.473812298600576,40.84329017542632],[-8.47380731228035,40.84319473591304],[-8.473825696909579,40.84313808468745],[-8.473864351955672,40.84308979414509],[-8.47392647673995,40.84305353812601],[-8.473998414282192,40.84302265880369],[-8.474001821131985,40.8430226955898],[-8.474090370563571,40.8430211271344],[-8.474098760876835,40.84292351511786],[-8.474009622428962,40.84290343350114],[-8.473935062241098,40.84289362701239],[-8.473870034464175,40.84286044277075],[-8.473865220043255,40.84285678663438],[-8.473795628612946,40.84282187408762],[-8.47370959295143,40.84277080506291],[-8.473635999662907,40.84270768038306]]}},{"type":"Feature","properties":{"source":"caminho-do-centenario.kml"},"geometry":{"type":"LineString","coordinates":[[-8.473630695745072,40.842706903193],[-8.47362713795349,40.84262377765333],[-8.473657244108141,40.84248299711427],[-8.473785876283511,40.84227422911002],[-8.473981272954985,40.84206819614351],[-8.474301618138885,40.84187669234797],[-8.475040638605307,40.84140916791147],[-8.47527835569526,40.84130672699214],[-8.475351624174102,40.84130658401855],[-8.4753881223564,40.84131052458205],[-8.47544807214905,40.84125529581212],[-8.475498593581587,40.84116961158917],[-8.475747109303798,40.84110181070369],[-8.476122783530425,40.84106241638366],[-8.476125673389138,40.84106241605783],[-8.476530261760214,40.84110172230507],[-8.477006546149472,40.84119436803586],[-8.47738861408576,40.84125071845214],[-8.477438930663405,40.84123661297107],[-8.477476203872254,40.84123378849598],[-8.477504140185347,40.84114636960342]]}},{"type":"Feature","properties":{"source":"caminho-do-centenario.kml"},"geometry":{"type":"LineString","coordinates":[[-8.4775,40.841138],[-8.47763,40.840812],[-8.477672,40.840671],[-8.477713,40.840536],[-8.477758,40.840182],[-8.4778,40.83961],[-8.477819,40.839402],[-8.477917,40.838752],[-8.477964,40.838473],[-8.47803,40.838144],[-8.478033,40.837676],[-8.478039,40.837512],[-8.478037,40.83722],[-8.478294,40.8365]]}},{"type":"Feature","properties":{"source":"caminho-do-centenario.kml"},"geometry":{"type":"LineString","coordinates":[[-8.478290101001987,40.83650170510568],[-8.47824035539993,40.83647751005786],[-8.47825101553838,40.83639013954665],[-8.478298984535595,40.8363861071659],[-8.478345177970303,40.83602990434599],[-8.478318528983525,40.8359505986415],[-8.478215485581694,40.83586053935867],[-8.478275890806446,40.83580677277282],[-8.478382487936498,40.83576779197795],[-8.47846809902206,40.83547889461668],[-8.478437883347727,40.83527418554574],[-8.478408945924759,40.83509246451553],[-8.478359752571889,40.83486695514019],[-8.47824400383873,40.83454511079607]]}},{"type":"Feature","properties":{"source":"caminho-do-centenario.kml"},"geometry":{"type":"LineString","coordinates":[[-8.478244729457325,40.83454583694458],[-8.478230488867737,40.83444890233304],[-8.478150696391571,40.83427353882217],[-8.478023642618988,40.83400932722583],[-8.47796562056037,40.83386709436289],[-8.477921977313834,40.83378121471521],[-8.477885973811134,40.83376613913977],[-8.477864410119821,40.83376472493362],[-8.477835243022115,40.83371142342909],[-8.47786015239288,40.83367459651424],[-8.477974704093366,40.83358741947304],[-8.478071785628867,40.83349408744982],[-8.478246818874144,40.83330438743849],[-8.478384072252757,40.83316035248118]]}},{"type":"Feature","properties":{"source":"caminho-do-centenario.kml"},"geometry":{"type":"LineString","coordinates":[[-8.47838790159499,40.83316543742477],[-8.478442325371585,40.83315955490605],[-8.478577088841739,40.83304778625824],[-8.478583567840326,40.83303798198824],[-8.478718330725886,40.83284679845752],[-8.478991,40.83227],[-8.479049,40.832077],[-8.479112901970675,40.83118182303037],[-8.479051783660982,40.83117094213979]]}},{"type":"Feature","properties":{"source":"caminho-do-centenario.kml"},"geometry":{"type":"LineString","coordinates":[[-8.479054337711872,40.83109599596615],[-8.479124230070223,40.83108681461583],[-8.47943123111449,40.83033385424437]]}},{"type":"Feature","properties":{"source":"caminho-do-centenario.kml"},"geometry":{"type":"LineString","coordinates":[[-8.479477702732153,40.83034926955104],[-8.479737915160609,40.82953728771468],[-8.479876171050835,40.82881757610377],[-8.47978681650792,40.82784564603819],[-8.479063342888796,40.82719355896075]]}},{"type":"Feature","properties":{"source":"caminho-do-centenario.kml"},"geometry":{"type":"LineString","coordinates":[[-8.47903,40.82718],[-8.479123,40.827096],[-8.479121,40.827037],[-8.47899,40.827024],[-8.478947,40.826996],[-8.478914,40.826915],[-8.478371,40.824979]]}},{"type":"Feature","properties":{"source":"caminho-do-centenario.kml"},"geometry":{"type":"LineString","coordinates":[[-8.47838067893344,40.82494209343771],[-8.478226282927581,40.82433309292818]]}},{"type":"Feature","properties":{"source":"caminho-do-centenario.kml"},"geometry":{"type":"LineString","coordinates":[[-8.478205740961563,40.82432331266679],[-8.478069,40.823824],[-8.478092,40.823778],[-8.478121,40.823723],[-8.478227975748045,40.82363125758952],[-8.478363694150572,40.82352085237149],[-8.478553698775764,40.82330774463066],[-8.478497,40.823278],[-8.478536,40.823059],[-8.478529,40.822898],[-8.478518,40.822772],[-8.478468,40.82271]]}},{"type":"Feature","properties":{"source":"caminho-do-centenario.kml"},"geometry":{"type":"LineString","coordinates":[[-8.478462,40.822713],[-8.47833,40.822671],[-8.47826,40.822614],[-8.478161,40.822516],[-8.478106,40.822453],[-8.478069,40.822391],[-8.478031,40.822338],[-8.477992,40.822269],[-8.47796,40.822199],[-8.477917,40.822117],[-8.477901,40.822069],[-8.477942,40.821858]]}},{"type":"Feature","properties":{"source":"caminho-do-centenario.kml"},"geometry":{"type":"LineString","coordinates":[[-8.47795,40.821852],[-8.477855,40.821459],[-8.477885,40.821298],[-8.477924,40.82084],[-8.478001,40.820602],[-8.478331,40.819819],[-8.478472,40.819496],[-8.478939,40.81914],[-8.479596,40.818705]]}},{"type":"Feature","properties":{"source":"caminho-do-centenario.kml"},"geometry":{"type":"LineString","coordinates":[[-8.479615135052077,40.81869730960606],[-8.480486167054423,40.81803292686299],[-8.48053495248324,40.81787473394596],[-8.480576790289199,40.81741597069394],[-8.480583758037557,40.81741597096331],[-8.480604674452637,40.81722086470479],[-8.480764942811591,40.81705740249699],[-8.48111334306192,40.81682012159165],[-8.481399030118473,40.81663029555851],[-8.481461747116688,40.81649846731479]]}},{"type":"Feature","properties":{"source":"caminho-do-centenario.kml"},"geometry":{"type":"LineString","coordinates":[[-8.48146230234762,40.81650854070023],[-8.48110906834516,40.81638970308843],[-8.480794141815217,40.81626118898983],[-8.480491656114669,40.81585907381946],[-8.48016274516887,40.81535018287342],[-8.480119714748193,40.81511412832872]]}},{"type":"Feature","properties":{"source":"caminho-do-centenario.kml"},"geometry":{"type":"LineString","coordinates":[[-8.480131052619075,40.81510270186507],[-8.480480193909475,40.81466659863715],[-8.48048445171749,40.81466122786392]]}},{"type":"Feature","properties":{"source":"caminho-do-centenario.kml"},"geometry":{"type":"LineString","coordinates":[[-8.480484380578785,40.81465262387056],[-8.480134567471914,40.81433110739199]]}},{"type":"Feature","properties":{"source":"caminho-do-centenario.kml"},"geometry":{"type":"LineString","coordinates":[[-8.480220245367612,40.81427707697627],[-8.48012744486428,40.81410146222046],[-8.48021669577686,40.81399880109683],[-8.480427313171436,40.81395558227809],[-8.48089851565153,40.81399612545629],[-8.481283985948412,40.81406119454012],[-8.48163625060141,40.81430463777747],[-8.481957893698036,40.81434715074626],[-8.482228486873392,40.81428919759079],[-8.482305074153262,40.81417327938773],[-8.482305075505,40.81414236731617],[-8.482345927205841,40.81396075980376],[-8.482351033008223,40.8139530318886],[-8.482391879617667,40.81388734455382],[-8.482493987793033,40.8139143947137],[-8.482504198068737,40.81392985098166],[-8.48269308406653,40.81434716739385],[-8.48276438898495,40.81435485289428],[-8.482906002989134,40.81434294405892],[-8.48306509979773,40.81434029726855],[-8.483262659505444,40.81437602228056],[-8.4835458230193,40.81446089358463],[-8.483661276313626,40.81447658131645],[-8.483911285387368,40.81445408516008],[-8.4841508045782,40.81441174093742],[-8.48435180195928,40.81435277232072],[-8.484554853582395,40.81425134224093],[-8.484737599761933,40.8141483752142],[-8.484928515374323,40.81403058545614],[-8.485087000545,40.81393266452736],[-8.485245483180954,40.81377109660699],[-8.485307330523842,40.81360760280351],[-8.485378830719695,40.81348673821454],[-8.48563963077127,40.81315701363845],[-8.486470692841761,40.81210517985836],[-8.486496606495983,40.81206268331908]]}},{"type":"Feature","properties":{"source":"caminho-do-centenario.kml"},"geometry":{"type":"LineString","coordinates":[[-8.484630759230111,40.81156581256111],[-8.484172949639504,40.81070607862997]]}},{"type":"Feature","properties":{"source":"caminho-do-centenario.kml"},"geometry":{"type":"LineString","coordinates":[[-8.483600637437375,40.80959379875685],[-8.48357401214943,40.80945013217225],[-8.483557641515702,40.80927321589118],[-8.483570453866312,40.8091634436742],[-8.483571071516163,40.80903320528797],[-8.483566208053801,40.80890534650045],[-8.483560532197027,40.80876876526035],[-8.483536024181099,40.80860103163816],[-8.48348292427275,40.80845959798224],[-8.483394955270967,40.80833484324982],[-8.483307095416334,40.8081909599744],[-8.483261479834383,40.80809851476057],[-8.48324997313481,40.80798664843923],[-8.48324699166255,40.80797979341228],[-8.483250654945298,40.80784974763225],[-8.483260868120393,40.80761485347338],[-8.48325522519014,40.80753731141078],[-8.483217962261659,40.80750257542636],[-8.483161955932752,40.80749455594165],[-8.483076612668738,40.80753830029039]]}},{"type":"Feature","properties":{"source":"caminho-do-centenario.kml"},"geometry":{"type":"LineString","coordinates":[[-8.483005023788724,40.80749178922959],[-8.483210911393748,40.80736179633056],[-8.48339290369292,40.80712071475323],[-8.483578027694916,40.80689150929526],[-8.483849261880918,40.80656271508314],[-8.483967638697088,40.80622862146324],[-8.484108241191855,40.80609612098437],[-8.484389101403762,40.80603588321302],[-8.484503026394123,40.80601610476925],[-8.484544884751633,40.80595918599565],[-8.484513670481146,40.8058382018241],[-8.484299713263603,40.80560408868889],[-8.484153428693965,40.80540940281211],[-8.48390888074974,40.80490234099553],[-8.483817736795556,40.80464679056988],[-8.483613128296621,40.80446131507951],[-8.483128259265367,40.80352945654015],[-8.482812802666833,40.80289057329566],[-8.48233336280845,40.80225865774107],[-8.4815112316867,40.80109182037351]]}},{"type":"Feature","properties":{"source":"caminho-do-centenario.kml"},"geometry":{"type":"LineString","coordinates":[[-8.481502863302874,40.80108951070159],[-8.481333663115823,40.80059662369003],[-8.481282389935231,40.80051026638784],[-8.481187749985233,40.80048365586195],[-8.48110122153374,40.80049593653337],[-8.481052550978035,40.80040177844695],[-8.481295912769532,40.80030557588341],[-8.481395961672346,40.80024621621249],[-8.481525755533974,40.80010498004564],[-8.481658826935192,40.79989042981774],[-8.481846057125953,40.79959499080542],[-8.48184893864175,40.79942949799751],[-8.481841132340984,40.79914380667796],[-8.481803703018082,40.79894431690094],[-8.481783119125673,40.79868793101591],[-8.481804379394118,40.79828966651377],[-8.481820136994612,40.79799687045534],[-8.481755674468076,40.7979838572919],[-8.481556556982706,40.79793939541696],[-8.481356006824486,40.79790360856571]]}},{"type":"Feature","properties":{"source":"caminho-do-centenario.kml"},"geometry":{"type":"LineString","coordinates":[[-8.481173153831888,40.7979074923911],[-8.481009201319052,40.79788786904118],[-8.480895260269207,40.79791594347978],[-8.480816340881562,40.79795376634239],[-8.480755200023166,40.79805530712218],[-8.480753161254942,40.79806445901611],[-8.480742918616404,40.79811043750077],[-8.48063571643886,40.79815652933114]]}},{"type":"Feature","properties":{"source":"caminho-do-centenario.kml"},"geometry":{"type":"LineString","coordinates":[[-8.480617202040225,40.79813054679605],[-8.480482852772553,40.79796749547636],[-8.48039492571308,40.79787463185149],[-8.480260471219141,40.79777186832229],[-8.47988413770605,40.79763586381709],[-8.479629288104398,40.79754752493809],[-8.479329565532737,40.79741395083502],[-8.479093221208224,40.7971593955379],[-8.478981264128088,40.79701426243661],[-8.478889812377187,40.79679708321419],[-8.478937535897812,40.79652179165893],[-8.47905430954984,40.7961669935503],[-8.4790865737383,40.79596893858842],[-8.478834186349381,40.79521668809196],[-8.478639164922335,40.79463814307948]]}},{"type":"Feature","properties":{"source":"caminho-do-centenario.kml"},"geometry":{"type":"LineString","coordinates":[[-8.478638596002213,40.79463872010089],[-8.478395602632588,40.79335196113691]]}},{"type":"Feature","properties":{"source":"caminho-do-centenario.kml"},"geometry":{"type":"LineString","coordinates":[[-8.478406522465585,40.79335216393857],[-8.478375898049553,40.79321947426215],[-8.478340584014767,40.79301675682745],[-8.478346623344104,40.79287271113418],[-8.478351170565412,40.79285813886286],[-8.47846305542345,40.79271115270814],[-8.478467300211042,40.79270252315538],[-8.478744690187021,40.79244796510215],[-8.479135473932095,40.79208271292536]]}},{"type":"Feature","properties":{"source":"caminho-do-centenario.kml"},"geometry":{"type":"LineString","coordinates":[[-8.479134309146177,40.79207685482349],[-8.4792615783026,40.79196152841968],[-8.4794152619111,40.79179279693033],[-8.47949416856556,40.79162301274006],[-8.479494310584206,40.79161274716809],[-8.479632233764583,40.79057822778938],[-8.479644525002831,40.79045269799308],[-8.479639264473928,40.79041748430947],[-8.47960352928663,40.79040659418889],[-8.479558915369857,40.79037402412811],[-8.479590304486214,40.79033380238739],[-8.479633966654486,40.7902728919192],[-8.47970720391645,40.79009686067537]]}},{"type":"Feature","properties":{"source":"caminho-do-centenario.kml"},"geometry":{"type":"LineString","coordinates":[[-8.479705286941812,40.790103730483],[-8.479807573727273,40.78990518465959],[-8.480093360580534,40.78953708385172],[-8.480113069107686,40.7894848536357],[-8.480086787146139,40.78942516281582],[-8.480129489569695,40.78933313784371],[-8.480234609377154,40.78931075151338],[-8.480324944779083,40.78922867381182],[-8.481365561626564,40.78790667668764],[-8.481716491235456,40.7877337019246],[-8.48169492321097,40.78749465110737],[-8.481807066695579,40.78736467473792]]}},{"type":"Feature","properties":{"source":"caminho-do-centenario.kml"},"geometry":{"type":"LineString","coordinates":[[-8.481807668677513,40.78736417849918],[-8.481938159210802,40.78725732431165],[-8.481912796956365,40.78723967048375],[-8.48209818937867,40.78709001995943],[-8.48218248238953,40.78699497847533],[-8.482284747491008,40.78693754956705],[-8.48236851605947,40.78689611063761],[-8.482541637933995,40.786806466851],[-8.48272470078877,40.78672130299817],[-8.48283608401866,40.78669773738262],[-8.482911431759137,40.78669029490749],[-8.483112905982992,40.78669277166866],[-8.483265533248037,40.78668568893603],[-8.483497600089102,40.7866635577803],[-8.483647154341774,40.7866427295661],[-8.483761800243096,40.78660180943919],[-8.483831866558905,40.78652654694568],[-8.483928008400234,40.78637462805084],[-8.4840755874433,40.78601511468526],[-8.48425530568125,40.7857429418337],[-8.484364881405554,40.78539277002575],[-8.484604595680045,40.78502399031743],[-8.484720620614425,40.78475845534248],[-8.484681866794283,40.78473587382386],[-8.484719502752743,40.78466054077556]]}},{"type":"Feature","properties":{"source":"caminho-do-centenario.kml"},"geometry":{"type":"LineString","coordinates":[[-8.484722885913364,40.78465816411589],[-8.482524789166654,40.78382293410625],[-8.482425173581984,40.78375828021877],[-8.482406201790006,40.78362717880236],[-8.482490378794253,40.78349071858445],[-8.483004343373558,40.78303609656641],[-8.48322757806644,40.78277978234159],[-8.483534388972071,40.7822652554504],[-8.483588933000926,40.78213619332058],[-8.483554844046916,40.7820690807791],[-8.48363526629078,40.78177478565696],[-8.483674821615086,40.78136547195039],[-8.483669931934815,40.78103390137066],[-8.483698647530925,40.78101759363607],[-8.483744592422267,40.78100563467213],[-8.483740285278136,40.78095562406593],[-8.483702955194872,40.78093822899407],[-8.48367854723397,40.78089474145057],[-8.483677111776466,40.78082733574843],[-8.483675020985217,40.78030784555162],[-8.483652547701203,40.77948702851707],[-8.483717175336217,40.77922952348848],[-8.48390455593868,40.77876149714694],[-8.48484740665651,40.77665157917103],[-8.484914244189998,40.77636527869452],[-8.484910064011265,40.77617388420129],[-8.484892878671914,40.7760218572845],[-8.484717397012151,40.77528383365841],[-8.484753031444246,40.77526572713342],[-8.48478522254769,40.77526466699644],[-8.48479361961563,40.77521485176602],[-8.484719439788428,40.77518623502555],[-8.484687248417519,40.77516185758158],[-8.484651301311319,40.77508656861144],[-8.484278701337063,40.77353330366199],[-8.484296162352678,40.77349964430353],[-8.484343783541888,40.7734647827278],[-8.484334258957917,40.77340948531992],[-8.484262827000908,40.77341910246935],[-8.484240603702627,40.77341669828697],[-8.484229491830565,40.77336380508923],[-8.483913693517653,40.77213950820899]]}},{"type":"Feature","properties":{"source":"caminho-do-centenario.kml"},"geometry":{"type":"LineString","coordinates":[[-8.483907494640652,40.77212502966744],[-8.483780572703312,40.77156196362284]]}},{"type":"Feature","properties":{"source":"caminho-do-centenario.kml"},"geometry":{"type":"LineString","coordinates":[[-8.483792662563625,40.77155280796234],[-8.483883333975763,40.77150703212926],[-8.48385860098155,40.77142469722955],[-8.484117705891528,40.7713061206748],[-8.484356306519235,40.7711677795821],[-8.484462558512307,40.77109860852769],[-8.48446255841041,40.77110284356903],[-8.48480003484225,40.77094748616542],[-8.484936539106421,40.77083471260667],[-8.485035814841064,40.77074699960116],[-8.485044087749253,40.77074386702488],[-8.48531709512226,40.77053084910299],[-8.485499100834772,40.77029590100511],[-8.485586227766982,40.77012988989736]]}},{"type":"Feature","properties":{"source":"caminho-do-centenario.kml"},"geometry":{"type":"LineString","coordinates":[[-8.485591407059946,40.77012732057744],[-8.485779212134288,40.76979759993127]]}},{"type":"Feature","properties":{"source":"caminho-do-centenario.kml"},"geometry":{"type":"LineString","coordinates":[[-8.485857883625359,40.76963509143148],[-8.485982362286839,40.76940242158278],[-8.48601188827628,40.76933760961323],[-8.486007446456899,40.76914204762609]]}},{"type":"Feature","properties":{"source":"caminho-do-centenario.kml"},"geometry":{"type":"LineString","coordinates":[[-8.486006262086418,40.76913972154219],[-8.485975603543643,40.76890735905217],[-8.485937533261616,40.76871581294633]]}},{"type":"Feature","properties":{"source":"caminho-do-centenario.kml"},"geometry":{"type":"LineString","coordinates":[[-8.485933371300021,40.76871096749295],[-8.485899896621062,40.76857291258313],[-8.485797906290061,40.76824539378039],[-8.48569837115239,40.76797087426792],[-8.485461243873297,40.76742243448913],[-8.485384645250523,40.76721743706299],[-8.485348679488254,40.76711010081783],[-8.485273489612908,40.76694921382416]]}},{"type":"Feature","properties":{"source":"caminho-do-centenario.kml"},"geometry":{"type":"LineString","coordinates":[[-8.485272726191512,40.76694498338696],[-8.485177781863042,40.7668327180711],[-8.48502581386024,40.76665367467749],[-8.484967544873536,40.76654761934803],[-8.484940081008803,40.7665109491638],[-8.484910224265894,40.76649866597003],[-8.484872321933912,40.76648548833266],[-8.484786193024597,40.76644877309015],[-8.484772265387253,40.76639602673461],[-8.484862801524391,40.76640130209329],[-8.484897623721228,40.76636965461142],[-8.48489414433225,40.76621932762234],[-8.484901114094876,40.7659424087022],[-8.4849719912009,40.76568033173379],[-8.485341617252118,40.76501196747917],[-8.485452505696804,40.76474601899158],[-8.485392443857473,40.76470402689955],[-8.485415545693597,40.7646445382003],[-8.485494088675605,40.76465853549043],[-8.485569734956673,40.76453749613519],[-8.485882071268659,40.76380210088469],[-8.486050810159467,40.76351383692948],[-8.48654489029788,40.76241658553138],[-8.486611256157119,40.76227190609058],[-8.486611256133298,40.76226921001164],[-8.48685330059644,40.76200229740132],[-8.487095345047852,40.76174886314325],[-8.487548059962059,40.76151380821258],[-8.487559625502533,40.76150996338146]]}},{"type":"Feature","properties":{"source":"caminho-do-centenario.kml"},"geometry":{"type":"LineString","coordinates":[[-8.48756549146177,40.76151083119397],[-8.487664698275596,40.76146144076764],[-8.487716794267715,40.7614223506515],[-8.487774534322334,40.76135737012499],[-8.487793462500068,40.76130177619491],[-8.48779087229294,40.76123572958714],[-8.48775838802968,40.76118798203285],[-8.487702962360446,40.76115841755651],[-8.487582403299571,40.76114988981248]]}},{"type":"Feature","properties":{"source":"caminho-do-centenario.kml"},"geometry":{"type":"LineString","coordinates":[[-8.48765225285615,40.76115284876032],[-8.487652251161805,40.76108108962394],[-8.488315427722032,40.76110751388534],[-8.488385235386602,40.76108485136815],[-8.488504902353737,40.76094888306419],[-8.488684402040871,40.7607147148421],[-8.488752669873778,40.7605951743719],[-8.48878129210906,40.76043976774383],[-8.488786062937413,40.76042531119993],[-8.48890533933546,40.76020484797987],[-8.488914881264858,40.76018316309313],[-8.48894070139696,40.76015692793562],[-8.488974532787228,40.76008956632773],[-8.488899378408659,40.76009050556421],[-8.488911915283877,40.76003263234644],[-8.489009614575684,40.76002220900672],[-8.489033413776554,40.7600127248621],[-8.48913435331599,40.75987234268794],[-8.489345499425196,40.7595292493363]]}},{"type":"Feature","properties":{"source":"caminho-do-centenario.kml"},"geometry":{"type":"LineString","coordinates":[[-8.48935553486191,40.75953202845702],[-8.48949958885716,40.75927518702292],[-8.489641968085618,40.75902485405921],[-8.489794529966247,40.75868170865788],[-8.489887517882634,40.75847713738083],[-8.489926349049286,40.75836984796307],[-8.489930883294095,40.7582697841171],[-8.489921422402356,40.75817515296586],[-8.48988080267989,40.75807364960581],[-8.48966893174939,40.75782346487146],[-8.489477106749616,40.75756483809971],[-8.489329951307404,40.75739977395764],[-8.489282560313216,40.7573834837016],[-8.489219741706478,40.75738187208525],[-8.489201181917393,40.75740781436283],[-8.48917765371025,40.75743277990877],[-8.489102189389158,40.75738639893516],[-8.489169698777129,40.75730000574809],[-8.489174103535067,40.75723886024049],[-8.489071988257184,40.7570232876218],[-8.48900225150501,40.75690502443293],[-8.488997980471034,40.75677297194845],[-8.48901399813294,40.75637463549956],[-8.489049119312526,40.7561007482476],[-8.489080099889438,40.75590195114331],[-8.489148517288566,40.75565884787922]]}},{"type":"Feature","properties":{"source":"caminho-do-centenario.kml"},"geometry":{"type":"LineString","coordinates":[[-8.489134285913137,40.7556683104856],[-8.489039470814374,40.75562522056836],[-8.4889691864064,40.75561005981809],[-8.488976262966489,40.75553497617412],[-8.489146182520786,40.75553228993346],[-8.489195739728803,40.75547597590384],[-8.489199279590407,40.75547329424757],[-8.48931608466419,40.75517295617852],[-8.489323164031372,40.75515954810353],[-8.489369176645802,40.75501206040807],[-8.489369176387648,40.75500669726586],[-8.489255891068272,40.75487798527445],[-8.489202790348072,40.75485385266417],[-8.489234646900757,40.75478413058868],[-8.48933730693685,40.7548028983915],[-8.489381353435707,40.75478262815128],[-8.489396780869159,40.75476444967841]]}},{"type":"Feature","properties":{"source":"caminho-do-centenario.kml"},"geometry":{"type":"LineString","coordinates":[[-8.489396104713677,40.75476418651977],[-8.489428801437075,40.75449065379721]]}},{"type":"Feature","properties":{"source":"caminho-do-centenario.kml"},"geometry":{"type":"LineString","coordinates":[[-8.489468379032326,40.75449727984778],[-8.489543790168582,40.75410171771085],[-8.489573954100694,40.75397747964687],[-8.489573954038974,40.75398176373962],[-8.489671879885005,40.7537210856153]]}},{"type":"Feature","properties":{"source":"caminho-do-centenario.kml"},"geometry":{"type":"LineString","coordinates":[[-8.489671250094545,40.75372217513489],[-8.48977444130768,40.75347649515589]]}},{"type":"Feature","properties":{"source":"caminho-do-centenario.kml"},"geometry":{"type":"LineString","coordinates":[[-8.489772499972627,40.75347318325154],[-8.489854234576882,40.75341799796463],[-8.490463,40.753084],[-8.49073,40.752748],[-8.490868,40.752332],[-8.490833,40.751923],[-8.490649,40.75137],[-8.49052177435142,40.75101979725899],[-8.49062006744972,40.75100324996348]]}},{"type":"Feature","properties":{"source":"caminho-do-centenario.kml"},"geometry":{"type":"LineString","coordinates":[[-8.490602216649432,40.75100614756796],[-8.490465255290578,40.75057900320181],[-8.490490058187744,40.75055623626678],[-8.490427738901053,40.75034513390329],[-8.490401037142059,40.75033568013996],[-8.490304949252904,40.7499116754972],[-8.49029113271552,40.74970701398707],[-8.490274351071296,40.74927895324082]]}},{"type":"Feature","properties":{"source":"caminho-do-centenario.kml"},"geometry":{"type":"LineString","coordinates":[[-8.490274387078513,40.74928450877918],[-8.490274387760897,40.74900750457016],[-8.490270954674262,40.74890476593622],[-8.490270954684213,40.74889956397337],[-8.490289837925614,40.74878382040944],[-8.490289837934718,40.74877731795557],[-8.490289837940123,40.7487734164728],[-8.490319020878308,40.74869928850911],[-8.49034694269058,40.74863693535907],[-8.490439163377358,40.7485204942446],[-8.490555760110936,40.74836634902832],[-8.490646355403094,40.74825386569246],[-8.490684103370286,40.74819857720359]]}},{"type":"Feature","properties":{"source":"caminho-do-centenario.kml"},"geometry":{"type":"LineString","coordinates":[[-8.490683088794594,40.74819829116234],[-8.49073245445615,40.74810530772721],[-8.490754419201593,40.74810698828833],[-8.490847412666723,40.74782269823779],[-8.490866122578902,40.74770160000889],[-8.490846653830399,40.74743940384638],[-8.490811660835107,40.74720567788388]]}},{"type":"Feature","properties":{"source":"caminho-do-centenario.kml"},"geometry":{"type":"LineString","coordinates":[[-8.490812440844124,40.74720657294172],[-8.490789497077088,40.74701947102174],[-8.490825764226921,40.74700324992539],[-8.490869894337457,40.74699759768213],[-8.490859292809091,40.74694786035056]]}},{"type":"Feature","properties":{"source":"caminho-do-centenario.kml"},"geometry":{"type":"LineString","coordinates":[[-8.49085809972643,40.74694997104364],[-8.490774419970965,40.74646093217878],[-8.490679430585587,40.74644738089533],[-8.490633823003536,40.74618866197027],[-8.490556922410333,40.74572665829549],[-8.490523183045411,40.74545983131328],[-8.490538126157318,40.74482114392077],[-8.490601021760025,40.74399147743649],[-8.490650366504815,40.74366534642491],[-8.490655637571777,40.74366135243633],[-8.490710982493294,40.7436014435371],[-8.49072416047273,40.74359545232309],[-8.490850671334758,40.74357348112361],[-8.490848030978693,40.74350958081149],[-8.490753145456564,40.74349161290388],[-8.490681979790564,40.74345567188217],[-8.49065034742043,40.74339376960973],[-8.490647692343742,40.74311420421206],[-8.490695853053902,40.74262621266134],[-8.490739327413046,40.74259944729146],[-8.490801825474051,40.74261179707618],[-8.490842581940313,40.7425767968156],[-8.490703993907934,40.74247386581],[-8.490706692855298,40.7422185818244],[-8.4907389520289,40.74167522334327],[-8.490714536995457,40.74144107449505],[-8.490608784655372,40.74105596211459],[-8.490637079707064,40.74098928942129],[-8.49063948927289,40.74098746357461],[-8.490699729213816,40.74095277187328],[-8.490702138777824,40.74095094602517],[-8.490868403494838,40.74089068927287],[-8.490865993663544,40.74088886362743],[-8.49082743515146,40.7408432215377],[-8.490733458628936,40.74086513451412],[-8.490639480087946,40.74085783542009],[-8.490632250996871,40.74085783571672],[-8.490562366505557,40.74080854333541],[-8.490485241464913,40.74058945631388],[-8.490467894892426,40.74048040398772],[-8.490339079190809,40.74051089315324],[-8.490155082995459,40.73980628704555],[-8.48983553920861,40.73868282865224],[-8.489798657825292,40.7385765846444],[-8.489721723508874,40.73852095001831],[-8.489638146619845,40.73850577752524],[-8.489574639482326,40.73851083250376],[-8.489491052446892,40.73844004627859],[-8.489611291369242,40.73829601735393],[-8.489622421595172,40.73820376636269],[-8.48960835459234,40.73809069278236],[-8.489118441488305,40.73744123714598],[-8.488728089328898,40.73687911542877],[-8.48853742822904,40.73684816730194],[-8.488537407961713,40.73678285532357],[-8.488619093217732,40.73675879903014],[-8.48862363017814,40.73675536231994],[-8.488646296224498,40.73670037815567],[-8.488628128489603,40.73666601662756],[-8.488432949892617,40.73632259717819],[-8.488355841405422,40.73614073033075],[-8.488299115947783,40.73587619987596],[-8.488319200232606,40.73515115505811],[-8.488312832144171,40.7348528110613]]}},{"type":"Feature","properties":{"source":"caminho-do-centenario.kml"},"geometry":{"type":"LineString","coordinates":[[-8.488311381848836,40.73485371275883],[-8.488281608947512,40.73481987216283],[-8.488219085459516,40.73479731150648],[-8.488222063278556,40.73474767894734],[-8.4882816096258,40.73474542328982],[-8.488317337621142,40.73472060719907],[-8.488317338000988,40.7346777427076],[-8.48832032184671,40.73403928660494],[-8.488315556199291,40.73304850759961],[-8.48833934303862,40.7318073101336],[-8.488342857512631,40.73095027680228],[-8.488342858575722,40.73085210102742],[-8.488338811755503,40.73069256518743],[-8.488274036634975,40.73045939657109],[-8.488003813273568,40.72960791919621],[-8.487715980032677,40.72876807326116],[-8.487518890720535,40.72814571295856],[-8.487436771285404,40.72790299158007],[-8.48730587073984,40.72746750422817],[-8.487245796084771,40.72724335169787],[-8.48719034446982,40.72698417460848],[-8.487077690500497,40.72654708035565],[-8.48694920983739,40.72607736732977],[-8.486616494695571,40.72501287574501],[-8.486503276637363,40.72465245601735],[-8.486101113725761,40.72337740636903],[-8.485688396621589,40.72190069260607],[-8.485457914677118,40.72112322631946],[-8.485075085402148,40.71985920129658],[-8.484639703190844,40.71843855575629],[-8.48437103149855,40.71744946014263],[-8.484116032031357,40.71650321347551]]}},{"type":"Feature","properties":{"source":"caminho-do-centenario.kml"},"geometry":{"type":"LineString","coordinates":[[-8.484113177980872,40.71649722262797],[-8.484056160378962,40.71647647534602],[-8.4839877413609,40.71645572860031],[-8.483962654718187,40.7164522708527],[-8.483946693385272,40.71639522079207],[-8.483917056617752,40.71625693613596],[-8.483623060759154,40.71523988676172],[-8.483501821419717,40.71477318300002],[-8.483133046584278,40.71359820085999],[-8.483070537527798,40.71335085670722],[-8.482960884794364,40.71306403567245],[-8.483039900824403,40.71305914386505]]}},{"type":"Feature","properties":{"source":"caminho-do-centenario.kml"},"geometry":{"type":"LineString","coordinates":[[-8.483044461731215,40.71305810315847],[-8.483034851308197,40.71302687414151],[-8.48300464244182,40.71298211172694],[-8.482985418708115,40.71295296413675]]}},{"type":"Feature","properties":{"source":"caminho-do-centenario.kml"},"geometry":{"type":"LineString","coordinates":[[-8.48298644480723,40.71295239671724],[-8.48290684105474,40.71286020423163],[-8.482836088916523,40.71280824618378],[-8.48275207499847,40.71276634696293],[-8.482701230828916,40.71271774745456],[-8.482668078669986,40.71265909761932],[-8.482628293477298,40.71261720762251],[-8.48258408593415,40.71258872358608],[-8.482577454295742,40.71258704803532],[-8.482524401717882,40.71257364375328],[-8.482511161143943,40.71249657802135],[-8.482555372059972,40.71249657865035],[-8.482562004139037,40.71249490349809],[-8.482606220084474,40.71247312628034],[-8.482610641518463,40.71247145115027],[-8.482632750901876,40.71245134945333],[-8.482659283184997,40.71241784777637],[-8.482685818071724,40.71236257320624],[-8.482712351383043,40.71230395327192],[-8.482712351916216,40.71230060368814],[-8.4827189947608,40.71222189302578],[-8.482719738517478,40.71213211971315],[-8.482626690064894,40.71170205873238],[-8.482590189361193,40.71146710209172],[-8.48255149738729,40.7114277995618],[-8.482458956454892,40.71139877555724],[-8.48237196796733,40.71144071448304],[-8.482318272714686,40.71137627242123],[-8.482348586319711,40.71132306284043],[-8.482348586256572,40.71132185357733],[-8.482345391558216,40.71124688526754],[-8.482345391380669,40.71124325804888],[-8.482313482436231,40.71117676307087],[-8.482308696536844,40.71117313625658],[-8.482303910662178,40.71116830058993],[-8.482225745811546,40.71111873712249],[-8.482224150787523,40.71111631954911],[-8.482083779676588,40.71108972487613],[-8.481980098410645,40.7110788447016],[-8.482177905887584,40.71025465653643],[-8.482312796377041,40.70957921592765],[-8.482328020150543,40.70951479793506],[-8.482708916401354,40.70959009928188],[-8.48280237996682,40.709166404103],[-8.482828036613698,40.70895108299366],[-8.482862807976288,40.70870023345337]]}},{"type":"Feature","properties":{"source":"caminho-do-centenario.kml"},"geometry":{"type":"LineString","coordinates":[[-8.482869614856476,40.70870258493879],[-8.482947045036434,40.70864888526194],[-8.483031342857538,40.7082701233488],[-8.48295988013331,40.70819659862026]]}},{"type":"Feature","properties":{"source":"caminho-do-centenario.kml"},"geometry":{"type":"LineString","coordinates":[[-8.48293487893131,40.7081588848361],[-8.483041759378784,40.70773425587],[-8.483041790929676,40.70772641271992],[-8.483068511321594,40.70751210327784],[-8.483068305965203,40.70706483751106],[-8.483052321883175,40.70679975690942],[-8.483009280058111,40.70669960451561],[-8.482830600859053,40.70658111831715],[-8.482741264748913,40.70648973311765],[-8.482669801835318,40.70639836404062],[-8.482598364682744,40.70636114420685],[-8.482486758201297,40.70633069349292],[-8.482397477865543,40.7063070107783]]}},{"type":"Feature","properties":{"source":"caminho-do-centenario.kml"},"geometry":{"type":"LineString","coordinates":[[-8.482397477726504,40.70630362764734],[-8.482205549166949,40.70618861369455],[-8.482156468895662,40.7061040611496],[-8.482129715032926,40.70599585415724],[-8.482165434593117,40.70589105051684],[-8.482268504896709,40.70578008195776],[-8.482437956417394,40.70570040223302],[-8.482546034890134,40.70565393088275],[-8.482621955703571,40.70557428033138],[-8.482665738196381,40.70550570725177],[-8.482691992569478,40.70544157076004],[-8.482691949826329,40.70535091572581],[-8.482394031778627,40.70451002991525],[-8.482189457640038,40.70401929853904],[-8.48199176713687,40.70363845487091],[-8.48170245787773,40.70297989637941]]}},{"type":"Feature","properties":{"source":"caminho-do-centenario.kml"},"geometry":{"type":"LineString","coordinates":[[-8.481690925453256,40.70297150538104],[-8.481201767883716,40.70311705647932],[-8.481037787236925,40.70311881111056]]}},{"type":"Feature","properties":{"source":"caminho-do-centenario.kml"},"geometry":{"type":"LineString","coordinates":[[-8.481030637406018,40.70312217132844],[-8.480987,40.702902],[-8.480954,40.702593],[-8.480975,40.70232],[-8.48104,40.702114],[-8.481076743878278,40.70206854911984],[-8.481055106679515,40.70201600519466],[-8.48089394380431,40.70173431767334],[-8.480693252259936,40.70132941926393]]}},{"type":"Feature","properties":{"source":"caminho-do-centenario.kml"},"geometry":{"type":"LineString","coordinates":[[-8.480700776787108,40.70132879877247],[-8.480702185527702,40.70132876218914],[-8.480739394180372,40.70130754378588],[-8.480720560815794,40.70126123148655],[-8.48077872681647,40.70123736862993],[-8.481142378836916,40.70112977723033],[-8.481349587898254,40.70105192583161],[-8.481498480138711,40.70093929927685],[-8.481563850200985,40.70081428557415],[-8.481583842492418,40.7006920262135],[-8.481588092724074,40.70058364292753],[-8.481569999712784,40.70048187516001],[-8.48154242902824,40.70039012673969],[-8.481542328355548,40.70038824475704],[-8.481539102076185,40.70032200819394],[-8.481587483892628,40.70024328573712],[-8.481659203608935,40.70017847665429],[-8.481767702089554,40.70011662436304],[-8.481728083032849,40.70004364379322],[-8.481731839936268,40.69999363658866],[-8.481656066187382,40.69997797856367],[-8.481596674824994,40.6999458645172],[-8.481534873901616,40.69990587885269],[-8.481469666543472,40.69988046957082],[-8.481379320305052,40.6998605965696],[-8.48128997478431,40.69981206306457],[-8.481141559411437,40.69973320136812],[-8.48103156636282,40.69972142545741],[-8.48089815900288,40.6997230793023],[-8.480811617112735,40.69973684593494],[-8.480683795757935,40.69975226221695],[-8.480599974921233,40.69975037167802],[-8.480518135570028,40.69970542619232],[-8.48051623202103,40.69948173178987],[-8.480544676470764,40.69906229325224],[-8.480570712564337,40.6984371345949],[-8.480604487982339,40.69804022166427],[-8.480620944669981,40.69789112224842],[-8.480633381088795,40.69760982020098],[-8.4806250897144,40.69748252673775],[-8.48060399121658,40.69695048454146],[-8.480603991124374,40.69688430443209],[-8.480647635714027,40.6968551072828],[-8.480647635690154,40.69684342843829],[-8.480578317285808,40.69641325726832],[-8.48053210550188,40.69630814728883],[-8.480473451396147,40.69600948676963],[-8.48041746138404,40.69600746528279],[-8.480358805723181,40.69570222545687],[-8.48020757752127,40.6949578441596],[-8.48027499667423,40.69494985733991],[-8.480245502362738,40.69451536467906],[-8.480207579288416,40.69451057233209],[-8.480245205686174,40.69378995290812],[-8.480192879071733,40.69367439522975],[-8.480104779125075,40.69352476198411],[-8.480021936228951,40.69340760870907],[-8.480006722321608,40.69337769189624],[-8.48011783018136,40.69332754072605],[-8.480094270794199,40.69326411072127],[-8.479963044950019,40.69327561896409],[-8.479899113459236,40.69326095539476],[-8.479821860120081,40.69319879210767],[-8.479486666140518,40.69287340212276],[-8.479256332877057,40.69268580433001],[-8.479067173123415,40.69256570043788],[-8.478768072570372,40.6923796634228],[-8.478764092119022,40.69234194207502],[-8.478845680672725,40.69225367339644],[-8.479186924871543,40.69195252456238],[-8.479491773710535,40.69166619076584],[-8.479559340993724,40.6916514383073],[-8.480020771537069,40.69120804771157],[-8.48013838728484,40.69108837618088],[-8.479878583576253,40.69093967360025],[-8.48003904292794,40.69077358137653],[-8.480822831938843,40.69002390459932],[-8.480963180841144,40.68996973023869],[-8.481079748172641,40.68995794208477],[-8.481183363905485,40.68995401084884],[-8.481289569531917,40.68993829442216],[-8.481400954394841,40.68989115101536],[-8.48146571354825,40.68987347146172],[-8.481530473529059,40.68987150521153]]}},{"type":"Feature","properties":{"source":"caminho-do-centenario.kml"},"geometry":{"type":"LineString","coordinates":[[-8.48152872672113,40.68987830700544],[-8.481546476371989,40.68976723567585],[-8.48147767107492,40.68971506820039],[-8.481388887638417,40.6895972684364],[-8.481331179111839,40.68953163725831],[-8.48181063130175,40.68903113490689],[-8.482203,40.688633],[-8.482606,40.688249],[-8.48288,40.687955],[-8.482979,40.687886],[-8.483039,40.687859],[-8.483058,40.687887],[-8.483136,40.687852],[-8.483129,40.687769],[-8.483127,40.687716],[-8.483755,40.687097],[-8.483806,40.687113],[-8.48391,40.687121],[-8.483899,40.68704],[-8.484015,40.686829],[-8.484116,40.686752],[-8.484175,40.68675],[-8.484276,40.686811],[-8.48434,40.686783],[-8.484483,40.686592],[-8.484633,40.686495],[-8.485001,40.686216]]}},{"type":"Feature","properties":{"source":"caminho-do-centenario.kml"},"geometry":{"type":"LineString","coordinates":[[-8.485006,40.686216],[-8.485641,40.685769],[-8.485567,40.685649],[-8.48553,40.685607],[-8.485525,40.685543],[-8.485535,40.685502],[-8.485594,40.685454],[-8.485738,40.685343],[-8.485894,40.685256],[-8.486006,40.685213],[-8.48623,40.685109],[-8.486295221285197,40.68508115568664]]}},{"type":"Feature","properties":{"source":"caminho-do-centenario.kml"},"geometry":{"type":"LineString","coordinates":[[-8.486296979102868,40.68507987858951],[-8.48645478213447,40.6849592445984],[-8.48656254948759,40.68490184633654],[-8.486624130765488,40.68486876935763],[-8.48670752196798,40.68483374669506],[-8.48667544876288,40.68478315784127],[-8.486672882991673,40.68476467348692],[-8.486548438746745,40.68468781706095],[-8.486493273124205,40.68462555377798],[-8.486470180816958,40.68457301921303],[-8.48642656122497,40.68456329038639],[-8.486390639405352,40.68453702295919],[-8.486422713683124,40.68443584554923],[-8.48646931716218,40.68431482426279],[-8.486395723379873,40.68421118047784],[-8.48646301066146,40.68413783316078],[-8.486549221239416,40.68417769645792],[-8.486679588848663,40.68420639815681],[-8.486862524429636,40.68422712714111],[-8.486969762761422,40.68422712714253],[-8.487041255127998,40.68421118188997],[-8.487292584757785,40.68411678495598],[-8.487415797774876,40.68406719437048],[-8.487580324510281,40.68399993407249],[-8.487693014305936,40.68393075707541],[-8.48776992953699,40.68385615422025],[-8.48785221087877,40.68374764078108],[-8.48790229521338,40.68364726564765],[-8.487904083931912,40.68364590924418],[-8.487929875240201,40.68358882635059],[-8.487970975973578,40.68345168941996],[-8.48799199862346,40.68334703149188],[-8.488043,40.683154],[-8.488084257574428,40.682973480949],[-8.487996684239985,40.68292960436868],[-8.488029523252274,40.68287623971624],[-8.488087384031182,40.68289521319426],[-8.488113968378157,40.6828797965812],[-8.488132,40.682819],[-8.488207,40.68253],[-8.488342,40.682004],[-8.488408,40.681783],[-8.488448060100803,40.68166129162913],[-8.488619101026835,40.68137473482874],[-8.488899,40.680873],[-8.489098,40.680526],[-8.489175,40.680416],[-8.489369,40.679896]]}},{"type":"Feature","properties":{"source":"caminho-do-centenario.kml"},"geometry":{"type":"LineString","coordinates":[[-8.489368,40.679886],[-8.48934,40.679764],[-8.489166,40.679667],[-8.48901,40.679458],[-8.489015,40.679317],[-8.489034,40.678733],[-8.489063,40.678264],[-8.489081,40.678144],[-8.489091,40.678052],[-8.489011,40.677641],[-8.488874,40.677174],[-8.488764,40.676763],[-8.488685,40.676653],[-8.488517,40.676372],[-8.488363,40.676212],[-8.488282,40.676047],[-8.488274,40.676036],[-8.488209,40.675944],[-8.48816,40.675658],[-8.488091,40.675349],[-8.488017,40.675208],[-8.48789,40.674988],[-8.487708,40.674802],[-8.487264,40.674449],[-8.487024,40.674307],[-8.48702,40.674297],[-8.486463,40.674092],[-8.485645,40.673857],[-8.485309,40.673785],[-8.484931,40.673849],[-8.484687,40.673908],[-8.484679,40.673908],[-8.484512,40.673936],[-8.484394,40.673926],[-8.484332,40.673889],[-8.484329,40.673883],[-8.484302,40.673819],[-8.484283,40.673714],[-8.484281,40.6736],[-8.484338,40.673415],[-8.484439,40.673071],[-8.484467,40.672961],[-8.484462,40.672862],[-8.484365,40.672227],[-8.484387,40.671894],[-8.484397,40.671793],[-8.484383,40.671665],[-8.484244,40.67097],[-8.484073,40.670287],[-8.484016,40.670104],[-8.483968,40.670053],[-8.483917,40.670011],[-8.483871,40.669952],[-8.483651,40.669192],[-8.48348,40.668632],[-8.483388,40.668477],[-8.483317,40.668355],[-8.483216,40.668253],[-8.483134,40.668182],[-8.48057,40.665904],[-8.480377,40.665717],[-8.480263,40.665537],[-8.480259,40.665534],[-8.480148,40.66537],[-8.480027,40.665262],[-8.479523,40.664666],[-8.47868,40.663758],[-8.478631,40.663582],[-8.478567,40.663462],[-8.478233,40.662843]]}},{"type":"Feature","properties":{"source":"caminho-do-centenario.kml"},"geometry":{"type":"LineString","coordinates":[[-8.478227,40.662861],[-8.477993,40.662486],[-8.47783,40.662333],[-8.477499,40.662067],[-8.477239,40.661825],[-8.476953,40.661623],[-8.476797,40.661455],[-8.476713,40.661253],[-8.47662,40.661051],[-8.476596509630753,40.66096261126644],[-8.476550038226907,40.66093703655033]]}},{"type":"Feature","properties":{"source":"caminho-do-centenario.kml"},"geometry":{"type":"LineString","coordinates":[[-8.47654457100801,40.66093427171933],[-8.476493543761462,40.66091768282265],[-8.476499010498125,40.66086929771403],[-8.47648443087225,40.66081676542353],[-8.476326385426468,40.66057778477977],[-8.476225650502716,40.66046542869531],[-8.475794462054738,40.66013492885193],[-8.475437386050045,40.65989131066012],[-8.47518437310556,40.65975677234707],[-8.474219,40.659367],[-8.47401,40.659285],[-8.473595,40.658839],[-8.472907,40.657986],[-8.472321171161813,40.65721382060244],[-8.472253064423013,40.6572043033186],[-8.472249479865363,40.657204303336],[-8.472192126973946,40.65721110190741],[-8.472165242896283,40.65722741796257],[-8.472088174671251,40.65719750570499],[-8.472145526698867,40.65706697801793],[-8.472150903162822,40.65701531087034],[-8.471557,40.656267],[-8.470848,40.655446],[-8.470325803329168,40.65481443700503],[-8.470030363619072,40.65451506934876],[-8.470020033633345,40.65451350198697],[-8.469905105775135,40.65448049008077],[-8.469867768825512,40.65446952527097],[-8.469836454019365,40.65439642652645],[-8.469794299479416,40.65435987712218],[-8.469830431974861,40.6543352063193],[-8.469831636404008,40.65431053548851],[-8.469806343698908,40.65428495087622],[-8.469629263218449,40.65409758901107],[-8.469525667253691,40.65401069600857],[-8.469489535023065,40.65399124215146],[-8.469451071612937,40.65398239939146],[-8.469419601422175,40.65399654741638],[-8.469383271249784,40.65395573781016],[-8.469356772892816,40.65391918607095],[-8.469435064482466,40.6538826348103],[-8.46899891028254,40.65323368667362],[-8.46878457358563,40.65291116727863],[-8.468591669073405,40.65276481227996],[-8.46848807293293,40.65265098077483],[-8.46838447642244,40.6525615411476],[-8.468309458849996,40.652463970864],[-8.467990758734118,40.65208560185145],[-8.467705462958124,40.65166427743458]]}},{"type":"Feature","properties":{"source":"caminho-do-centenario.kml"},"geometry":{"type":"LineString","coordinates":[[-8.46771055800342,40.65165268158794],[-8.467406,40.651227],[-8.467186,40.65087],[-8.466933,40.650527],[-8.466814,40.650283],[-8.466706,40.649899]]}},{"type":"Feature","properties":{"source":"caminho-do-centenario.kml"},"geometry":{"type":"LineString","coordinates":[[-8.466702093987195,40.64990075024274],[-8.466673,40.649309],[-8.466684,40.64915],[-8.466714,40.649069],[-8.466819,40.648926],[-8.467255,40.648442],[-8.467563,40.648134]]}},{"type":"Feature","properties":{"source":"caminho-do-centenario.kml"},"geometry":{"type":"LineString","coordinates":[[-8.467549,40.648128],[-8.46769,40.64799],[-8.467914,40.647868],[-8.468041,40.647805],[-8.46811,40.647785],[-8.468062,40.647661],[-8.467894,40.647466],[-8.467702489043619,40.6472900926459],[-8.46751507196771,40.64718498757286],[-8.467398276545916,40.64707576092494],[-8.467305927098778,40.64697477782946],[-8.467218212888932,40.64690487776222],[-8.46702101154159,40.64686025323262],[-8.466724448550275,40.64680053770023],[-8.466386804912636,40.64683761691293],[-8.466396548720777,40.64680200107073],[-8.466338068474862,40.64678513779514],[-8.466275370248951,40.64657366983186],[-8.466155422546699,40.64660002279616],[-8.466018432559705,40.64646967688193],[-8.465948773650904,40.64636927331873],[-8.465916259865061,40.64625477544357]]}},{"type":"Feature","properties":{"source":"caminho-do-centenario.kml"},"geometry":{"type":"LineString","coordinates":[[-8.46591647757555,40.64625274063775],[-8.465944983259734,40.64612881514429],[-8.466092709512974,40.645656716163],[-8.46651757873295,40.6445105268179]]}},{"type":"Feature","properties":{"source":"caminho-do-centenario.kml"},"geometry":{"type":"LineString","coordinates":[[-8.466528183182408,40.64451454918707],[-8.466782614434955,40.64390438085614],[-8.466894542562532,40.64367357837711],[-8.469334074372302,40.63891115069605],[-8.46961747505839,40.63840486968474]]}},{"type":"Feature","properties":{"source":"caminho-do-centenario.kml"},"geometry":{"type":"LineString","coordinates":[[-8.469617474311358,40.63839984804329],[-8.470226426450163,40.63721928150509],[-8.470336433823233,40.63704232974201],[-8.470441214149039,40.63694689062077],[-8.470553861069831,40.63689518905259],[-8.470559100535631,40.6368932004482],[-8.470676994005569,40.636883248594],[-8.470802754134679,40.63691504622406],[-8.470878744966516,40.63699853958553],[-8.470878746620203,40.63700848011138],[-8.470944264769129,40.63713173658968]]}},{"type":"Feature","properties":{"source":"caminho-do-centenario.kml"},"geometry":{"type":"LineString","coordinates":[[-8.470939611103896,40.63711543498401],[-8.471042165328209,40.63709447178676],[-8.471006,40.636957],[-8.471051459790628,40.63684589307707],[-8.471144779003625,40.63671098675167],[-8.471171133168365,40.6365735913256],[-8.471143736788731,40.63644239188016],[-8.47105944491625,40.63642077416034],[-8.470789,40.634601],[-8.470841791132353,40.63449015177675],[-8.470918903844938,40.63440552406304],[-8.470987711905329,40.6343506060856],[-8.470992457284657,40.63434880549338],[-8.471014997823783,40.63432809871028],[-8.47103279296723,40.63430199015664],[-8.471028047546184,40.63425247394859],[-8.471018,40.634207]]}},{"type":"Feature","properties":{"source":"caminho-do-centenario.kml"},"geometry":{"type":"LineString","coordinates":[[-8.471013,40.634205],[-8.470922,40.634048],[-8.47080723410858,40.63395156217573],[-8.470717543778218,40.63390618547303],[-8.47053816299508,40.63389222293138],[-8.470356482167908,40.63391141985915],[-8.470250692784054,40.63396552206659],[-8.470156402172496,40.63400217173489],[-8.470142603575221,40.63400217163596],[-8.470124205479374,40.63400217150144],[-8.469981620644406,40.63396377477061],[-8.469855134956472,40.63386603928161],[-8.46974244824526,40.63374212475665],[-8.469630701972825,40.63360376743557],[-8.469511518800243,40.63337231887651],[-8.46949049015261,40.63315683320188],[-8.469434169564966,40.63309542160996],[-8.46867401985408,40.63221781523286],[-8.46846385191271,40.63189848191502],[-8.468453994108147,40.63168723530642],[-8.468546428766144,40.63139125650634],[-8.468580299781788,40.63111051175119],[-8.46858502715364,40.63094448586381],[-8.468589886660569,40.63093711400018],[-8.468745448189596,40.63083032037025]]}},{"type":"Feature","properties":{"source":"caminho-do-centenario.kml"},"geometry":{"type":"LineString","coordinates":[[-8.468735635813115,40.63082679867793],[-8.46759603037319,40.6300542870178],[-8.466085338776603,40.62897140629038],[-8.46456383251635,40.62790275762028]]}},{"type":"Feature","properties":{"source":"caminho-do-centenario.kml"},"geometry":{"type":"LineString","coordinates":[[-8.464543251681704,40.62790608409591],[-8.464161438458135,40.62789360617582],[-8.463651138438035,40.62766441723815],[-8.463121823144728,40.62731993329369],[-8.462744691566243,40.62692790464596],[-8.462481630180429,40.62658810384325],[-8.462376198378779,40.62647584648838]]}},{"type":"Feature","properties":{"source":"caminho-do-centenario.kml"},"geometry":{"type":"LineString","coordinates":[[-8.462369169622212,40.6264705018469],[-8.462091914044436,40.6262036072419],[-8.46189016502006,40.62602446034619],[-8.46176588506845,40.62583198125002],[-8.461683424810309,40.62562404468032]]}},{"type":"Feature","properties":{"source":"caminho-do-centenario.kml"},"geometry":{"type":"LineString","coordinates":[[-8.461691392097277,40.62561316012499],[-8.461447648488083,40.62514743776621],[-8.461346038720581,40.62480750118892],[-8.461301126603107,40.62455401991372],[-8.46127140549752,40.62423524201898],[-8.461306271771837,40.62378923031555],[-8.461350872552796,40.62329254653542],[-8.46142248660959,40.62240985063329],[-8.461509723871085,40.62149297903333],[-8.461521467594359,40.62142600721612],[-8.461468475019721,40.62139046027303],[-8.461412330394442,40.62138569170906],[-8.461362501308965,40.62130752688413],[-8.461502948584164,40.6212365805729],[-8.461556119488463,40.62109928997889],[-8.461559253494448,40.62108508626279],[-8.461578179930177,40.6208814865236],[-8.46160341017551,40.62068008048298]]}},{"type":"Feature","properties":{"source":"caminho-do-centenario.kml"},"geometry":{"type":"LineString","coordinates":[[-8.461606559943716,40.620679729479],[-8.461598778936828,40.62059113844924],[-8.46159618530136,40.62041395662473],[-8.461600075883936,40.62021216629535],[-8.46162776275769,40.62006631799768],[-8.461694450408373,40.61996133064267],[-8.461758997314483,40.61984173086785],[-8.46177228524276,40.61956365912432]]}},{"type":"Feature","properties":{"source":"caminho-do-centenario.kml"},"geometry":{"type":"LineString","coordinates":[[-8.461764167153929,40.61956140748499],[-8.461776400526064,40.6194650322316],[-8.461862418465834,40.61857268089158],[-8.461838585316382,40.61851628340943],[-8.461786066427862,40.61850520980863],[-8.461788983792482,40.61843876817589],[-8.46184150249454,40.61841883565973],[-8.461864949949977,40.61837398444667],[-8.461883891850396,40.61814393734706],[-8.461955377300196,40.61748501071571],[-8.461976473656387,40.61736265247806],[-8.461917246724978,40.61735308161009],[-8.461932237931855,40.61732500602273],[-8.461991485333499,40.61733082822727],[-8.462019824647344,40.61713595047576],[-8.462100410427173,40.61638679144136],[-8.46208000309577,40.61636007133097],[-8.462036902897129,40.61636148114848],[-8.462008512777043,40.61630531139809],[-8.46215870315427,40.61623731572267]]}},{"type":"Feature","properties":{"source":"caminho-do-centenario.kml"},"geometry":{"type":"LineString","coordinates":[[-8.46216,40.616226],[-8.462243,40.615708],[-8.462268,40.615508],[-8.462286,40.615102],[-8.462252,40.614861],[-8.462153,40.614343],[-8.462129,40.614234],[-8.462125,40.614072],[-8.462142,40.613637],[-8.462222,40.613636],[-8.462227,40.613294],[-8.462227,40.613036],[-8.462224,40.612759],[-8.462219,40.612454],[-8.462204,40.612293],[-8.462209,40.612061],[-8.462233,40.611923],[-8.462278,40.611676],[-8.462332,40.61144],[-8.462337,40.611365],[-8.462345,40.611318],[-8.462352,40.611148],[-8.462366,40.61096],[-8.462398,40.610837],[-8.462429,40.610791],[-8.462505,40.610723],[-8.462505,40.610658],[-8.462414,40.610676],[-8.462359,40.610652],[-8.462312,40.610068],[-8.462231,40.608957],[-8.462195,40.608547],[-8.46220803790984,40.60849438032253],[-8.462258004494,40.60844529003801],[-8.462407904052526,40.60839396824675],[-8.462380804708097,40.60830519758542],[-8.462307510418869,40.60829685116586],[-8.462258036800698,40.60828015820052],[-8.46221589262364,40.60824955439211],[-8.462188407340768,40.60818695567407],[-8.462190402852126,40.60803917965336],[-8.46219,40.607873],[-8.462172,40.607536],[-8.462116,40.60706],[-8.46205,40.606459],[-8.461981,40.605913],[-8.461974,40.605785],[-8.461971,40.605678],[-8.461904,40.605039],[-8.461865,40.604842],[-8.461891048767955,40.60481329318304],[-8.461937321392217,40.60480051825053],[-8.461939424623136,40.60475261239603],[-8.461885,40.604734],[-8.46183,40.604683],[-8.461802,40.604584],[-8.461751,40.604151],[-8.461729,40.604014],[-8.461714,40.603962],[-8.46177959876259,40.60394762155831],[-8.461800187328762,40.60395630567209],[-8.46183335781421,40.60391722720797],[-8.461804762600023,40.60389899058286],[-8.461725,40.603868],[-8.461685,40.603802],[-8.461677,40.603721],[-8.461664,40.603637],[-8.461593,40.603279],[-8.461459,40.602464],[-8.461459898779893,40.60231303264735]]}},{"type":"Feature","properties":{"source":"caminho-do-centenario.kml"},"geometry":{"type":"LineString","coordinates":[[-8.461452283229082,40.6022959686835],[-8.461511838972909,40.60223308724215],[-8.461537612410154,40.60216463152602],[-8.461562577656224,40.60197940968843],[-8.461647029232306,40.60172278967345],[-8.461650639671614,40.60170284328929],[-8.461716972037435,40.60153743368518],[-8.461724410592696,40.60152886182119],[-8.461881107178703,40.60141717495324],[-8.461892296137842,40.60140858672803],[-8.462153886436335,40.60127650777105],[-8.462269472349096,40.60117920114715]]}},{"type":"Feature","properties":{"source":"caminho-do-centenario.kml"},"geometry":{"type":"LineString","coordinates":[[-8.462273039504597,40.60117773955439],[-8.462270327948687,40.60112570503353],[-8.46216578275988,40.60100308873801],[-8.462314373393768,40.60093858390585],[-8.462013727903624,40.60056350779669],[-8.461755918894344,40.60026472218259],[-8.46171966903467,40.60016905229314],[-8.461762855519977,40.60008230473481],[-8.461826507032569,40.60002901075583],[-8.461766476994368,40.59998204439238],[-8.461823,40.599927],[-8.461919,40.599834],[-8.462015537859319,40.59970902322193],[-8.462090224595615,40.59946645318566],[-8.462154,40.598833],[-8.462190493386755,40.59835645181367],[-8.462197153499467,40.59791957098739],[-8.462179,40.59749],[-8.462116,40.596965],[-8.462089,40.596877],[-8.462029,40.596817],[-8.46188,40.596702],[-8.461594,40.596425],[-8.461473,40.596282],[-8.461352,40.596142],[-8.461251,40.596018]]}},{"type":"Feature","properties":{"source":"caminho-do-centenario.kml"},"geometry":{"type":"LineString","coordinates":[[-8.461242,40.596014],[-8.461156,40.595857],[-8.461123,40.595659],[-8.461108,40.595516],[-8.461125,40.595262],[-8.461139004365123,40.59505307132893]]}},{"type":"Feature","properties":{"source":"caminho-do-centenario.kml"},"geometry":{"type":"LineString","coordinates":[[-8.46114001516107,40.59505324296961],[-8.461179759734362,40.59451572376153],[-8.461179798572685,40.59438137254843],[-8.461126270545535,40.59431242427569],[-8.461026168186072,40.59428412460662],[-8.460891621409182,40.59427376553028],[-8.460905826877923,40.59414473803714],[-8.460976628567016,40.59414474985595],[-8.461063958394924,40.59411609275613],[-8.461106447375489,40.59408384496952],[-8.461136860900726,40.59401847292456],[-8.461160877426824,40.59392497200452]]}},{"type":"Feature","properties":{"source":"caminho-do-centenario.kml"},"geometry":{"type":"LineString","coordinates":[[-8.461154478516264,40.59393104240728],[-8.461182,40.593752],[-8.461252,40.592529],[-8.4613,40.59201],[-8.461292,40.591846],[-8.46126,40.591707],[-8.461178,40.591519],[-8.461079,40.591355],[-8.460853,40.591134],[-8.460111,40.590492],[-8.459752,40.590205]]}},{"type":"Feature","properties":{"source":"caminho-do-centenario.kml"},"geometry":{"type":"LineString","coordinates":[[-8.45972870812724,40.59018830604376],[-8.459673749859753,40.59016395441749],[-8.459585287077294,40.5901499104484],[-8.45955160982223,40.59015780449884],[-8.459496225258365,40.59007703296753],[-8.45953309500523,40.59004589381793],[-8.459524479638102,40.59000736702662],[-8.459476705612435,40.58996507550057]]}},{"type":"Feature","properties":{"source":"caminho-do-centenario.kml"},"geometry":{"type":"LineString","coordinates":[[-8.459475195814228,40.58996505666481],[-8.459250492501402,40.58975239077063],[-8.459077,40.589364],[-8.458971,40.588971],[-8.458732,40.588113],[-8.458599,40.587596],[-8.458097,40.58567],[-8.457884,40.585016],[-8.457204080630223,40.58401108014804],[-8.456497484210617,40.58298825722677],[-8.455750308159308,40.58206195576329],[-8.45483,40.581176],[-8.454744,40.58108],[-8.454717,40.580975],[-8.454697500191683,40.58084343175108],[-8.45469482720461,40.58073758586248],[-8.454732356321845,40.580617493058],[-8.454735036673286,40.58061342216453],[-8.45478864249134,40.5805482883311],[-8.454877088749777,40.58048926225264],[-8.454938731709165,40.58046890954999],[-8.455067,40.580422],[-8.45534,40.580388],[-8.455539829089835,40.58034433782395],[-8.455617827303792,40.58031613160424],[-8.455680970672756,40.58025407455008],[-8.455738,40.580148],[-8.455691573471114,40.57999048032603],[-8.455590771141841,40.57980738332493],[-8.455481200120385,40.57968254317181],[-8.455468051347884,40.5796725558041],[-8.455329990958884,40.57954272105029],[-8.455116534437884,40.57940768371638],[-8.454908877783842,40.57932635179851],[-8.454688242001458,40.57925734083676],[-8.454678508044607,40.57925487606321],[-8.454334578374864,40.57911932102249],[-8.454328089125067,40.57911685637083],[-8.454065277939652,40.57897637467845]]}},{"type":"Feature","properties":{"source":"caminho-do-centenario.kml"},"geometry":{"type":"LineString","coordinates":[[-8.454063254288846,40.57897244132827],[-8.453975983552716,40.57889786415522],[-8.453809552154095,40.57868007532381],[-8.453665191009517,40.57852844204472],[-8.453602799687967,40.57845342596314],[-8.45347979753976,40.57838689874852],[-8.453412705648407,40.57836425123966],[-8.453416432716342,40.57830904745985]]}},{"type":"Feature","properties":{"source":"caminho-do-centenario.kml"},"geometry":{"type":"LineString","coordinates":[[-8.45341643276849,40.5783072683117],[-8.453470478820584,40.57829877527769],[-8.453559934294193,40.57827754275294],[-8.453602798165615,40.57824215553963],[-8.453623297889903,40.57817562781612],[-8.453561796474153,40.57805531213606],[-8.45339779447745,40.5778996095922],[-8.453295293662164,40.57783591301453],[-8.453223,40.577769],[-8.45310164057197,40.57766138624355],[-8.452945035735052,40.57744768704893],[-8.452838863438167,40.57727632405382],[-8.452745962625215,40.57720576251094],[-8.452642,40.577138],[-8.4524322462082,40.57715806166181],[-8.452427309609131,40.57710161094671],[-8.451660973422504,40.57718648371579],[-8.451307116818855,40.57722537821864],[-8.45123558999677,40.57723773517379],[-8.451183027883019,40.57725920913872],[-8.451116880062147,40.57730591992539],[-8.451010223687225,40.57736087509255],[-8.450934028072188,40.5774736912778],[-8.45093402709387,40.57747947710569],[-8.450937906224286,40.57759018867728]]}},{"type":"Feature","properties":{"source":"caminho-do-centenario.kml"},"geometry":{"type":"LineString","coordinates":[[-8.450938983580851,40.57758700826448],[-8.451001208495562,40.57785566926821],[-8.451074215039812,40.57815057981187],[-8.45105660271984,40.5781879822023],[-8.450930622982437,40.57822721298045],[-8.450570348258195,40.57833967347199],[-8.450513213203406,40.57833388157627],[-8.450459890280928,40.57831073169398],[-8.450379916766797,40.57821525287592],[-8.449222414171386,40.57643721118063],[-8.44917728385731,40.57634337198017],[-8.449166870145977,40.57630062462241],[-8.449193971461987,40.57628004616682],[-8.449216904555323,40.57625630085561],[-8.449244003996563,40.57624522153677],[-8.449200243787796,40.57618188893434],[-8.44916689208029,40.57618821796764],[-8.449160638555643,40.57618980045097],[-8.449127287460977,40.57619296308225],[-8.449091854131257,40.57618504311389],[-8.449046001591062,40.576162873206],[-8.449006407283,40.57611537291247],[-8.448913,40.575983],[-8.448699,40.575667],[-8.448529,40.575412],[-8.448288,40.574963],[-8.448162,40.574738],[-8.448106458485245,40.57452527356244],[-8.44809548510695,40.57446692925329],[-8.448104019876261,40.57444285065457],[-8.448144255277043,40.57441969813694],[-8.448199121697309,40.57439191508521],[-8.448202779456174,40.57438728458143],[-8.448238137757283,40.57435672323864],[-8.448264961266506,40.57432708799662],[-8.448277153707103,40.57429652667738],[-8.448197902115774,40.57425022183237],[-8.448164982323112,40.57426596556952],[-8.448112554469354,40.57426781782122],[-8.448097923423658,40.57424373923784],[-8.448104,40.574123],[-8.448159201649682,40.57376854000827],[-8.448201262319868,40.5734971426425],[-8.44824222360889,40.57319829882167],[-8.448249530170985,40.57296518071985],[-8.44821,40.572782],[-8.448137,40.572569],[-8.448037,40.57229],[-8.447982,40.572131],[-8.447996551595708,40.5720946534664],[-8.448016394742632,40.57206768143767],[-8.448019527867801,40.57206688814635],[-8.448056080981317,40.57205578201486],[-8.448086367806066,40.57198438547178],[-8.448047726002429,40.57195582686214],[-8.447997596152637,40.57190505597593],[-8.447997596156794,40.57189950290923],[-8.44798088625719,40.57183921246612],[-8.447981930623683,40.57183683258239],[-8.44801221742429,40.5717527432574],[-8.448458872440405,40.5709503537531],[-8.448557782119531,40.57082988218733],[-8.448615763427846,40.57075604476677],[-8.448516852788657,40.57070552499234],[-8.448457165767792,40.57073402377169],[-8.448351433842497,40.57069645774558],[-8.448076871633077,40.57055266933649],[-8.448007534157316,40.57046458017685],[-8.447951,40.570379],[-8.447916,40.57027],[-8.4479,40.570188],[-8.447688021735377,40.56939177040311],[-8.447588968080979,40.56897222928083]]}},{"type":"Feature","properties":{"source":"caminho-do-centenario.kml"},"geometry":{"type":"LineString","coordinates":[[-8.447588435421052,40.56896918097398],[-8.447419,40.568391],[-8.447216,40.567693],[-8.447129,40.567149],[-8.447145,40.566923],[-8.447128,40.566733],[-8.447104,40.566617],[-8.447095,40.566601],[-8.447095,40.566583],[-8.447066,40.566457],[-8.447038,40.566337],[-8.446948819284097,40.56621517985554],[-8.446791003302973,40.56597676225226],[-8.446661880200933,40.56587594504762],[-8.446588351695219,40.56582962342013],[-8.446495096163861,40.56576967773265],[-8.446561453499738,40.56570155988922]]}},{"type":"Feature","properties":{"source":"caminho-do-centenario.kml"},"geometry":{"type":"LineString","coordinates":[[-8.446568435443512,40.56570277674789],[-8.446615063630183,40.56571095158615],[-8.446681419563241,40.56570141577435],[-8.44671549516593,40.56564964595243],[-8.446677835477493,40.56556926540254],[-8.44660867926109,40.56544551674287],[-8.446530522939955,40.56534864203702],[-8.446386222840056,40.56515124064631],[-8.44635446177174,40.56504594655855],[-8.446314033843066,40.56493515779673],[-8.446295529343203,40.56481464660179],[-8.446267,40.564619],[-8.446145,40.564369],[-8.445880439891232,40.56406203414149],[-8.445564072718025,40.56375864020073],[-8.445540739314675,40.56359315527695],[-8.445551114472817,40.56353208380661],[-8.445603,40.56341]]}},{"type":"Feature","properties":{"source":"caminho-do-centenario.kml"},"geometry":{"type":"LineString","coordinates":[[-8.445595432712945,40.56340582679287],[-8.44542162700337,40.56326121852595],[-8.444757332482059,40.56275903885795],[-8.44470840842831,40.56276801060525],[-8.444651048644408,40.56272443539827],[-8.444666231418466,40.56266932505338],[-8.443751554848491,40.56195663540314]]}},{"type":"Feature","properties":{"source":"caminho-do-centenario.kml"},"geometry":{"type":"LineString","coordinates":[[-8.443761162117221,40.56195944396763],[-8.4436888251941,40.56195350272657],[-8.443675139786963,40.56196241424595],[-8.443628218412186,40.56198617827049],[-8.443473769986168,40.56189112101943],[-8.443540242196804,40.56181240254481],[-8.443538287169943,40.56180943203079],[-8.443462040993042,40.56172774247623],[-8.443389704889515,40.5616683317863],[-8.443467907038452,40.56161040707944],[-8.443286089596608,40.56147079172101],[-8.442764,40.561088],[-8.442503099665498,40.5609122674893],[-8.442184,40.560767],[-8.442173,40.560762],[-8.441917,40.560644],[-8.441683,40.560513],[-8.44165,40.56042],[-8.441666,40.560172],[-8.441646,40.559813],[-8.4416,40.559611],[-8.441447,40.559293],[-8.441228,40.558894],[-8.441099205193273,40.55869563592763]]}},{"type":"Feature","properties":{"source":"caminho-do-centenario.kml"},"geometry":{"type":"LineString","coordinates":[[-8.441099733267727,40.5586967214781],[-8.441126834171488,40.55865495437974],[-8.44114774048284,40.55863495325971],[-8.441152046669908,40.55860403482323],[-8.441148633340788,40.5585674702421],[-8.441100547817545,40.55857162165619],[-8.441051516759591,40.55842726267294],[-8.441015945371666,40.55831047508173],[-8.4409709010425,40.55817553984436],[-8.440985182241462,40.55808254030541],[-8.440985182247408,40.55807944031538],[-8.441068828186284,40.55798334081137],[-8.441179221947415,40.55786633602875],[-8.441291192836676,40.55774683284488],[-8.44129119283236,40.55774480736631],[-8.441405828755585,40.55749567347217],[-8.441434487143297,40.55716097566292],[-8.441424085698621,40.55702615738928],[-8.441455458342244,40.55681005933846],[-8.44153900668427,40.55664551688817],[-8.441601673474505,40.55650079697261],[-8.441604285102999,40.55649286697108],[-8.441687819577906,40.55637788902661],[-8.441927490983298,40.55611486623511],[-8.442157474944274,40.55580343573281],[-8.442257228756855,40.5556603446278],[-8.442321,40.555585],[-8.442532,40.555138],[-8.442631,40.554818],[-8.442809,40.554489],[-8.44282,40.554473],[-8.443042,40.554018],[-8.443042,40.554001],[-8.443206263543562,40.55367629433283],[-8.443255382606248,40.55336055681654],[-8.443322137491318,40.55289417502509],[-8.443371271591026,40.55258047454634],[-8.443405848582037,40.55248193512482],[-8.44348764513284,40.55249265034955],[-8.443531364049027,40.55250550877311],[-8.443649,40.552456],[-8.444318,40.552157],[-8.444594,40.552054],[-8.444692,40.552054],[-8.444696,40.55206],[-8.444764,40.552117],[-8.444904,40.552177],[-8.445066,40.552232],[-8.445122,40.552215],[-8.445192,40.552163],[-8.445377,40.551903],[-8.445527189809036,40.55185819175007],[-8.445709083672547,40.55181475112087],[-8.445775346169578,40.55182857034399],[-8.445811727226435,40.55187595493042],[-8.445893579695698,40.55186015782581],[-8.44590007448991,40.55182461857746],[-8.445935152095,40.55177032187301],[-8.445981924572251,40.55175353833812],[-8.446115,40.551717],[-8.447093694956976,40.55148827518236],[-8.447280544275193,40.55147020605619]]}},{"type":"Feature","properties":{"source":"caminho-do-centenario.kml"},"geometry":{"type":"LineString","coordinates":[[-8.447290232011845,40.55146644897953],[-8.447657,40.551438],[-8.448311,40.551389],[-8.448665,40.551364],[-8.44894,40.55134],[-8.449668,40.55124],[-8.450890602631464,40.55108159795673],[-8.450998435720493,40.5510616959418],[-8.450989189701222,40.55100668258028],[-8.451122456658132,40.55097733154157],[-8.451228818151245,40.55095484423762],[-8.451261966228,40.55093904721078],[-8.451285216984589,40.55091843431856],[-8.45127617128408,40.5508644506248],[-8.451229,40.550833],[-8.451188,40.550808]]}},{"type":"Feature","properties":{"source":"caminho-do-centenario.kml"},"geometry":{"type":"LineString","coordinates":[[-8.451185844667243,40.55081552481874],[-8.451213881842325,40.55077208308855],[-8.451349869822842,40.55081589892098],[-8.451419454423903,40.55082428687854],[-8.451507658912647,40.55081625860866],[-8.45160849395539,40.55074126279143],[-8.451707438064917,40.55059780532626]]}},{"type":"Feature","properties":{"source":"caminho-do-centenario.kml"},"geometry":{"type":"LineString","coordinates":[[-8.45171091429572,40.55059614378306],[-8.451824922841345,40.55035390577073],[-8.451808032457583,40.55031059179618],[-8.451839701159603,40.55020310880092],[-8.451983508732093,40.54977590034226],[-8.452001778560433,40.54972954219309]]}},{"type":"Feature","properties":{"source":"caminho-do-centenario.kml"},"geometry":{"type":"LineString","coordinates":[[-8.452001095628093,40.54973287975722],[-8.452037120091486,40.54971723790678],[-8.45214776347623,40.54934965715884],[-8.452150336612315,40.54934574671881],[-8.452209517427981,40.5491345835778],[-8.452204370754595,40.54909743458431],[-8.452137468454735,40.5490759276183],[-8.45215805327965,40.54902313678611],[-8.452235,40.549047],[-8.452251,40.548979],[-8.452527,40.548096],[-8.452725,40.547473],[-8.452984,40.546656],[-8.453032,40.546415],[-8.453081,40.546259],[-8.453131,40.546141]]}},{"type":"Feature","properties":{"source":"caminho-do-centenario.kml"},"geometry":{"type":"LineString","coordinates":[[-8.453122,40.546142],[-8.453156,40.546057],[-8.453288,40.546021],[-8.453388145583965,40.54600894691971],[-8.453456142397465,40.54601096600101],[-8.453464141979381,40.54601096515466],[-8.45356946888368,40.54600588833009],[-8.453641461215886,40.54598460496151],[-8.453677457282563,40.54597345668852],[-8.453708119918005,40.54596028273141],[-8.453726780325674,40.54593191315733],[-8.453734775962905,40.54591063661158],[-8.453732,40.545879],[-8.453638,40.545626],[-8.453601,40.545496],[-8.453562,40.545329],[-8.45354,40.545165],[-8.453534,40.545085],[-8.453526,40.544975],[-8.453525,40.544927],[-8.453542,40.544855],[-8.453748,40.543789],[-8.453724,40.543717],[-8.453691,40.543694],[-8.453661,40.543682],[-8.453679,40.543588],[-8.453755,40.543576],[-8.453807,40.543563],[-8.453844,40.54353],[-8.453861,40.543469],[-8.453997,40.543062],[-8.454163,40.542316],[-8.454699,40.540384],[-8.45514,40.538687],[-8.455253,40.538152],[-8.455211,40.537005],[-8.45519366372705,40.53672546807192],[-8.455144036195755,40.53666620113745],[-8.455083066031499,40.53663387404926],[-8.454958291043877,40.53663495273759],[-8.454949,40.536598],[-8.45493276761118,40.53654335789069],[-8.455000826338633,40.53652503831234],[-8.455067467022193,40.53650025317666],[-8.455114257000556,40.53646684747363],[-8.455141196513425,40.53643882988919],[-8.45516388213161,40.53639895885966],[-8.455176642425041,40.53635585513547],[-8.455206,40.536288],[-8.455213,40.536188],[-8.455308,40.53536],[-8.455311,40.535203],[-8.455283,40.535106],[-8.455244,40.534969],[-8.455159,40.534798],[-8.455049613633687,40.53465109341924],[-8.454943293294603,40.53451904625965],[-8.454723025781005,40.5342675180849],[-8.454592075713295,40.53427383654586],[-8.454550504690491,40.53422644384069],[-8.454592076287346,40.53420274778826],[-8.454602469387156,40.53417115283157],[-8.454147,40.533679],[-8.453466,40.532974],[-8.452914,40.532353],[-8.452759,40.532128],[-8.45264,40.531882],[-8.452567,40.531725],[-8.452195,40.530809],[-8.451967,40.530283],[-8.451912,40.530122],[-8.451738,40.52994],[-8.451595,40.529838],[-8.451441,40.529776],[-8.451404826647353,40.52976380470245],[-8.451388609524038,40.52968984744215],[-8.451379342669554,40.52960180306503]]}},{"type":"Feature","properties":{"source":"caminho-do-centenario.kml"},"geometry":{"type":"LineString","coordinates":[[-8.45138,40.529601],[-8.454039739267746,40.52930436930906],[-8.45537771862652,40.52916863335854],[-8.456281258212123,40.52905861953827],[-8.45633,40.528988]]}},{"type":"Feature","properties":{"source":"caminho-do-centenario.kml"},"geometry":{"type":"LineString","coordinates":[[-8.456339,40.528985],[-8.456430561442081,40.52790976698806],[-8.456410341253388,40.52702801364234],[-8.456420503288552,40.52657746676301],[-8.45644760059366,40.52636120372181],[-8.456481471898961,40.5262118788839],[-8.456529,40.526028],[-8.456752347806976,40.52534663988588],[-8.456839,40.524747],[-8.456889,40.524401],[-8.456885,40.524146],[-8.45674458209742,40.52369512222549],[-8.456677398933408,40.52345322151689],[-8.456649,40.523345]]}},{"type":"Feature","properties":{"source":"caminho-do-centenario.kml"},"geometry":{"type":"LineString","coordinates":[[-8.456647522616107,40.52334760733344],[-8.45659086978593,40.5226044117026],[-8.45651558770465,40.52189976676103],[-8.456489190582314,40.52165340383525],[-8.45649763258455,40.5215122213058],[-8.45651451665904,40.52137745589779],[-8.456531400711246,40.52127691640559],[-8.456582432318045,40.52113441823456],[-8.456781,40.520735],[-8.45690390165186,40.52047895590039]]}},{"type":"Feature","properties":{"source":"caminho-do-centenario.kml"},"geometry":{"type":"LineString","coordinates":[[-8.456903901626399,40.52047748960994],[-8.456944420235606,40.52030295201479],[-8.456983009140579,40.52011521467261],[-8.456961786411135,40.5198512093548],[-8.456954069012285,40.51977787454442]]}},{"type":"Feature","properties":{"source":"caminho-do-centenario.kml"},"geometry":{"type":"LineString","coordinates":[[-8.456950182266949,40.51977365678098],[-8.45690364753637,40.51951992838373],[-8.456855507885814,40.51940404270809],[-8.45675441413972,40.51931987278766],[-8.45655704065935,40.51920032638797],[-8.456131223629274,40.51891947441111],[-8.455900278463384,40.51876456183768],[-8.455764994984284,40.51868760832164],[-8.455696725567014,40.51860929796433],[-8.455624906493677,40.51849854041525],[-8.455602335571296,40.51842366232007],[-8.455586842149659,40.51833966424457],[-8.45557589702927,40.51826310468084],[-8.455552515651016,40.51811766775754],[-8.455524276620313,40.51800733978145],[-8.45550991336027,40.51797185340979],[-8.455492364643892,40.51794831907629],[-8.455459875003493,40.51792567869722]]}},{"type":"Feature","properties":{"source":"caminho-do-centenario.kml"},"geometry":{"type":"LineString","coordinates":[[-8.455461503982894,40.51792723907715],[-8.45543441153239,40.51791488168689],[-8.455385645192235,40.51790417197179],[-8.455322790837943,40.51791652944129],[-8.455213337480826,40.51800715055237],[-8.4551277255518,40.51795030630651],[-8.455250183268157,40.51784403253333],[-8.455343380976487,40.51775670662346],[-8.455344464669084,40.51775423512317],[-8.455374808070296,40.51769162402321],[-8.455380226527888,40.51767020440099]]}},{"type":"Feature","properties":{"source":"caminho-do-centenario.kml"},"geometry":{"type":"LineString","coordinates":[[-8.455381097615879,40.51767033722236],[-8.455388683265447,40.51759207339989],[-8.455348586446593,40.51736634433853],[-8.455251267775221,40.51702664974307],[-8.454943003741352,40.51598260528733],[-8.454894651412411,40.51582220025879],[-8.454888057891042,40.51580716227335],[-8.454819924247515,40.51574366836506],[-8.454715285288108,40.51568316797461],[-8.454755789271225,40.5156173855985],[-8.454822067444086,40.51564397882406],[-8.454842319380834,40.51562298445702],[-8.454833114478923,40.51556559960434]]}},{"type":"Feature","properties":{"source":"caminho-do-centenario.kml"},"geometry":{"type":"LineString","coordinates":[[-8.454831390706088,40.5155621006616],[-8.454489,40.514157]]}},{"type":"Feature","properties":{"source":"caminho-do-centenario.kml"},"geometry":{"type":"LineString","coordinates":[[-8.454485,40.514169],[-8.45441,40.513971],[-8.453948,40.5136],[-8.4539,40.513538],[-8.453856,40.513463],[-8.453775,40.513344],[-8.45375058610677,40.51329161882602],[-8.453638422669052,40.51330353933379],[-8.45362756777281,40.51326227831045],[-8.45366013119149,40.51324393987719],[-8.453678221545307,40.51318617423998],[-8.45369148740089,40.51310181809458],[-8.453644,40.512951],[-8.453642,40.512821],[-8.453596,40.51271],[-8.453557,40.512535],[-8.453558,40.512282],[-8.453526762723472,40.51206629940509],[-8.453446449317777,40.51206759249479],[-8.453422148303176,40.5120064842442],[-8.453498676113204,40.51199667404039],[-8.453472,40.511938],[-8.453318,40.511572],[-8.453224,40.511386],[-8.453157,40.510833],[-8.453141,40.510665],[-8.453112,40.510473],[-8.453082,40.510341],[-8.453033,40.510253],[-8.452998,40.510139],[-8.452943301069261,40.51003843628327],[-8.452835438840593,40.51001445905734],[-8.452820007351546,40.50997475662814],[-8.452855173796012,40.50995597380457],[-8.452882561677464,40.50992728714892],[-8.452841,40.509769],[-8.45281,40.509633],[-8.45283,40.509495],[-8.452875,40.509368],[-8.452919,40.509263],[-8.453078,40.509003],[-8.453185,40.508815],[-8.453248,40.508654],[-8.453323,40.508471],[-8.453383,40.508322],[-8.453443,40.508137],[-8.453528,40.507958],[-8.453576,40.507785],[-8.453589,40.507603],[-8.453579358988865,40.50745654594113],[-8.453540715828483,40.50732101313814],[-8.45338644086618,40.5070630316193],[-8.453209132434491,40.50683290278574],[-8.453154138191582,40.50681405946063],[-8.453070833373548,40.50679383357712],[-8.45304358742833,40.50674735938241],[-8.453092784602532,40.50673451721949],[-8.45310333633646,40.50669634943294],[-8.453092620904957,40.50668153984466],[-8.45301155369767,40.50655543989715],[-8.45286955149999,40.50635141878638],[-8.452765210844793,40.50609606743432],[-8.452721351127616,40.50587783557678],[-8.452707254301359,40.50567670487898],[-8.452647797117253,40.50567320954909],[-8.452641428031065,40.50563701066156],[-8.452700272186663,40.50562837303209],[-8.452710905896735,40.50556739529061],[-8.452712750571648,40.50555867377642],[-8.452715398050604,40.5052015198079],[-8.452699709053753,40.50489242693763],[-8.452657518981926,40.50486820775371],[-8.452625076851973,40.50485220315942],[-8.452624319814161,40.50479989200873],[-8.452662853802181,40.50478881007798],[-8.452666501655251,40.50478728327025],[-8.452712015687405,40.50476606872699],[-8.452712783455784,40.50466978246535],[-8.452751077409392,40.50410203840485],[-8.452734483157808,40.50407200342884],[-8.45272097614663,40.50405333556537],[-8.452726405564166,40.5040111470227],[-8.452750557679732,40.50399126742978],[-8.452752973363175,40.50398927906058],[-8.452778908848126,40.50390437771809],[-8.452878594025778,40.50356358970428]]}},{"type":"Feature","properties":{"source":"caminho-do-centenario.kml"},"geometry":{"type":"LineString","coordinates":[[-8.45287297554216,40.50354422023102],[-8.452916609119471,40.5033561899753],[-8.452906413085884,40.5033174257807],[-8.452857471884542,40.50324920079293],[-8.452906413475032,40.50318562776412],[-8.452961472470125,40.50319493124238],[-8.453030806082557,40.50318562794999],[-8.453094022015854,40.50312360544317],[-8.453617162877524,40.50242845178807],[-8.454520344461457,40.50125140957842],[-8.45468319196328,40.50107206062594],[-8.455526128630167,40.50029516915038],[-8.455600199087405,40.50018016778474],[-8.455748338325142,40.49990791918803],[-8.455779197003325,40.49974128490388],[-8.45575141638459,40.49965914210874],[-8.455017180675927,40.49864179542626],[-8.454706052728842,40.49820145096207],[-8.454503946328046,40.49790389654596],[-8.454362041835,40.49760960951431],[-8.45406769615572,40.49686981124016],[-8.453900677225903,40.49640298291502],[-8.4538600505225,40.49616270180363],[-8.453821248179043,40.49570210189258],[-8.453761595012836,40.49535677245915],[-8.453755810930403,40.49532826560872],[-8.453760184284812,40.49528330516539],[-8.453768934134677,40.49521669692956],[-8.453773305222928,40.49515508460222],[-8.453793007195161,40.49511511852569],[-8.453872964054316,40.49501079575842],[-8.453937694230005,40.49489152122809],[-8.454002424127138,40.49481011163586],[-8.454119436027018,40.49454884302217],[-8.4541629574284,40.49421165520888],[-8.45414681990718,40.49399518974001],[-8.454061847632744,40.4939747836706],[-8.454061847901128,40.49389996151457],[-8.454142347926444,40.49389996152834],[-8.454187070153797,40.49389656050057],[-8.45424073737833,40.49366869257142],[-8.45441068418112,40.49299188584244],[-8.4545838763588,40.49190610936605],[-8.45501948684743,40.49048776551235],[-8.454970660735597,40.49046772975225],[-8.454992352907706,40.49040439344277],[-8.45506177177424,40.49039559585754],[-8.455302665268302,40.48961526368638],[-8.455445254785307,40.4892218858101],[-8.45555340010036,40.48874287908485],[-8.455534309814187,40.48841870280459],[-8.455527947798133,40.48840902597323],[-8.455436934830411,40.48813165501725],[-8.45483601335577,40.48619753297474],[-8.454580124738136,40.4856247370351],[-8.454496304607499,40.48548448487207],[-8.454109998843741,40.48483193847331],[-8.453996125008631,40.48481808096454],[-8.4539596858611,40.48476265079191],[-8.454000680711065,40.48471761372353],[-8.453968796800694,40.48462407521419],[-8.45387350130393,40.48448342945063],[-8.453665639062361,40.48417119231635],[-8.453608477501726,40.48406250254546],[-8.453569503710241,40.48394195581476],[-8.45354611939327,40.48378781415044],[-8.453504547659085,40.48349929242298],[-8.453462075056189,40.4829311414576],[-8.453408978312188,40.48245811220772],[-8.453397494411258,40.48202717959277],[-8.453357980448166,40.48089894774649]]}},{"type":"Feature","properties":{"source":"caminho-do-centenario.kml"},"geometry":{"type":"LineString","coordinates":[[-8.453354716374374,40.48089770638172],[-8.453353084387299,40.4808232245633],[-8.453472222923086,40.48082074183406],[-8.453465694620947,40.48049302160241],[-8.453490321151742,40.48024397333076],[-8.453594205874985,40.47976127637329],[-8.453685697839092,40.47911405863467],[-8.453806002960965,40.47840653942613]]}},{"type":"Feature","properties":{"source":"caminho-do-centenario.kml"},"geometry":{"type":"LineString","coordinates":[[-8.453839459915452,40.47791208568619],[-8.45384467051951,40.47781111041483],[-8.453845119289982,40.47654459624496],[-8.45384003504083,40.47616169861422],[-8.45387096387812,40.47518907929218],[-8.453933627420316,40.47458083511506],[-8.454211875033016,40.47314453471869],[-8.454272532589734,40.47275505129063],[-8.45441773903617,40.47175220717129],[-8.454536842844448,40.47081755503034],[-8.454633390273168,40.47018749578717],[-8.454817079874509,40.46950339376004]]}},{"type":"Feature","properties":{"source":"caminho-do-centenario.kml"},"geometry":{"type":"LineString","coordinates":[[-8.454819480948228,40.46949488550287],[-8.455209655054311,40.46956810629132],[-8.455443162593257,40.46961199567743],[-8.455613066071114,40.46960949151792],[-8.455880842527682,40.46959609315835],[-8.456138204820839,40.46955483363591],[-8.45637855143412,40.46949782925552],[-8.456507006587694,40.46946661725448],[-8.456644896247624,40.46949031577707],[-8.456891578284392,40.46953523106124],[-8.456975568058258,40.4695286415159],[-8.457125373001718,40.469320894321],[-8.457256130004403,40.4690050653005],[-8.457258597066179,40.46873439950581],[-8.45722093903026,40.46861009815264],[-8.457178495215587,40.4685229661994],[-8.457123135334657,40.46840773243382],[-8.457007312127692,40.4681418774775],[-8.456980510726792,40.46802750419335],[-8.457070759423718,40.46787156382686],[-8.457395171222542,40.46775460778748],[-8.45770199492174,40.46754351066521],[-8.457907679580385,40.46720991377126],[-8.458156472345244,40.46674977354664],[-8.458505617221725,40.46627057240906],[-8.459051213782477,40.46581192130668],[-8.459288252604537,40.46559366339969],[-8.459601665736523,40.46527125766722],[-8.459766045759567,40.46502420830353],[-8.459846438404817,40.46466295591134],[-8.459907743479064,40.46416232937275],[-8.459904230769661,40.46391922706568],[-8.460085169144245,40.46378389011395],[-8.460594722337685,40.46355051749768],[-8.461080313179831,40.4634240587262],[-8.461898507276036,40.46295854334633]]}},{"type":"Feature","properties":{"source":"caminho-do-centenario.kml"},"geometry":{"type":"LineString","coordinates":[[-8.461903236654335,40.46295448993282],[-8.462007174414532,40.46274513058146],[-8.46202250448025,40.46253231654607],[-8.462006117639437,40.46236835566113],[-8.461942377968494,40.46217143451816],[-8.461786189562956,40.4618538735414],[-8.461341416447558,40.46152702411148],[-8.461016294882098,40.4612897552956],[-8.460840517014546,40.46111491284071],[-8.46071949718499,40.46091682955152],[-8.460654548681664,40.46073088921916],[-8.460599521158155,40.46041379006415],[-8.460528576196749,40.46023994353514],[-8.460387023876285,40.46011427798388],[-8.460268963323971,40.46004440699133],[-8.460107486051566,40.4600121131639],[-8.459925986589187,40.45997905553291],[-8.459795491448954,40.45993679858332],[-8.459635968545886,40.45983431341952],[-8.459472046016206,40.45966463722183],[-8.459340318739839,40.45954433822104],[-8.45921789875452,40.45935554745054],[-8.459122369735395,40.45907351136971],[-8.459050400235526,40.45879461414658],[-8.458998748832162,40.45845325659784],[-8.458933145614633,40.45822187149409],[-8.458824488916934,40.45805538774052],[-8.458580526528243,40.45786559819478],[-8.45827499745681,40.45766259893535],[-8.458055928528553,40.45745260610692],[-8.457955540259874,40.45732476584178],[-8.457884783512243,40.45700267614327],[-8.457774688281223,40.45671716649628],[-8.457574314496927,40.4564419891986],[-8.457299997338769,40.45630207071473],[-8.457206213328341,40.45613988155401],[-8.457270420694964,40.4559908082941],[-8.4579810329412,40.45541226111399],[-8.45853246558416,40.45505027075598],[-8.458835242401817,40.45484947734949],[-8.458930059828766,40.45474425093988],[-8.45888511567079,40.4544479040776],[-8.45877136748486,40.45427574568267],[-8.458404809070789,40.45408811730749],[-8.458260222192568,40.45373590183155],[-8.45834535620326,40.45341155835556],[-8.458522927718562,40.4530610004978],[-8.458740030707268,40.4527117456185],[-8.45893059242853,40.45246809660556],[-8.459042277236643,40.45235234599067],[-8.459507449734133,40.45237398384904],[-8.459521507328793,40.45228555678078],[-8.45916095419829,40.45225889199791],[-8.459114869846395,40.45194179500263],[-8.458942489244443,40.45166015532662],[-8.458607510565438,40.45136909387195],[-8.458268450685745,40.45099637341532],[-8.45807635312146,40.45072197818914],[-8.45795897207069,40.4505767586741],[-8.45781020916138,40.45040721174289],[-8.457723886422992,40.45030938876464],[-8.457469317835162,40.45014020245995],[-8.457242664000502,40.44994584773232],[-8.456849285436729,40.44968259132413],[-8.456463452603526,40.449485115589],[-8.456023313492848,40.44918861369533],[-8.455806138541226,40.44913976981549],[-8.455465942324977,40.44901783731896],[-8.455057453319776,40.44885015590979],[-8.454878182781682,40.44872080590005],[-8.454781356199291,40.44850959717557],[-8.454765740448668,40.44835777820971],[-8.454713001633653,40.44820793111018],[-8.45458446359372,40.44800788547928],[-8.454514434053333,40.44787078411526],[-8.454432884410975,40.44766309500716],[-8.45433388623324,40.44740250806832],[-8.45433650150358,40.44732382637299],[-8.454391924106247,40.44709224249157],[-8.454350284377671,40.44684661309592],[-8.454301665290805,40.44672419036902],[-8.454116144546068,40.44644878009891],[-8.454016887665395,40.44619307508528],[-8.45453431821818,40.44614686359704]]}},{"type":"Feature","properties":{"source":"caminho-do-centenario.kml"},"geometry":{"type":"LineString","coordinates":[[-8.454540578029698,40.44614313310802],[-8.45453696240268,40.44599420995908],[-8.454530601390932,40.44581701527458],[-8.454532804413967,40.44567322050958],[-8.45454140437423,40.44559440537314],[-8.45458985205212,40.44523553648912],[-8.454621840699332,40.44483367949321]]}},{"type":"Feature","properties":{"source":"caminho-do-centenario.kml"},"geometry":{"type":"LineString","coordinates":[[-8.45462,40.444834],[-8.454704204767667,40.44483855772307],[-8.45474059000429,40.44472337992965],[-8.454794345949296,40.44464726294946],[-8.454912899826482,40.44458193756074],[-8.455074207702628,40.44457365983189],[-8.456313874666538,40.44463470626473],[-8.457610599295492,40.44470539902846],[-8.457799473118495,40.4447276069378],[-8.45780817922623,40.44460672676517]]}},{"type":"Feature","properties":{"source":"caminho-do-centenario.kml"},"geometry":{"type":"LineString","coordinates":[[-8.457815951351574,40.44460799739218],[-8.457855572410237,40.44460504787675],[-8.457913560464785,40.44459123808888],[-8.457956,40.444557],[-8.457988210978115,40.44450976205805],[-8.457987959214964,40.44445528936697],[-8.457958908787461,40.44436784337127],[-8.457915377042953,40.44426214054592],[-8.457788556712176,40.44401741834243],[-8.457700841749213,40.4438398943583],[-8.457677,40.443758],[-8.457674,40.443723],[-8.457624,40.443103],[-8.457654,40.442337],[-8.457682,40.442167],[-8.458066,40.441402],[-8.458081,40.441324],[-8.458098,40.441004],[-8.458067,40.440323],[-8.458089559346464,40.44018469334393],[-8.458285490235756,40.43968042562553],[-8.45827352549284,40.43964172332174],[-8.458246604424994,40.43962351039487],[-8.458183788358856,40.43961895692848],[-8.458191266984135,40.43955635036281],[-8.45831091662647,40.43955521248799],[-8.458336342366762,40.43952789330605],[-8.458513840346097,40.43907349742414],[-8.458472652076402,40.43906304796822],[-8.458328260216353,40.43908250649067],[-8.458286844206063,40.4390028717407],[-8.458424173583591,40.4389083057118],[-8.458541884372469,40.43884692049158],[-8.458624718195349,40.43875733098095]]}},{"type":"Feature","properties":{"source":"caminho-do-centenario.kml"},"geometry":{"type":"LineString","coordinates":[[-8.458624718195349,40.43875733098095],[-8.458541884372469,40.43884692049158],[-8.458424173583591,40.4389083057118],[-8.458286844206063,40.4390028717407],[-8.458328260216353,40.43908250649067],[-8.458472652076402,40.43906304796822],[-8.458513840346097,40.43907349742414],[-8.458336342366762,40.43952789330605],[-8.45831091662647,40.43955521248799],[-8.458191266984135,40.43955635036281],[-8.458183788358856,40.43961895692848],[-8.458246604424994,40.43962351039487],[-8.45827352549284,40.43964172332174],[-8.458285490235756,40.43968042562553],[-8.458089559346464,40.44018469334393],[-8.458067,40.440323],[-8.458098,40.441004],[-8.458081,40.441324],[-8.458066,40.441402],[-8.457682,40.442167],[-8.457654,40.442337],[-8.457624,40.443103],[-8.457674,40.443723],[-8.457677,40.443758],[-8.457700841749213,40.4438398943583],[-8.457788556712176,40.44401741834243],[-8.457915377042953,40.44426214054592],[-8.457958908787461,40.44436784337127],[-8.457987959214964,40.44445528936697],[-8.457988210978115,40.44450976205805],[-8.457956,40.444557],[-8.457913560464785,40.44459123808888],[-8.457855572410237,40.44460504787675],[-8.457815951351574,40.44460799739218]]}},{"type":"Feature","properties":{"source":"caminho-do-centenario.kml"},"geometry":{"type":"LineString","coordinates":[[-8.458626436285218,40.43875956640176],[-8.458652654263018,40.43872070769324],[-8.458685771660283,40.43866819591314],[-8.45871888900498,40.43860938270866],[-8.458846,40.438348],[-8.458891947286913,40.43822076609551],[-8.458940242401102,40.43806007963674],[-8.458960939780082,40.43787733844107],[-8.45895679966748,40.43773765698386],[-8.458959554329997,40.43739781326164],[-8.458934523517955,40.43736479117937],[-8.458884462083986,40.43734446997897],[-8.458896142976739,40.43729747687415],[-8.458922842360554,40.43729747680689],[-8.458944535581622,40.43728350583021],[-8.458964559855701,40.43718697934742],[-8.459014,40.437077],[-8.459096010927299,40.43694599574133],[-8.459332299727306,40.43668600036466],[-8.459458,40.436544],[-8.459598,40.436297],[-8.459631,40.436203],[-8.459652,40.436005],[-8.459608,40.435407],[-8.45958,40.4351],[-8.459561,40.434819],[-8.459574,40.434738],[-8.459591,40.434644],[-8.45961,40.434546],[-8.459643,40.434449],[-8.46001,40.433662],[-8.460171717865435,40.43333553624252],[-8.460287305456234,40.43313868828041],[-8.460426402719941,40.43294333111048],[-8.46053807295354,40.43281955453358],[-8.460620356157282,40.43272560340189],[-8.460692842925718,40.43261226569521],[-8.460749656450004,40.43250489305385],[-8.460773,40.432394],[-8.460802,40.432258],[-8.460816,40.432174],[-8.46081525530743,40.43208141227456],[-8.4608543390281,40.43164844416507],[-8.460903,40.431168],[-8.460928,40.430958],[-8.460993,40.430684],[-8.461035,40.430575],[-8.461135,40.430317],[-8.46129,40.429916],[-8.46155,40.429321],[-8.461779,40.428838],[-8.462034,40.428294],[-8.462236,40.427888],[-8.462381,40.427605],[-8.462437,40.427511],[-8.462529,40.427415],[-8.462663,40.427283],[-8.463019,40.426901],[-8.463052,40.426858],[-8.46306,40.426676],[-8.463055,40.425875],[-8.462914,40.425776],[-8.462884,40.42576],[-8.462848,40.425731],[-8.462811,40.42565],[-8.462787302342171,40.4255855702103],[-8.462686780801219,40.42557207000851],[-8.462707471612484,40.42549329740746],[-8.46279025332424,40.42549329446328],[-8.462855294331929,40.42546403394606],[-8.462946940733337,40.42538525853566],[-8.463006067484093,40.42533574242572],[-8.463020847050233,40.42528847857273],[-8.46303,40.425224],[-8.46304,40.425179],[-8.462980596821373,40.42452693607233],[-8.462880387380988,40.42333249819178],[-8.462913,40.42314],[-8.462918,40.423017],[-8.462985,40.422737],[-8.463062,40.422382],[-8.463073,40.422175],[-8.463147,40.421753],[-8.463153,40.421271],[-8.463113,40.420848],[-8.463004373594204,40.42033211980352],[-8.462958672760417,40.42009581544185],[-8.463041452607873,40.42008713891553],[-8.463049136407859,40.4200216170746],[-8.463097702357071,40.41995087593298],[-8.463144559780552,40.41988508936405],[-8.463478015685812,40.41959871559433],[-8.46374653480765,40.41936098286635],[-8.464076642246583,40.41906428351986],[-8.464149289025505,40.41896888444064]]}},{"type":"Feature","properties":{"source":"caminho-do-centenario.kml"},"geometry":{"type":"LineString","coordinates":[[-8.46414619257464,40.41896720418665],[-8.464228611982529,40.4188571310641],[-8.464391384863392,40.41863644856634],[-8.464482805082847,40.41849215587909],[-8.46463372807505,40.4182291165585],[-8.464713871423967,40.41809682791665],[-8.464742005171699,40.41806413554866],[-8.46477754249914,40.41804722561936],[-8.46482487204781,40.4180345826916]]}},{"type":"Feature","properties":{"source":"caminho-do-centenario.kml"},"geometry":{"type":"LineString","coordinates":[[-8.464826595502789,40.41803460155007],[-8.464859298128337,40.41796389140124],[-8.46514,40.417435],[-8.465404,40.416966],[-8.46592235822328,40.41606888589317],[-8.465973742059296,40.41601858518567],[-8.466080181067602,40.41597247538202],[-8.466155422904754,40.41596269373831],[-8.466247181721249,40.41597107567632],[-8.466386655802413,40.41600600397176],[-8.466880322813662,40.41613174485725],[-8.467028974329448,40.41616527518546],[-8.467069345135608,40.41608144074929]]}},{"type":"Feature","properties":{"source":"caminho-do-centenario.kml"},"geometry":{"type":"LineString","coordinates":[[-8.467059177299964,40.41607532343473],[-8.467594901537955,40.41619260706372],[-8.467797985537102,40.41619793322599],[-8.467980060544244,40.41618993051028],[-8.468527117832863,40.41604429636639],[-8.468757360481549,40.41599580167665],[-8.468819,40.415936],[-8.46902,40.415675],[-8.469259,40.41544],[-8.469754464787101,40.41509975890391],[-8.470495763828852,40.41465288210133],[-8.471337921670685,40.41408704701301],[-8.471618,40.413873],[-8.471844,40.413647],[-8.47202,40.413353],[-8.472174,40.412984],[-8.472263,40.412586],[-8.472353,40.412388],[-8.472535,40.412136],[-8.472738,40.411823],[-8.472942,40.411525],[-8.473057,40.411333],[-8.473195,40.411061]]}},{"type":"Feature","properties":{"source":"caminho-do-centenario.kml"},"geometry":{"type":"LineString","coordinates":[[-8.473193,40.411063],[-8.473564468973656,40.4103511652614],[-8.474023875742713,40.40971856110733],[-8.474752,40.40871],[-8.475205,40.408051],[-8.475476,40.407721],[-8.475909,40.407277],[-8.476233,40.406932],[-8.476474,40.406574],[-8.476642,40.406355],[-8.476728,40.406225]]}},{"type":"Feature","properties":{"source":"caminho-do-centenario.kml"},"geometry":{"type":"LineString","coordinates":[[-8.47673,40.40622],[-8.477371,40.405631],[-8.477519,40.405485],[-8.477697,40.405272],[-8.478023,40.404928],[-8.478159,40.404768],[-8.478329,40.404658],[-8.478418,40.404606]]}},{"type":"Feature","properties":{"source":"caminho-do-centenario.kml"},"geometry":{"type":"LineString","coordinates":[[-8.478424,40.404608],[-8.478921,40.404394],[-8.479166,40.404262],[-8.479357,40.404127],[-8.479604,40.403884],[-8.479856,40.403607],[-8.480052,40.403338],[-8.480231,40.403058],[-8.480422,40.402682],[-8.480631,40.402278],[-8.480965,40.401628],[-8.481111112165523,40.40153523492359],[-8.481313928927179,40.40145306822029],[-8.482096931013787,40.40101488320029],[-8.482352745491099,40.40087004175854],[-8.482390762032544,40.40080421465934],[-8.482356163299215,40.40069100485066],[-8.482302093086098,40.4005156523749],[-8.482390402357284,40.40050585896019],[-8.482329086836174,40.40023724367305],[-8.48227515870871,40.40003855446255],[-8.482226765045763,40.39987750094156],[-8.482106016093635,40.39968645931176],[-8.481934968581152,40.39951363068944],[-8.481828908385506,40.39938402155978],[-8.481812150514795,40.39930965013253],[-8.481832351533104,40.39928095276884],[-8.481870431322065,40.39927026340753],[-8.481828329825206,40.39921989796642],[-8.481728115482872,40.39922754211523],[-8.48166397556996,40.39921991796845],[-8.481635910837532,40.39920007834567],[-8.481587568003286,40.39913678327049],[-8.481499389188107,40.39917943640159],[-8.481295546644374,40.39893187920918],[-8.481270929179976,40.39897085727127],[-8.481195775036587,40.39894224267727],[-8.481233348163856,40.39885935299505],[-8.481028935893976,40.39857566124639],[-8.480923761801591,40.39852880078453],[-8.480903597661932,40.39852112566462],[-8.480932393491813,40.39848163830121],[-8.480933828618891,40.39845641222186],[-8.480794153417406,40.39821218798189],[-8.480757503527753,40.39820288895648],[-8.480731715357683,40.39820909401973],[-8.480693698699122,40.39815224537208],[-8.480728982882438,40.39811916329535],[-8.480731690554004,40.39808401748821],[-8.480446402534756,40.3977645716159],[-8.480113046318815,40.39743849617094],[-8.479903,40.397224],[-8.479636,40.396944],[-8.479240671205158,40.3965507646117],[-8.479183764939897,40.39650743764594],[-8.479151898318566,40.39648837444967],[-8.479167820908781,40.39643637358278],[-8.479202150696445,40.39643980716684],[-8.479221647003802,40.39641581486017],[-8.479143,40.396104],[-8.479072,40.395921],[-8.478874,40.395626],[-8.478730512898078,40.39542033417346]]}},{"type":"Feature","properties":{"source":"caminho-do-centenario.kml"},"geometry":{"type":"LineString","coordinates":[[-8.478726287487317,40.39542033458321],[-8.47842487994869,40.39500197516532],[-8.478329839657992,40.39483805399595],[-8.478227211044594,40.39464720187863],[-8.478121,40.394392],[-8.477785380753161,40.39368107050835],[-8.47745976666307,40.39296975709168],[-8.477176,40.392384],[-8.476993242783234,40.39216422225015],[-8.47666274061442,40.39181870313256],[-8.47650890816794,40.39161311865004],[-8.4763025944101,40.3912450137686],[-8.47613057541993,40.39093987870739],[-8.476030853626296,40.39072875877689],[-8.475955447632987,40.39051578482564],[-8.475892286457377,40.39022652714967]]}},{"type":"Feature","properties":{"source":"caminho-do-centenario.kml"},"geometry":{"type":"LineString","coordinates":[[-8.475893,40.39023],[-8.475785,40.389398],[-8.4759,40.388897],[-8.476084,40.388346],[-8.476199,40.388001],[-8.476259146882565,40.38769536883775],[-8.476275791805406,40.38734959404115],[-8.476268596401843,40.38707525130494],[-8.476216669014413,40.3868632235783],[-8.476172656380026,40.38685246679556],[-8.47614367577373,40.38684952578436],[-8.476122417152597,40.38679949325647],[-8.476155258716236,40.38677888854751],[-8.476186168076847,40.3867568123699],[-8.476191,40.386724],[-8.476088500268915,40.38643024959865],[-8.475938699631332,40.38607162141758],[-8.475899620754667,40.38606350638771],[-8.475878305872888,40.38606621385792],[-8.475869417730644,40.38601209545053],[-8.475920927910256,40.38599991499071],[-8.475609581953801,40.38524749293096],[-8.47554197526849,40.38483297246819],[-8.475463390405944,40.3843493729274],[-8.47536789571175,40.38364165116176],[-8.475312563763918,40.38363041580089],[-8.475283054573787,40.3836346324424],[-8.475262761772246,40.38359248716819],[-8.475288580792219,40.38357562679038],[-8.475323620707748,40.38355174133945],[-8.475353083302752,40.38295427190662],[-8.474435226653016,40.38274612095172],[-8.472926674658494,40.38234756604721]]}},{"type":"Feature","properties":{"source":"caminho-do-centenario.kml"},"geometry":{"type":"LineString","coordinates":[[-8.472960931029844,40.38229492728497],[-8.472863425197176,40.38197231024311],[-8.472743597175501,40.38164360330737],[-8.472704271916632,40.38155104772982],[-8.472524092143619,40.38137047557324],[-8.472356558431587,40.38122361057671],[-8.472162581397262,40.38094072110527]]}},{"type":"Feature","properties":{"source":"caminho-do-centenario.kml"},"geometry":{"type":"LineString","coordinates":[[-8.472167,40.380941],[-8.471719,40.380383],[-8.471538,40.38],[-8.471533,40.379137],[-8.471474,40.379046],[-8.471409,40.378957],[-8.471334,40.378896],[-8.470980899890536,40.3786128870282],[-8.470493649865498,40.37842432128155],[-8.470238234847862,40.37827466114279],[-8.47002997483136,40.37818486559488],[-8.469963173334087,40.37812799361195],[-8.469935,40.378077],[-8.469904,40.378015],[-8.469864,40.377577],[-8.469689,40.377001],[-8.469617,40.376736],[-8.469666,40.376679],[-8.46963,40.376559],[-8.468956,40.374019],[-8.468887,40.373808],[-8.46886,40.373665],[-8.468846,40.373599],[-8.468794,40.373525],[-8.468571,40.372811],[-8.468568,40.372688],[-8.468541,40.372515],[-8.468471,40.372297],[-8.468347,40.372016],[-8.468284,40.371911],[-8.468149578442393,40.37161365960441],[-8.468096292625773,40.37150540456265],[-8.46808741129738,40.37142928758983],[-8.468087,40.371354],[-8.46815623682112,40.37130242563721],[-8.468256145653637,40.37126182941341],[-8.46846706429658,40.37123983870362],[-8.468546990927372,40.37120939133659],[-8.468595834468864,40.37116033783108],[-8.468604,40.371086],[-8.468583,40.370998],[-8.468581,40.370864]]}},{"type":"Feature","properties":{"source":"caminho-do-centenario.kml"},"geometry":{"type":"LineString","coordinates":[[-8.468583,40.370855],[-8.468224513584973,40.37062032316069],[-8.468372487946697,40.37052820706632],[-8.468500026060577,40.37008325710109],[-8.46859,40.369839],[-8.468702884995578,40.36930292760236],[-8.468737,40.368943],[-8.468740650305506,40.36811945429936],[-8.468531279396865,40.36801069343714],[-8.468091111991392,40.36779506627492],[-8.467931306401,40.36766890610509],[-8.467852542166996,40.3676215295072],[-8.467864978187949,40.36756309811139],[-8.467724,40.367366],[-8.467530888595757,40.36711732104578],[-8.467471150875888,40.36695595053093],[-8.467422274547623,40.3667883730293],[-8.467227327355534,40.36672829853847],[-8.467251676795637,40.3666231710956],[-8.46723,40.366509],[-8.466933,40.366363],[-8.466712,40.366067],[-8.466635,40.365905],[-8.466491,40.365348],[-8.466382,40.364733],[-8.466236731906275,40.36418005315309],[-8.466093357918812,40.36358730315122],[-8.466013471168658,40.36330272918075],[-8.465907371404382,40.36315114200681],[-8.465871005474256,40.36310561319309],[-8.465957629868324,40.36307985708359]]}},{"type":"Feature","properties":{"source":"caminho-do-centenario.kml"},"geometry":{"type":"LineString","coordinates":[[-8.465955517151531,40.36307663738516],[-8.466052705545945,40.36303800261752],[-8.46609,40.361551],[-8.466131,40.36087],[-8.466323,40.359925],[-8.466369,40.359552],[-8.466356,40.359328],[-8.466313,40.359164],[-8.466134,40.358281],[-8.466072041431477,40.35797595962399],[-8.465827055195978,40.35750073982034],[-8.465548089553094,40.35701580373325]]}},{"type":"Feature","properties":{"source":"caminho-do-centenario.kml"},"geometry":{"type":"LineString","coordinates":[[-8.465541770191859,40.35701680823799],[-8.465445268898213,40.35685659391855],[-8.465426312573744,40.35684871425917],[-8.465391845690785,40.35686053257432],[-8.46533842458038,40.35680012350821],[-8.465390124915682,40.35678173944958],[-8.465268,40.356676],[-8.464635640293674,40.35608837746782],[-8.464253,40.355593],[-8.463953900449358,40.35514556516946],[-8.46384049882156,40.35501592794427],[-8.463808608010817,40.35499352929007],[-8.463900308291405,40.35492690524141],[-8.46391523714364,40.35489927988826],[-8.46383460597261,40.35427731659629],[-8.46380994709478,40.35429798536644],[-8.463763098647908,40.35427543516859],[-8.463822284756082,40.35413638706329],[-8.463696,40.353567],[-8.463490784412178,40.35255568652256],[-8.463505,40.351907],[-8.46365126630785,40.35107510395549],[-8.463639337966116,40.35090952136601],[-8.463577265897541,40.35080944210088],[-8.463627408296393,40.3507657738047],[-8.463679934685391,40.35078397144012],[-8.463710976806425,40.35072756537382],[-8.46372531139707,40.35056926189202],[-8.463718,40.350386],[-8.463701,40.350032],[-8.46362623974339,40.34944875782959],[-8.46368155538007,40.34896560368832],[-8.463696775349455,40.34866891849048],[-8.46367846558426,40.34850137980136],[-8.463591457607428,40.34835129040264],[-8.463505551889808,40.34819802110098],[-8.463463357531442,40.34816407409421],[-8.46340475175328,40.34815871214934],[-8.463407099696651,40.34809796759064],[-8.46343523145932,40.34808367578052],[-8.463458675041705,40.34806402391708],[-8.46343758221464,40.34797469270794],[-8.463335752669584,40.34775287471827],[-8.463275962632043,40.34752953832265],[-8.46322859994539,40.34712673868229],[-8.463202467610374,40.34675777402549],[-8.46318570761849,40.34621761084095],[-8.463115174183788,40.34614592759538],[-8.463054714004704,40.34613056501354],[-8.462970743803861,40.34607424111379],[-8.463118544209177,40.34597184615773],[-8.463202,40.345865],[-8.463291,40.345193],[-8.463291775541764,40.34482302692894],[-8.463273,40.344619],[-8.463236,40.344092],[-8.463289,40.343509],[-8.463194,40.342879],[-8.463198,40.342454],[-8.463296,40.342047],[-8.463301,40.341832],[-8.463273,40.341729],[-8.463186626019874,40.34164109283771],[-8.462807271018812,40.34123460898683],[-8.461594700017784,40.33986776540918],[-8.461463492915243,40.33966443419221],[-8.46140541171807,40.33964147512995],[-8.46134517840859,40.33962835419636],[-8.46132152088375,40.33956276436226],[-8.461450595765603,40.33955129329284],[-8.461525890970515,40.33952670157128],[-8.461596885122573,40.33948571241217],[-8.461713064069105,40.33933978366309],[-8.461964,40.338912],[-8.462161,40.338591],[-8.462745193151036,40.33791537357305],[-8.46281852908706,40.33778415067052],[-8.462866362028038,40.33762133515194],[-8.46286706080014,40.33708563585304],[-8.46286905964256,40.33690094494753]]}},{"type":"Feature","properties":{"source":"caminho-do-centenario.kml"},"geometry":{"type":"LineString","coordinates":[[-8.462865087976134,40.33689488934621],[-8.462942543906275,40.33688883706063],[-8.462974317754238,40.3369297125921],[-8.463029926026703,40.33694182568511],[-8.46312327190505,40.33691003826231],[-8.463282916049245,40.33683656542032],[-8.463557133779458,40.33670280434254],[-8.463703745558385,40.33660827473125],[-8.46383597548847,40.33652383380571],[-8.463949038508757,40.33642198417461],[-8.464080625177388,40.33627055994963],[-8.464145131118228,40.33613683315936],[-8.464163198308082,40.33598737215223],[-8.464151883029167,40.33590774617903],[-8.464194,40.335896],[-8.46420917489389,40.33585073518857],[-8.464198037408107,40.33580949163568],[-8.464168168364717,40.33575548299076],[-8.464235210257145,40.33571831965796],[-8.46430022041918,40.33568425334659],[-8.464324599934255,40.33565638005814],[-8.464304287027849,40.33560992282823],[-8.464342886666984,40.33559134126256],[-8.46439164099445,40.33563315360214],[-8.46449035618646,40.33557346181578],[-8.464549296092205,40.3355075723685],[-8.46464360387428,40.33530690646074],[-8.464696832052853,40.33503937378869],[-8.46474473837931,40.33488179408036],[-8.46481977729549,40.33472732017886],[-8.464894,40.334628],[-8.465024538835733,40.33450435580451],[-8.465139,40.334431],[-8.465477573223946,40.33425481503549],[-8.465671,40.334104],[-8.46575,40.334034],[-8.465974106560255,40.33378271611574],[-8.46608,40.333651],[-8.466332,40.333258]]}},{"type":"Feature","properties":{"source":"caminho-do-centenario.kml"},"geometry":{"type":"LineString","coordinates":[[-8.466325,40.333266],[-8.466512,40.332928],[-8.466665,40.332509],[-8.466766,40.332228],[-8.466954,40.331746],[-8.467185,40.33111],[-8.467303,40.330797],[-8.467322,40.33072],[-8.467264,40.329157],[-8.467215,40.328366],[-8.467137,40.327486],[-8.467082,40.326974],[-8.467012,40.326328],[-8.467005,40.326169],[-8.467034349331433,40.32607452570607],[-8.4670753919066,40.32598848066916],[-8.467170301824666,40.32583790222399],[-8.467298557485627,40.32560519033167],[-8.467439637252447,40.32544483434623],[-8.467636528845636,40.32525585095078],[-8.467871069592999,40.325077040145],[-8.468398540204078,40.3247163059305],[-8.469478873671733,40.32407328897703],[-8.470545801721592,40.32341629586487],[-8.470842307675582,40.32321534152929],[-8.472986,40.321873],[-8.473147,40.321732],[-8.473266,40.321621],[-8.473391740336103,40.32147278236562],[-8.47392022179211,40.32089658168377],[-8.474156648884273,40.32069155003376],[-8.47438637189065,40.32052235332059],[-8.474713834143955,40.32032813512318],[-8.475821,40.319673],[-8.476416,40.319282],[-8.477130081209493,40.31892527908455],[-8.477212853909547,40.31890160506536]]}},{"type":"Feature","properties":{"source":"caminho-do-centenario.kml"},"geometry":{"type":"LineString","coordinates":[[-8.477223200283664,40.31889765968408],[-8.477621546903235,40.31881479082648],[-8.477849170887627,40.31875560286576],[-8.478014706567059,40.31865697438533],[-8.478096,40.318553],[-8.478142,40.318498],[-8.478394626787013,40.31818402118718],[-8.47865,40.317765],[-8.47868,40.317688],[-8.478703,40.317578],[-8.478696,40.317504],[-8.478675,40.317381],[-8.478642,40.317293],[-8.478526786279414,40.31712405100713],[-8.478287761096677,40.31692159975768],[-8.477368836858973,40.31606318853573],[-8.476866,40.315578],[-8.476816,40.315498],[-8.476755,40.31537],[-8.47669,40.315203],[-8.476638,40.314999],[-8.476529,40.314507],[-8.476381,40.313638],[-8.476272,40.312988],[-8.476284,40.312899],[-8.476279,40.312797],[-8.476277,40.312679],[-8.476288,40.312607],[-8.476311,40.312488],[-8.476318,40.312406],[-8.476324,40.312282],[-8.476309,40.312186],[-8.476265,40.312081],[-8.476151,40.311773],[-8.476036,40.311467],[-8.475996,40.311317],[-8.475968,40.311232],[-8.475962,40.311145],[-8.47596,40.31109],[-8.475961,40.310897],[-8.475964,40.310813]]}},{"type":"Feature","properties":{"source":"caminho-do-centenario.kml"},"geometry":{"type":"LineString","coordinates":[[-8.475965,40.310796],[-8.476293,40.309951],[-8.476282,40.309847],[-8.476214702434913,40.30976192875062],[-8.476150843189561,40.30967713918616],[-8.476213507173213,40.3096185524781],[-8.476335,40.30969],[-8.476449,40.309734],[-8.476489,40.309721],[-8.476529,40.309648]]}},{"type":"Feature","properties":{"source":"caminho-do-centenario.kml"},"geometry":{"type":"LineString","coordinates":[[-8.476532,40.30964],[-8.47664910626608,40.30933607556211],[-8.476705686987717,40.30914645003314],[-8.476699582913852,40.30885662350729],[-8.476626768171876,40.30859146781014],[-8.47655908962214,40.30845112217704],[-8.476460897153805,40.30829890716881],[-8.476252349968554,40.30806533067894],[-8.475941,40.307725],[-8.475201839668255,40.30697622066182],[-8.475034235824022,40.30676628365909],[-8.474944,40.306593],[-8.474919,40.306525],[-8.474887,40.306432],[-8.474878,40.306349],[-8.47488,40.306274],[-8.474896,40.306153],[-8.474914,40.306011],[-8.474964,40.305935],[-8.475012,40.305844],[-8.475268,40.305449],[-8.475315228839987,40.30537346305031],[-8.475289868050869,40.30528463507856],[-8.475223773106,40.30522473110184],[-8.47527671117442,40.30516997858547],[-8.47537200260177,40.30518723183295],[-8.475464496005785,40.30515415836484],[-8.475536911439495,40.30504244832294],[-8.47566795385888,40.30481074024576],[-8.475856245131483,40.30448339933115],[-8.476015134320958,40.30422090049669],[-8.476115992701187,40.30410823108706],[-8.476266201056701,40.3039936253866],[-8.476447922681578,40.30392731868044],[-8.476750969942664,40.30387903614672],[-8.477195312647424,40.30383861338971],[-8.477410607140337,40.30379828605104],[-8.477534176487412,40.30373205697046],[-8.47766071926521,40.30363965376778],[-8.477704845015223,40.30354829534055],[-8.477679379842222,40.30347454322794],[-8.477589933740248,40.30344282225842],[-8.477505395209342,40.30344627491716],[-8.477438595301166,40.30346283784817],[-8.47741353680288,40.30341062100528],[-8.47748033742855,40.30339915263372],[-8.477518061868963,40.30337382954726],[-8.47754044531255,40.30330362502575],[-8.477503696614827,40.30325268280418],[-8.477535422496379,40.30321829198366],[-8.477585527256299,40.30323993949046],[-8.47762727852839,40.30323993590606]]}},{"type":"Feature","properties":{"source":"caminho-do-centenario.kml"},"geometry":{"type":"LineString","coordinates":[[-8.477620489618685,40.30323169527688],[-8.477703950770664,40.3031830101811],[-8.477739094061041,40.30308318117474],[-8.477735839418626,40.30301263478337],[-8.477692,40.302708],[-8.477609399754568,40.30194359311889],[-8.477214,40.301031],[-8.477178375906455,40.30079266859503],[-8.477226467263892,40.30012196559004],[-8.477258561269185,40.29991064625697],[-8.477258562608483,40.29991983391733],[-8.477407,40.299145],[-8.477532,40.298635],[-8.477394,40.298381],[-8.47716,40.298182],[-8.47692,40.298044],[-8.476593,40.297926],[-8.47594,40.297757],[-8.475505,40.297586],[-8.475088,40.297407],[-8.474657,40.297084],[-8.474263,40.296577],[-8.474128,40.296417],[-8.473995,40.296325],[-8.473965,40.296311],[-8.473839,40.296204],[-8.473711,40.296129],[-8.47325042313747,40.29601621006169],[-8.47286232803041,40.29589201567301],[-8.472596927502025,40.2958668625905],[-8.472346,40.295865]]}},{"type":"Feature","properties":{"source":"caminho-do-centenario.kml"},"geometry":{"type":"LineString","coordinates":[[-8.472348,40.295867],[-8.471702,40.295882],[-8.471572,40.295867],[-8.471449,40.295849],[-8.471268,40.295795],[-8.471189,40.295768],[-8.471047,40.295709],[-8.470832,40.295605],[-8.470419,40.29545],[-8.47023,40.295396],[-8.470108,40.295355],[-8.469987,40.29533],[-8.469828,40.295295],[-8.469729,40.29525],[-8.469641,40.295206],[-8.469535,40.295143],[-8.469196,40.294907],[-8.469081,40.29487],[-8.468978,40.294829],[-8.468836,40.294783],[-8.468115,40.294592],[-8.467766,40.294502],[-8.467553,40.294471],[-8.467419,40.294464],[-8.466721,40.294448],[-8.4666,40.294436],[-8.466524,40.294418],[-8.46647,40.294393],[-8.466382,40.294349],[-8.466333,40.29431],[-8.466257,40.294256],[-8.46601,40.294027],[-8.46591,40.293977],[-8.465834,40.293939],[-8.465735,40.293899],[-8.465596,40.293838],[-8.465195,40.293677],[-8.464873,40.293531],[-8.464792,40.293484],[-8.464722,40.293429],[-8.464673,40.293381],[-8.46464,40.293339],[-8.464599,40.293286],[-8.464569,40.293251],[-8.464549,40.293206],[-8.464524,40.293138],[-8.464388,40.292754],[-8.464293,40.29264],[-8.464185,40.292548],[-8.464057,40.292471],[-8.463994,40.292439],[-8.463351,40.292144],[-8.463205,40.292064],[-8.463056,40.291979],[-8.46305,40.291974],[-8.462929,40.2919],[-8.462839,40.291832],[-8.462193,40.291295],[-8.462102,40.291233],[-8.461994,40.29118],[-8.461988,40.291177],[-8.461874,40.291143],[-8.461761,40.291127],[-8.461746,40.291124],[-8.461611,40.291106],[-8.46143,40.291085],[-8.460798,40.29107],[-8.460569,40.291045],[-8.460403,40.291017],[-8.460292,40.290993],[-8.460179,40.29095],[-8.460071,40.290886],[-8.459967,40.290813],[-8.459761,40.290642],[-8.459278,40.290259],[-8.458925,40.289961],[-8.458765,40.289777],[-8.458701,40.289689],[-8.458589,40.289507],[-8.458285,40.28905],[-8.458143854291952,40.28893569168104],[-8.457999742800773,40.28890569890111],[-8.457904753765995,40.28893067525564],[-8.457829429081755,40.28887070690264],[-8.45787856772427,40.2888132473459],[-8.457927704149318,40.28877077830434],[-8.4579,40.28873],[-8.457527,40.28853],[-8.457396,40.288432],[-8.457239,40.28831],[-8.457139,40.288216],[-8.456937,40.287983],[-8.456558,40.287562],[-8.456331,40.287312],[-8.456235,40.28718],[-8.456153,40.287055],[-8.455822,40.286528],[-8.455268,40.28559],[-8.455035,40.28523],[-8.454715,40.284771],[-8.454308,40.284287],[-8.454097,40.284061],[-8.454027,40.283987],[-8.453961,40.283844],[-8.453936,40.283725],[-8.453926,40.283623]]}},{"type":"Feature","properties":{"source":"caminho-do-centenario.kml"},"geometry":{"type":"LineString","coordinates":[[-8.45393,40.283619],[-8.453949,40.283362],[-8.453886,40.283189],[-8.453739,40.282954],[-8.453519873929308,40.28266974226551],[-8.453352900481878,40.28240738750338],[-8.453305,40.282291],[-8.453295,40.282187],[-8.453285,40.282055],[-8.453424,40.281843],[-8.453447,40.281795],[-8.453431,40.281704],[-8.453419788389551,40.28166430825991],[-8.45339030515215,40.28160395931362]]}},{"type":"Feature","properties":{"source":"caminho-do-centenario.kml"},"geometry":{"type":"LineString","coordinates":[[-8.453454,40.281577],[-8.453575,40.28153],[-8.453609,40.28148],[-8.453665,40.281393],[-8.453732,40.281283],[-8.45376,40.281198],[-8.453773,40.281134],[-8.453853,40.280861],[-8.453916,40.280597],[-8.453991,40.280287],[-8.454063,40.280054],[-8.454104,40.279856],[-8.454109,40.279757],[-8.454098,40.279718],[-8.45419,40.279078],[-8.454209,40.279046],[-8.454225,40.27903],[-8.45428,40.278757],[-8.454279,40.278605],[-8.45427,40.278564],[-8.454264,40.278523],[-8.454250591333002,40.27848655685277],[-8.454241760644013,40.27844237258331],[-8.454235485645192,40.27840311987733],[-8.454229355754716,40.2783276225198],[-8.45420547408066,40.27800612712972],[-8.454154231920914,40.27796044448925],[-8.454442669994519,40.27659009866297]]}},{"type":"Feature","properties":{"source":"caminho-do-centenario.kml"},"geometry":{"type":"LineString","coordinates":[[-8.454442038693976,40.27658808601061],[-8.454457784123477,40.27629762866172],[-8.454374,40.275949],[-8.45429,40.275683],[-8.454237034063615,40.27549582549393],[-8.454176699196383,40.27539084442459],[-8.454161617333195,40.27537790215278],[-8.454122033990622,40.27539228691799],[-8.454067360118971,40.27532901207449]]}},{"type":"Feature","properties":{"source":"caminho-do-centenario.kml"},"geometry":{"type":"LineString","coordinates":[[-8.454069326326767,40.27532604410197],[-8.453976582557562,40.27522177188625],[-8.453874077023233,40.27513425784456],[-8.453756928076139,40.2750374335717],[-8.453717878056132,40.27498343506859],[-8.453651981909152,40.27493502280866],[-8.453493337745327,40.2748672978485],[-8.45328528949439,40.27478578919015],[-8.453012577605989,40.27465065510504],[-8.45297699738482,40.27463158081864],[-8.452932381964441,40.27463816924284],[-8.452896401568498,40.27460412977731],[-8.452893523032888,40.27458107073303],[-8.452827318908966,40.27446467744135],[-8.452776946205287,40.27437793130353],[-8.452665479444036,40.27425713528379],[-8.452491081064608,40.27416092349228],[-8.452358864772634,40.2740966462509],[-8.452099846070407,40.27400479491548],[-8.45180799529523,40.27390459293406],[-8.451835356394175,40.27383222484287],[-8.45192511763127,40.27384004905274],[-8.451998565252664,40.27383421176097],[-8.452066191062515,40.27381741664784],[-8.452118933148574,40.27376746299598],[-8.451818079916087,40.27358578565167],[-8.451683086372205,40.27351074564292]]}},{"type":"Feature","properties":{"source":"caminho-do-centenario.kml"},"geometry":{"type":"LineString","coordinates":[[-8.451676220037195,40.27350969156624],[-8.451273916872962,40.27330126970642],[-8.450955679196301,40.27312491144581],[-8.450706494972087,40.27299436060115],[-8.45020757556265,40.27272144943551],[-8.449938091114115,40.27251585610802],[-8.449727554345007,40.27230383501809],[-8.449567200463422,40.2720868684448],[-8.449475957837498,40.27190787291855],[-8.449336917544588,40.27153662101161],[-8.449206567416027,40.27118194135997],[-8.449062540160366,40.27090024611963],[-8.4488921617827,40.27073053642598],[-8.448627135439958,40.27062943557058],[-8.448224866479245,40.27057888883608],[-8.447709015276212,40.27058250548699],[-8.44690958504456,40.27056689147483],[-8.44652847838381,40.27048860425175],[-8.446132713124776,40.27032084319011],[-8.445605024916427,40.27010461406878],[-8.445128329571778,40.26983780711027],[-8.444919420603155,40.26967840309293],[-8.444710514374897,40.26942118370216],[-8.444587071958509,40.26918207862386],[-8.444520527830692,40.26886961132485],[-8.444497318075843,40.26854717132641],[-8.44447378079525,40.26821654184143],[-8.444430782586695,40.26796757877242],[-8.444332139511006,40.26774756443378],[-8.44447883975455,40.26769738601215],[-8.444577482912623,40.26769931602873]]}},{"type":"Feature","properties":{"source":"caminho-do-centenario.kml"},"geometry":{"type":"LineString","coordinates":[[-8.44457716908288,40.26769437997548],[-8.444604888743136,40.26760652184898],[-8.444679518391409,40.26751540968726],[-8.444839438800903,40.26743243232417],[-8.444888481014353,40.26741453516863],[-8.444873554451657,40.26728112098665],[-8.444884215509404,40.26722254880922],[-8.444937521477643,40.26708750713979]]}},{"type":"Feature","properties":{"source":"caminho-do-centenario.kml"},"geometry":{"type":"LineString","coordinates":[[-8.444939301907517,40.26709139576422],[-8.444797446814635,40.26681853700382],[-8.444605698432872,40.2663711329299],[-8.444535252376543,40.26634610540673],[-8.444472781541858,40.26637543935445],[-8.444434338207254,40.26635343852943],[-8.444467977491371,40.26616276614754],[-8.4444559644366,40.26608209686257],[-8.44442606179191,40.26604171956633],[-8.44447870764117,40.26592656308424],[-8.444562941244092,40.26561322942094],[-8.444562941206913,40.26562126366322],[-8.444778548881256,40.26490974710041],[-8.444778548962521,40.26486062708409],[-8.444714177197794,40.26484097891713],[-8.444864378175827,40.26469034428792],[-8.444974498128575,40.26448360792695],[-8.445227234829423,40.2640014631901],[-8.44535293743096,40.26347836458381],[-8.445635241934694,40.26302649587998],[-8.445721361887074,40.26265861114433],[-8.44590251902959,40.26214169374874],[-8.44614668727803,40.2616668483192],[-8.44635064171448,40.26141420329107],[-8.446889809594353,40.26116799576859],[-8.447298748268405,40.26106396601107],[-8.448174352264026,40.26072433005004],[-8.448597847724605,40.26049270241494],[-8.448901345989585,40.26023953110217],[-8.449014271754534,40.26008870730066],[-8.449007214627631,40.26011025319016],[-8.449113487417788,40.25987427963197],[-8.449220783161378,40.25963883971793],[-8.449328079242678,40.25942387240804],[-8.449542687759635,40.25926520079288],[-8.449844485341462,40.25912699773598],[-8.450387541367109,40.25887497345372],[-8.4507520385804,40.25874978045983],[-8.450989439622706,40.25868672355758],[-8.451322224867507,40.25852503334941],[-8.45154620163579,40.25833055103093],[-8.451756632900402,40.25805090317117],[-8.45184536263872,40.25789265646782],[-8.451958606781263,40.25766769217207],[-8.452027052648965,40.25734999698938],[-8.452017752230791,40.25714911322355],[-8.45199699923228,40.25631560225347],[-8.452037099137707,40.25595040359339],[-8.451989391428125,40.25574510288826],[-8.451544682133695,40.25478383573477],[-8.451260562604341,40.25433745036144],[-8.450996202934146,40.25380901427316],[-8.45083565902468,40.25338982806155],[-8.450790503707575,40.25323745146639],[-8.450745176043672,40.25315527236239],[-8.450804729172791,40.25311212666765]]}},{"type":"Feature","properties":{"source":"caminho-do-centenario.kml"},"geometry":{"type":"LineString","coordinates":[[-8.45080029052549,40.2531139727533],[-8.45128468939109,40.25282612791835],[-8.451693949062731,40.2524081609636],[-8.452006,40.252048]]}},{"type":"Feature","properties":{"source":"caminho-do-centenario.kml"},"geometry":{"type":"LineString","coordinates":[[-8.452014,40.252044],[-8.452192,40.251765],[-8.452318,40.251644],[-8.452862,40.251261],[-8.45269,40.251056],[-8.453067358082414,40.25093097651688]]}},{"type":"Feature","properties":{"source":"caminho-do-centenario.kml"},"geometry":{"type":"LineString","coordinates":[[-8.453069741162306,40.25093097652037],[-8.453118594349752,40.25092006366072],[-8.453173405248101,40.25090369432345],[-8.453206768390151,40.25090915079682],[-8.453227024628658,40.25082275682142],[-8.453283027027426,40.25083185089898],[-8.453329497139924,40.25083185085604],[-8.453402181147556,40.2507991119483],[-8.45349035518357,40.25073545289732]]}},{"type":"Feature","properties":{"source":"caminho-do-centenario.kml"},"geometry":{"type":"LineString","coordinates":[[-8.453496642278683,40.25072999821401],[-8.453573889895257,40.2506635381382],[-8.453788608195087,40.25043979861326],[-8.45389926026988,40.2502584951435],[-8.454117174958055,40.24959481214633],[-8.454192805345768,40.24930319139321],[-8.454231,40.24916],[-8.454214,40.249121],[-8.454177055352208,40.24908639694485],[-8.454122658690583,40.24906787341355],[-8.45403719172327,40.24904289710896],[-8.454057955501566,40.24899266459749],[-8.453797812379412,40.24892963687679],[-8.453185336260361,40.248787459426],[-8.45276960769191,40.24867242532426],[-8.452591115481647,40.24860515920908],[-8.452425501205894,40.24852741378329],[-8.452295104331126,40.24843396534386],[-8.452145027665253,40.24828546914433],[-8.452075235169978,40.24814522622489],[-8.452031906562286,40.24791492953194],[-8.452050793909812,40.24764429845181],[-8.452135652950348,40.24722454779231],[-8.452299323718087,40.24649608250924],[-8.452317551693175,40.24619248902714],[-8.452231966012773,40.24494149854025],[-8.452213670242214,40.24457143462766],[-8.452156867707728,40.2426719605354],[-8.452144784937515,40.24103502536843],[-8.452127047612985,40.24038024479811],[-8.452069860582164,40.24007018778618],[-8.451911843009448,40.23974408238369],[-8.4516497076476,40.23932183484391],[-8.451109424098341,40.23842738076488],[-8.450692049551137,40.23775532925882],[-8.450484618370314,40.23738011098274],[-8.45007847353921,40.23659942666541],[-8.449924689673038,40.23625902157327],[-8.449344239564718,40.23511399054053],[-8.449137951775459,40.23454191747631],[-8.449047325400175,40.23418735545417],[-8.448926246829275,40.23375824361184],[-8.448697740067661,40.23330575644818],[-8.448469162651758,40.23291952715086],[-8.448127269086559,40.23250040222671],[-8.447344352955223,40.231402303077],[-8.446970610944604,40.23095307178006],[-8.445894102263695,40.22953663314832],[-8.445527525994946,40.22909428623107],[-8.444895658434701,40.22825520318705],[-8.444828131998728,40.22813882418078],[-8.444800051296005,40.22802062127473],[-8.44484103893108,40.22795710835851],[-8.444778793866108,40.22789871347967],[-8.4447057289531,40.22791686019523],[-8.444632757205305,40.2278662577016],[-8.444377101081784,40.2274050447127],[-8.444255940672848,40.22712272373809],[-8.444100260066762,40.22669819256333],[-8.444073648833076,40.226625045326],[-8.443990252432998,40.22664500131486],[-8.443886,40.22635]]}},{"type":"Feature","properties":{"source":"caminho-do-centenario.kml"},"geometry":{"type":"LineString","coordinates":[[-8.443892,40.226356],[-8.4434430784946,40.2261900255801],[-8.443083398228849,40.22600202384166],[-8.443044362797252,40.22596681702772],[-8.442953599009526,40.22588259318014],[-8.442871213744827,40.22582075797321],[-8.442868421027189,40.22581755959948],[-8.442840596346059,40.22580582516365],[-8.442893716448236,40.22573608115779],[-8.44286321399858,40.22565175726385],[-8.44249373307962,40.22468281123064],[-8.442467884938923,40.22463340744297],[-8.442373144219163,40.22457243365777],[-8.442386947247643,40.22452269871068],[-8.442315777575677,40.22439964579235],[-8.442182839743445,40.22431283451251],[-8.441977674155437,40.224212291619],[-8.441797716732353,40.22415774344398]]}},{"type":"Feature","properties":{"source":"caminho-do-centenario.kml"},"geometry":{"type":"LineString","coordinates":[[-8.44179464083081,40.2241567740186],[-8.44183177117339,40.22405930306479],[-8.441818359697471,40.22396970334248],[-8.441882419815371,40.22395152343465],[-8.441967242951096,40.22392043645456],[-8.442089202280691,40.22382815801485],[-8.442146103524758,40.22368410147022],[-8.442146103688827,40.22353547153821],[-8.44213621740083,40.22337353025637],[-8.442093367721613,40.22314778219395],[-8.44187055200061,40.22268974212277],[-8.441737721282346,40.22238219984413],[-8.441535145256772,40.22187970542615],[-8.44141825481022,40.2214899584126],[-8.441375396746011,40.22123706857695],[-8.441268391502986,40.2207466683784],[-8.441197544442577,40.22056408633154],[-8.44103813663963,40.22034431051819],[-8.440764385759564,40.21997253621521],[-8.440356077782965,40.21940400285204],[-8.440193241752405,40.21910632715759],[-8.44006001427017,40.21882372306131],[-8.439925501867053,40.21852238940624],[-8.439557669232492,40.21769227097955],[-8.439365520239555,40.21726463171182],[-8.439309798071067,40.21723230716801],[-8.439219356565811,40.21721282594378],[-8.439168341280684,40.21713313781518],[-8.439217042738322,40.21709063938362],[-8.439242556023746,40.21699678661255],[-8.439182268722075,40.21682501559371],[-8.439003980531025,40.21650391660715],[-8.438829601431074,40.21618713023297],[-8.438763554541197,40.21595509066118],[-8.438908883266182,40.21593088216952],[-8.438951158783949,40.21596518456855],[-8.43899962044675,40.21599319765521],[-8.439050704240486,40.21598308580331]]}},{"type":"Feature","properties":{"source":"caminho-do-centenario.kml"},"geometry":{"type":"LineString","coordinates":[[-8.439050553187776,40.21598835828318],[-8.43930867109979,40.21591492635245],[-8.440888,40.214998],[-8.441047,40.214893],[-8.441163820428216,40.21480533242906],[-8.441251237736797,40.21468570519398],[-8.44123694471789,40.2146244179129],[-8.441102182060426,40.2141817842677],[-8.441056506630517,40.21398522394812],[-8.440985367911662,40.21368204855492],[-8.440887691343528,40.21344533106083],[-8.440607863307136,40.21297168954123],[-8.44061488317738,40.21297708124941],[-8.440466944606927,40.21274644989966],[-8.440166034949115,40.21239965014279],[-8.440166058815745,40.21239324046967],[-8.439945747323035,40.21218546357493],[-8.439797796822624,40.2120804018012],[-8.439677375235023,40.21201318485916],[-8.439580676313224,40.21189925484211],[-8.439442141935015,40.2117160043235],[-8.439423212781868,40.21158246585953],[-8.439374942778645,40.21150324602994],[-8.439210106570002,40.21142374545024],[-8.439071279379158,40.21138051006292],[-8.438887131396157,40.21135137246387],[-8.438627588455867,40.21136226299962],[-8.43834923002892,40.21136162307143],[-8.438127409198835,40.21132089900065],[-8.437947092949843,40.21124292260046],[-8.437830778834083,40.21115359922229],[-8.437742541091751,40.21116371096522]]}},{"type":"Feature","properties":{"source":"caminho-do-centenario.kml"},"geometry":{"type":"LineString","coordinates":[[-8.437719,40.211162],[-8.437193,40.21054],[-8.436571,40.209818],[-8.435753,40.208906],[-8.435097,40.208297],[-8.434197,40.207557],[-8.432257,40.206001],[-8.432095684582361,40.20587952959671],[-8.431432140720126,40.20533171982827],[-8.431488557274214,40.20514501452017],[-8.43163093713015,40.20510603280533],[-8.431625564520882,40.205079360512],[-8.431624,40.20503],[-8.431785,40.204831],[-8.432108,40.204542],[-8.432296,40.204468],[-8.432508,40.204324],[-8.433228,40.2038],[-8.433429434418356,40.20366011254753],[-8.433329956325853,40.20351135050354],[-8.434345212035534,40.20317408603237],[-8.434350947611328,40.20311023991478],[-8.434449625958662,40.20309587049223],[-8.434580766452056,40.20312397409375],[-8.434739613366109,40.20311243283845],[-8.434858806067448,40.20308686496829],[-8.434858816310914,40.20308453233459],[-8.435048617817936,40.20304580723678],[-8.435216609618335,40.2030066857584],[-8.435418750217664,40.20290751483703],[-8.435517946741989,40.20273543946695],[-8.435572479152118,40.20253002977793],[-8.43565707155459,40.20202642056014],[-8.435727472232678,40.20162534184063],[-8.435735617674197,40.20159364521195],[-8.435879721877388,40.20088756875535],[-8.435898027265074,40.20062077455691],[-8.435895459237594,40.20062855165381],[-8.435884795892756,40.20038140335414],[-8.435819537597379,40.20000160044173],[-8.43582935847427,40.20003676881451],[-8.435660811623025,40.19947494462339],[-8.435607614712918,40.19922871603415]]}},{"type":"Feature","properties":{"source":"caminho-do-centenario.kml"},"geometry":{"type":"LineString","coordinates":[[-8.435603824474304,40.19922951737519],[-8.435601730756586,40.19914950128962],[-8.435601734008095,40.19896706516961],[-8.435624783359712,40.19882303717749],[-8.43564154668632,40.19869981335721],[-8.43564364197785,40.1986918118297],[-8.435675071265342,40.19857338912828],[-8.435735833062456,40.19842136013223],[-8.435838498540845,40.19819411654648],[-8.435840593654188,40.19819731719144],[-8.436019305975368,40.19777221162393],[-8.436135469464366,40.1975190160922],[-8.436155302428848,40.19744110950781],[-8.436192284881697,40.19730233469271],[-8.436244305939338,40.19716221849073],[-8.436370250158902,40.19700955436339],[-8.436507796471691,40.19688385388045],[-8.436599436108521,40.19679026224907]]}},{"type":"Feature","properties":{"source":"caminho-do-centenario.kml"},"geometry":{"type":"LineString","coordinates":[[-8.436606385764092,40.19678362676833],[-8.436741903908189,40.19668011332438],[-8.436839198866158,40.19659119761801],[-8.43690472775949,40.19650959412434],[-8.43695115131455,40.19641030523791],[-8.436955793047908,40.19624364168318],[-8.436918653618326,40.19613548755252],[-8.43683843613385,40.1960156423618],[-8.436684359222172,40.19586188571307],[-8.436403997049485,40.19566604555891]]}},{"type":"Feature","properties":{"source":"caminho-do-centenario.kml"},"geometry":{"type":"LineString","coordinates":[[-8.436407337436542,40.19566649433516],[-8.436353062935048,40.19563085704678],[-8.436300141539233,40.19556259866319],[-8.436230447557337,40.19546763117425],[-8.436230451330708,40.19546565418374],[-8.43617753792623,40.19539145999219],[-8.436151763015506,40.19533607590755],[-8.43610151089499,40.19522333153223]]}},{"type":"Feature","properties":{"source":"caminho-do-centenario.kml"},"geometry":{"type":"LineString","coordinates":[[-8.436101726423965,40.19521649176784],[-8.436030668607055,40.19518159080149],[-8.43603806110426,40.1951300483232],[-8.436080029155512,40.19511755206936],[-8.436094654845922,40.19509806242741],[-8.43610584801885,40.19496433261902],[-8.436159045129287,40.19479583282159],[-8.436249862366667,40.19465811946818],[-8.43638288384476,40.19448205961918],[-8.436595991622754,40.19417338396388],[-8.436664768454245,40.19407409526463],[-8.43672409763727,40.19396576899406],[-8.436745568553585,40.19386643483023],[-8.436745582136849,40.19385920873227],[-8.436743400701257,40.19376165455454],[-8.436712878965748,40.19364419408841],[-8.436618905845792,40.1934843323498],[-8.436618914781885,40.19347956912305],[-8.436485040345987,40.19338176100721],[-8.436481931632391,40.19337699392059],[-8.43631056319565,40.19331724172034],[-8.43612979102228,40.19327652750882],[-8.435883561136459,40.19321190788585],[-8.435677936562842,40.19312367504391],[-8.43546618728481,40.1929692535593],[-8.435254512201588,40.19276798093551],[-8.43526217007904,40.19277189394694],[-8.435048789721876,40.19247292785553],[-8.434796005847673,40.19209439976441],[-8.434578688713914,40.19180667573613],[-8.434313826475083,40.19151585023587],[-8.433889453375393,40.19106638731223],[-8.433698127475239,40.19089552943403]]}},{"type":"Feature","properties":{"source":"caminho-do-centenario.kml"},"geometry":{"type":"LineString","coordinates":[[-8.433679231729553,40.19088725235505],[-8.433247626933548,40.19052761424729]]}},{"type":"Feature","properties":{"source":"caminho-do-centenario.kml"},"geometry":{"type":"LineString","coordinates":[[-8.433246640065942,40.1905245519433],[-8.433103704627086,40.19040263234086],[-8.432955395344212,40.19026212531157],[-8.432896105403845,40.19018775853674],[-8.43285568178574,40.19013611504718],[-8.43280182665007,40.19004524185993],[-8.432777658105405,40.18997091475039],[-8.432761722246093,40.18983262099007],[-8.432791752649976,40.18967581695915],[-8.432851367800213,40.18958509582908],[-8.433014856752079,40.18939990974074],[-8.433310078778915,40.18924825404038],[-8.433640741033182,40.18911566025171],[-8.433651414130807,40.18910753152669],[-8.433662192824535,40.18904512712319],[-8.433655225528945,40.18897456072699],[-8.433772534080028,40.18893128525989],[-8.43385058589287,40.18898022665157],[-8.433964201855847,40.18900478733702],[-8.434067230073335,40.18899134465345],[-8.434166768855382,40.18894262345789],[-8.434152547144944,40.18895074638751],[-8.43413121695512,40.18896157416098],[-8.434638965443582,40.18872552183485],[-8.434951670957396,40.18848735827404],[-8.435482176756535,40.18806417232432],[-8.435720355776382,40.18784205955303],[-8.435725228790085,40.18783094550187],[-8.43586136632618,40.18767914702333],[-8.43600437557847,40.18742230373428],[-8.436027404265227,40.18731770975204],[-8.435967655344097,40.18708721547642],[-8.43593021956366,40.18697852622918],[-8.435930238322545,40.18696893948378],[-8.435738349432558,40.18669391467408],[-8.435734185014107,40.18668432339567],[-8.435600638272353,40.18652120072441],[-8.435596467404551,40.18651480487159],[-8.435513063576447,40.18638049580874],[-8.435450762104256,40.18615354005733],[-8.435463809906155,40.18590431203174],[-8.43556468097822,40.18566798782084],[-8.435694616910684,40.1855371557257],[-8.435698825111421,40.18552438092534],[-8.435747446326786,40.18541967779947],[-8.435722724311251,40.18534577710541],[-8.435711771987492,40.18529511039922],[-8.435783714524462,40.18524244516824],[-8.435891412917265,40.18527002520349],[-8.435985316806969,40.18528492315883],[-8.436001896755553,40.18528283497462],[-8.436129042208979,40.18524713038948],[-8.436352892405868,40.18519045817677],[-8.43653798022497,40.18516960920141],[-8.43651035047433,40.18517590160705],[-8.436815012163638,40.18518061965615],[-8.437034995984357,40.18521887337888],[-8.437439359984682,40.18532785586344],[-8.437905810420187,40.18546043814393],[-8.437958442889201,40.18548327361794],[-8.438322980452117,40.18564656468271],[-8.438605524499716,40.18578192886011],[-8.438919646265123,40.18593325674296],[-8.439097200218614,40.18600761909737],[-8.439310997396515,40.18603656606473],[-8.439549151884226,40.18604483795414],[-8.43991695210031,40.18602113936445]]}},{"type":"Feature","properties":{"source":"caminho-do-centenario.kml"},"geometry":{"type":"LineString","coordinates":[[-8.439918512968664,40.18602076941063],[-8.440392802582727,40.18593989193791]]}},{"type":"Feature","properties":{"source":"caminho-do-centenario.kml"},"geometry":{"type":"LineString","coordinates":[[-8.440394585518975,40.18593424495892],[-8.440744357347986,40.18586962489442],[-8.44092433988448,40.18583010865729],[-8.441234329942514,40.18574790496317],[-8.441487957144393,40.18565982950376],[-8.441747452328384,40.18553912648968],[-8.441889708898017,40.18543044469594],[-8.442026596299453,40.18529715592153],[-8.442361444691247,40.18491544805499],[-8.442604240475134,40.18458064598778],[-8.443016979243058,40.18413534515904],[-8.443200523368356,40.18401340410841],[-8.443789526293909,40.18372204189435],[-8.444543710554422,40.18337301121557],[-8.444866140404772,40.18326077527949],[-8.444991616790782,40.1832200278722],[-8.44519089280766,40.18319274449266],[-8.445432211595483,40.18316166125132],[-8.445426788806644,40.18316373301835],[-8.446026126021652,40.18309167168182],[-8.446009837206226,40.18310056178908],[-8.446577223040451,40.18304310947444],[-8.446972247200573,40.18300748236232],[-8.447231385083516,40.1829432272175],[-8.447455510548552,40.18285231029795],[-8.447505311023177,40.18278254405357],[-8.44754957288761,40.18267049727407],[-8.447568938570107,40.18263244332808],[-8.44769345485701,40.18260495277302],[-8.447697135057124,40.18265991296511]]}},{"type":"Feature","properties":{"source":"caminho-do-centenario.kml"},"geometry":{"type":"LineString","coordinates":[[-8.447709195853665,40.18265811481318],[-8.44840520055177,40.1821241692314],[-8.448405379165294,40.18208677585401],[-8.448397009559137,40.18198927015308],[-8.448417931221899,40.18192373341008],[-8.44842420781881,40.18191733955648],[-8.44850580386457,40.18187418076553],[-8.4485120804548,40.18186938536529],[-8.448622967364663,40.1818374154573],[-8.448631336164356,40.18183421848804],[-8.448643889361179,40.18182942303358],[-8.448727577462307,40.18180704401377],[-8.448756867497524,40.18174790111511],[-8.448823816260907,40.18163441062434],[-8.448888671462557,40.18145698215521]]}},{"type":"Feature","properties":{"source":"caminho-do-centenario.kml"},"geometry":{"type":"LineString","coordinates":[[-8.448886523769394,40.18145564713726],[-8.448943828816041,40.18132262507425],[-8.448964561454487,40.18109822283221],[-8.449002571006083,40.18073653879644],[-8.44899565959539,40.18054909619403],[-8.449251550164304,40.17990803259085],[-8.449342918873961,40.17970227938768],[-8.44935734565693,40.17969493100486],[-8.449525656862143,40.1794891767956],[-8.449660304498783,40.17923933164517],[-8.449845556215141,40.17893714866094],[-8.450193858095599,40.17846652993033],[-8.450520162514074,40.17816398501213],[-8.450861275287782,40.17789865231683]]}},{"type":"Feature","properties":{"source":"caminho-do-centenario.kml"},"geometry":{"type":"LineString","coordinates":[[-8.450857593987687,40.17789494749898],[-8.450874320732565,40.1778742776206],[-8.4508754743585,40.17787222952521],[-8.45088563828683,40.17785080233892],[-8.450885423003967,40.17784780252636],[-8.450880031212764,40.17782695998631],[-8.450878521547002,40.17782401177217],[-8.450868119120962,40.17778740143422],[-8.450867976926405,40.17778540947891],[-8.450845606819488,40.17776230283296],[-8.450844104879026,40.17775936941113],[-8.45084002208948,40.1777565342238],[-8.45078030717108,40.17773393003832],[-8.450716550087177,40.17772446591475],[-8.450718471038556,40.17763830713983],[-8.450940840782854,40.1776416875999],[-8.451014655048773,40.17763877949307],[-8.451130649301735,40.17762542907911],[-8.451214263084324,40.17759577851994],[-8.45120309988454,40.17755892703504],[-8.451255841319977,40.17753707489531],[-8.451280362435087,40.17756022109616]]}},{"type":"Feature","properties":{"source":"caminho-do-centenario.kml"},"geometry":{"type":"LineString","coordinates":[[-8.45127292908704,40.1775668838091],[-8.451392535234975,40.17751842217643],[-8.451552009889006,40.17748934504339],[-8.451716921122047,40.1774658061253]]}},{"type":"Feature","properties":{"source":"caminho-do-centenario.kml"},"geometry":{"type":"LineString","coordinates":[[-8.451717080517803,40.17746813763039],[-8.451825351244956,40.17746111013506],[-8.452438094730647,40.17744534086641],[-8.452567915722534,40.1774441609588],[-8.452733855707358,40.17744870786527],[-8.452823735360168,40.17742781013195],[-8.452895892820814,40.17737937784511],[-8.452957121680857,40.17731424197709],[-8.453046763736484,40.17727249498241],[-8.453164818260262,40.17725747634951],[-8.453280678063862,40.1772825440632],[-8.453407471500542,40.17728923977169],[-8.453545201257072,40.17724749885912]]}},{"type":"Feature","properties":{"source":"caminho-do-centenario.kml"},"geometry":{"type":"LineString","coordinates":[[-8.45354085355999,40.17724652515754],[-8.453594238561559,40.17720641134177],[-8.453659537813895,40.1771451566303],[-8.453730624233636,40.177071655533],[-8.453785392261858,40.17696467840128]]}},{"type":"Feature","properties":{"source":"caminho-do-centenario.kml"},"geometry":{"type":"LineString","coordinates":[[-8.453785331974972,40.17695891319038],[-8.453788225438581,40.17695515239218],[-8.453826998612662,40.17686152398259],[-8.453829608736479,40.17673621493179],[-8.453830418452803,40.17672657607125],[-8.453816978301251,40.17661951774725],[-8.453796987036668,40.17641392169551],[-8.453764238078573,40.17608277734824],[-8.45376284403618,40.17606500063111],[-8.453726030708495,40.17585324010894],[-8.453728439709323,40.17572211202537],[-8.453660163890815,40.17571893435974],[-8.453624852915851,40.17566501130744]]}},{"type":"Feature","properties":{"source":"caminho-do-centenario.kml"},"geometry":{"type":"LineString","coordinates":[[-8.453630325315105,40.17566261101469],[-8.453690697905012,40.17560201632939],[-8.453698824231713,40.17559735081607],[-8.453730303499356,40.17552967034104],[-8.45372,40.175441],[-8.453706,40.175006],[-8.453748204023299,40.1748420146381],[-8.453883507211494,40.17458829099518],[-8.453971,40.174385],[-8.454137734619668,40.17403677612911],[-8.454189795795898,40.17380602823285],[-8.454182038715889,40.17350544985128]]}},{"type":"Feature","properties":{"source":"caminho-do-centenario.kml"},"geometry":{"type":"LineString","coordinates":[[-8.454180952794896,40.17350984158771],[-8.454171,40.173345],[-8.454145146517353,40.1730971083049],[-8.454131761264557,40.17268525126021],[-8.454161208256332,40.17254550540785],[-8.454208662654922,40.17243008276805],[-8.45420685469758,40.17236483302863],[-8.454167436386463,40.17227467433693],[-8.454202481538584,40.17221339356703],[-8.4543148938791,40.17223864491076],[-8.45442002714924,40.17213461157339],[-8.454530395153427,40.17201363802361],[-8.454861410583153,40.17164065513909],[-8.455601457027917,40.17080593088057],[-8.455991305659543,40.17034531778898],[-8.45613623655271,40.17016421964352],[-8.456227563360846,40.17003482310318],[-8.456331026945037,40.1698897290512],[-8.456611125219002,40.16942894744248],[-8.457045,40.168972],[-8.45828221210281,40.1678740448283],[-8.458937060367486,40.16729020632867],[-8.45915659837188,40.16710277992164],[-8.459293192277567,40.16695895016281],[-8.459364170718523,40.16684398259309],[-8.45944582718557,40.16671011340972],[-8.459483247980023,40.16657919987565],[-8.459458518658023,40.16655355441893],[-8.459425818195585,40.16655507081178],[-8.459418617314823,40.16649428295482],[-8.459489441004816,40.16646422806377],[-8.459549607263492,40.16639461659104],[-8.45958,40.166285],[-8.459738,40.165723],[-8.4597664123062,40.16556677728453],[-8.459876,40.165572]]}},{"type":"Feature","properties":{"source":"caminho-do-centenario.kml"},"geometry":{"type":"LineString","coordinates":[[-8.45987,40.165576],[-8.460013,40.165476],[-8.460122,40.165427],[-8.460242,40.16539],[-8.460327,40.165374],[-8.460309,40.165292],[-8.460187,40.165263],[-8.460075,40.165226],[-8.460029,40.165157],[-8.459984,40.16509],[-8.45997277495325,40.16471598359794],[-8.460021249547019,40.16470771787625],[-8.46009282280484,40.16465154960011],[-8.459969721010882,40.16450574032233],[-8.459960599638764,40.16443637410387],[-8.46000643222386,40.16439560703646],[-8.46008815280918,40.16437176748766],[-8.460147253781257,40.16434429653938],[-8.460147018105337,40.16434121245208],[-8.460129268277509,40.16429565701246],[-8.460092786634743,40.1642711257903],[-8.460069415838754,40.16417678930429],[-8.460069761240652,40.16418138300916],[-8.460121113198998,40.16411706461604],[-8.46010203086951,40.16407793768705],[-8.460092760839217,40.16407662554285],[-8.460055176111478,40.16406445996801],[-8.460017992320031,40.16384655915891],[-8.45997989683984,40.1638469549014],[-8.460011,40.163667],[-8.460082,40.163473],[-8.460224877231294,40.1632630031684]]}},{"type":"Feature","properties":{"source":"caminho-do-centenario.kml"},"geometry":{"type":"LineString","coordinates":[[-8.460226283290663,40.16326260887659],[-8.460117178328977,40.16321641189584],[-8.460288208901702,40.1629966967061],[-8.460447,40.162826],[-8.460845274812952,40.16238942516261],[-8.460867331844073,40.16230068713554],[-8.46086896510502,40.16229879822066],[-8.460871712560063,40.16228987297289],[-8.460866916622725,40.16221905813725],[-8.460847345461664,40.16218257309387],[-8.460949524350903,40.16211860224226],[-8.460986098768867,40.16214034192389],[-8.461038201974167,40.16214822248497],[-8.461077793212077,40.16215086649572],[-8.461107662517286,40.1621475129805],[-8.46117,40.162121],[-8.461854,40.161641],[-8.462142,40.161269],[-8.46233,40.160873],[-8.462405,40.160648],[-8.462548,40.160229],[-8.462573,40.160004],[-8.462683,40.159236],[-8.462833,40.158683],[-8.463105,40.158117],[-8.463464,40.157451],[-8.463764,40.156767]]}},{"type":"Feature","properties":{"source":"caminho-do-centenario.kml"},"geometry":{"type":"LineString","coordinates":[[-8.463764,40.156762],[-8.463924,40.156432],[-8.463999,40.15621],[-8.464028,40.156106],[-8.464044,40.156004],[-8.464064266793011,40.15549167171613],[-8.464044505590287,40.15539101542014],[-8.46388644622521,40.15502865699047],[-8.463754739421168,40.15485502912633]]}},{"type":"Feature","properties":{"source":"caminho-do-centenario.kml"},"geometry":{"type":"LineString","coordinates":[[-8.463753601194044,40.15485590656508],[-8.463367756632675,40.1543690921303],[-8.463290001979328,40.15432904557875],[-8.463191965909546,40.15432775638575],[-8.463124350583147,40.15423603346242],[-8.46321562326454,40.15419081457019],[-8.463256803321075,40.15413081366102],[-8.463209014174296,40.15387290150466],[-8.463145670021174,40.15373795912991],[-8.4631992328199,40.1537178890459],[-8.463251,40.153705],[-8.46358,40.153056],[-8.463744,40.152669],[-8.463868,40.152228],[-8.463958,40.151876],[-8.464089,40.151593],[-8.464292,40.151296],[-8.464712,40.150799],[-8.464944,40.150528],[-8.465121,40.150303],[-8.465465,40.149696],[-8.466153,40.148212],[-8.466486,40.147491],[-8.466607,40.147253],[-8.466748,40.147011],[-8.467144,40.146665],[-8.467298,40.146505],[-8.467428,40.146319],[-8.467577,40.146056],[-8.467616,40.145898],[-8.467584,40.145679],[-8.467521,40.145417],[-8.467453,40.144958],[-8.467454904507596,40.14470947499733],[-8.467514279638248,40.14439176817036],[-8.467646221826055,40.14387990853086],[-8.467686427577831,40.14370923738555]]}},{"type":"Feature","properties":{"source":"caminho-do-centenario.kml"},"geometry":{"type":"LineString","coordinates":[[-8.467687567825848,40.14371017707616],[-8.467789982956145,40.14327113203794],[-8.467788361160007,40.14327485125322],[-8.467840816816905,40.1430223537177],[-8.467800996121703,40.14301293228986],[-8.467785728312796,40.14301682266972],[-8.467780639196588,40.14298699607294],[-8.467855281806811,40.14295587287509],[-8.467856978240924,40.14295198245694],[-8.46788581793199,40.1427937718577],[-8.468013433609345,40.1421190190834],[-8.468132887069318,40.14213824353301],[-8.468185,40.141932],[-8.468296,40.141381],[-8.468292017198582,40.14110695887439],[-8.468277888153448,40.1407743551735],[-8.468278,40.140334],[-8.468314,40.140181],[-8.46838528599169,40.13994992177693],[-8.468513,40.139698],[-8.468886,40.139253],[-8.469334506814345,40.13871715943763],[-8.469507153361743,40.13868477467769],[-8.469591056455425,40.13867028148125],[-8.469714316138896,40.13869360854876],[-8.46973614508087,40.13864692854511],[-8.46966585726687,40.13861667181647],[-8.469660180572106,40.138606222964],[-8.469577475447746,40.13848286924859],[-8.469529027803102,40.13844329885239],[-8.469530650365426,40.13843361850852],[-8.469546731829427,40.13828342102518],[-8.469576712794966,40.13814804323312],[-8.469670434048854,40.13801493832564],[-8.469763039119245,40.13785215597244],[-8.469882556737659,40.13762185178173],[-8.46991222819484,40.13751397891414],[-8.469941549396346,40.13735187978461],[-8.469935595847613,40.1373598844869],[-8.469992629369607,40.13720408609952],[-8.470155172850392,40.13702686522295],[-8.470363171685367,40.13685996918473],[-8.47059512736655,40.13672299054753],[-8.470981425296115,40.13640042864069],[-8.47105560225582,40.13626957723915],[-8.471047861782786,40.13627628115931],[-8.471534545956178,40.13552140856092],[-8.471852498621814,40.13506879211101],[-8.471965352328974,40.1349601679268],[-8.472169523727262,40.13480476153535],[-8.472427658339027,40.13462377984976],[-8.472383339133522,40.13458886231266],[-8.47236200951656,40.13456790301426],[-8.472731361214976,40.13435387740098],[-8.472876839153962,40.13428232526388],[-8.473082660296441,40.13424143426922],[-8.473440626022422,40.13424193290133],[-8.473451715370182,40.13424187702415],[-8.473462806218361,40.13424182140443],[-8.47369167833437,40.13423845353371],[-8.473783365326499,40.13421450034167],[-8.473934497251204,40.13403914874412],[-8.473939235586698,40.13399618056813],[-8.47392531720568,40.13391561818404],[-8.473849765293904,40.13383201617809],[-8.473392483351832,40.1335523302129]]}},{"type":"Feature","properties":{"source":"caminho-do-centenario.kml"},"geometry":{"type":"LineString","coordinates":[[-8.473385577780967,40.13355212883727],[-8.473231609495105,40.1334591960674],[-8.473029020695689,40.13341892514728],[-8.472883157025347,40.13343441371671],[-8.472864924060918,40.13343751143341],[-8.472210561533455,40.13359084735128],[-8.472125473822958,40.13360478667497],[-8.472097112603524,40.13352269571254],[-8.472057371141494,40.13347718448592],[-8.472087121557255,40.13319728110641],[-8.472106258916872,40.13311136791494],[-8.472026575314596,40.13310029045015],[-8.472043481984159,40.13284183311588],[-8.472070047284499,40.13255199118326],[-8.472085357698326,40.13238561939121],[-8.472064586686965,40.13195671207529],[-8.472038619721307,40.13161517389531],[-8.47192333445885,40.13133122948206],[-8.471742425960079,40.13113692044771],[-8.471687281856466,40.13105338459076],[-8.471715479054593,40.13077647718593],[-8.471772615424978,40.13059544826525],[-8.471771486150553,40.13058108563876],[-8.47167464369284,40.1304127077331],[-8.47164852667522,40.13039291707414],[-8.471375753778151,40.13017000353253],[-8.4710590747031,40.12975130917547],[-8.470920831083088,40.12945052720446],[-8.470868674642801,40.12908329864034],[-8.470918697025198,40.12879951846065],[-8.470922100615876,40.12879624564087],[-8.471140427641595,40.12860125294188],[-8.471350011910145,40.12857681437944],[-8.471379093105476,40.12857803609727],[-8.471664758103273,40.12856098986841],[-8.471849026990672,40.12845023514078],[-8.472010552220224,40.12835479811869],[-8.472112863212653,40.1282743162428],[-8.472119117094255,40.12826807278177],[-8.47238080281107,40.12823280151583],[-8.472401989910106,40.12822546620787],[-8.472767114980464,40.12811087844803],[-8.474016430309032,40.12779155012856],[-8.47468874839125,40.12757267251435],[-8.474953011483809,40.12746816899365],[-8.475069356880704,40.12734492063276],[-8.475260585825394,40.12718828062964],[-8.475445409328197,40.12702583771439],[-8.475595740638047,40.12700217488159],[-8.475618153457587,40.12700473666482],[-8.475886076292245,40.12702468278369],[-8.475907635977622,40.12702716246715],[-8.475946554750726,40.12703011979473],[-8.476290339495668,40.12704151233297],[-8.476841918829555,40.126898100219],[-8.476858372486832,40.12689174710064],[-8.476962091857205,40.12686461954522],[-8.476982902689231,40.12686462742003],[-8.477200105178177,40.12690105753811],[-8.477215771630972,40.12690594485314],[-8.477538713038866,40.12699281066183],[-8.477660758173176,40.12700966590904],[-8.477718731546418,40.12697339812873],[-8.477781974990009,40.12701369573119],[-8.47785984212494,40.12702425385349],[-8.478093074074932,40.12701139396459],[-8.478110535884381,40.12700627173384],[-8.478429148871804,40.12693334691019],[-8.478439864559261,40.12692789679822],[-8.478695763719813,40.1269433539052],[-8.478860877598382,40.12693423235051],[-8.479079279206902,40.1269184561833],[-8.479319645684283,40.12693737946346],[-8.479461759327426,40.12695676277657],[-8.479970536550988,40.12684557854895],[-8.480261140985434,40.1267763017915],[-8.480266297194035,40.12677423281184],[-8.480285784109956,40.12683399109908],[-8.480339217708531,40.12683526519921],[-8.48041770208452,40.12688122454468],[-8.480657278449947,40.12703215030567],[-8.48072132311215,40.12696515557003],[-8.480788567831452,40.12698299975409]]}},{"type":"Feature","properties":{"source":"caminho-do-centenario.kml"},"geometry":{"type":"LineString","coordinates":[[-8.480788933465615,40.12698414604506],[-8.48108007145624,40.12674676565555],[-8.48114906163724,40.12679318653713],[-8.481435458691312,40.12654494501895],[-8.481593782524385,40.12640843903323],[-8.48190591892721,40.12614118660476],[-8.482084953844222,40.12600428817102],[-8.482360772141552,40.12582297995572],[-8.482701889760474,40.12562873618906],[-8.483047901564403,40.1254278241365],[-8.483251099630317,40.12531177922548],[-8.483356559661415,40.12519770110747],[-8.483428610052417,40.12505803398194],[-8.483481096244091,40.12491060410387],[-8.483508827686613,40.12474486008397],[-8.483501066399871,40.1246378157734]]}},{"type":"Feature","properties":{"source":"caminho-do-centenario.kml"},"geometry":{"type":"LineString","coordinates":[[-8.483502394603287,40.12464252972572],[-8.483465979824095,40.12429581443152],[-8.483432878021237,40.12407057607173],[-8.483377834889684,40.1239304586528],[-8.483357907524805,40.12380787194901],[-8.483333871590533,40.12355299566566],[-8.483319601422505,40.12337517085707],[-8.483327715952663,40.12325909407269],[-8.483357027283466,40.12298850335453],[-8.48346298238148,40.12273521263285],[-8.483589261326092,40.12258671162923],[-8.483757351679388,40.12246048008826],[-8.483854971601714,40.12240946729479],[-8.484023557752673,40.12234313507329],[-8.484208395324922,40.12226398964496],[-8.484570312871293,40.12215921647908],[-8.48475167350929,40.12210531123188],[-8.484992648869568,40.12204043132007],[-8.48529929004289,40.12195686717143],[-8.48667368345281,40.1215545300765],[-8.48663909859938,40.12146975976711]]}},{"type":"Feature","properties":{"source":"caminho-do-centenario.kml"},"geometry":{"type":"LineString","coordinates":[[-8.486637816331298,40.1214696859488],[-8.486913160722207,40.12139622122738],[-8.487154387192135,40.12132755877303],[-8.48742810388084,40.12126033588272],[-8.487637927183203,40.1212125865889],[-8.487952245968431,40.12115095349535],[-8.488354986584179,40.12107646997045],[-8.488609072876356,40.12105101978148],[-8.488903984980892,40.12102249033896],[-8.489188104868859,40.12099713949382],[-8.48943657122312,40.12097735800246],[-8.489766201435407,40.12099069124239],[-8.490150547033933,40.12106677886775],[-8.490553477014863,40.12121320528014],[-8.490853547435675,40.12132190230685],[-8.490879449479795,40.12130521600977],[-8.490966311385682,40.12127022423725],[-8.491013254355323,40.12133388840083],[-8.491111422042033,40.12143225420675],[-8.491236271384738,40.12150412217522],[-8.491579242066813,40.12161439132711],[-8.491667166784389,40.12162337075024],[-8.491834352728379,40.1216364332652],[-8.492044672541324,40.12162834826525],[-8.492122150332706,40.12160408277703],[-8.492330312395314,40.12155198485431],[-8.492365781125097,40.12158482043002],[-8.492333109812801,40.12159481214197],[-8.492311639470637,40.12161051458204],[-8.492316305303417,40.1216312145734],[-8.492387247394129,40.12162978982165],[-8.492546439851354,40.12161995228734]]}},{"type":"Feature","properties":{"source":"caminho-do-centenario.kml"},"geometry":{"type":"LineString","coordinates":[[-8.49254462058272,40.12162165791622],[-8.492846427016115,40.12160491853294],[-8.492993678993775,40.12160120134304],[-8.492993679102348,40.12159934018217],[-8.493416164971258,40.12161220625641],[-8.49354982851603,40.12162042430916],[-8.493652976936087,40.1215866241088],[-8.493747704203056,40.1215721396937],[-8.493880321217626,40.12157697232101],[-8.4939960964209,40.12161882692425],[-8.494107663015884,40.12163170715422],[-8.494283524702226,40.12164380571218],[-8.494507137421017,40.12165206516939],[-8.494628290602716,40.12164348958927],[-8.49482123920528,40.12159545623293],[-8.495036625042037,40.12148222982007],[-8.495272202977574,40.12134841590596],[-8.495762355573866,40.12104608012658],[-8.496021900127046,40.12082373088077],[-8.496260562768745,40.12054310944137],[-8.496406588961364,40.12027724587637],[-8.496473692215517,40.11999448370265],[-8.496434819138528,40.11977648237374],[-8.496296600886245,40.11950232847372],[-8.496034758121594,40.11927827195252],[-8.495739051748096,40.1191252051717],[-8.495728369092216,40.11912316276072],[-8.495528070113455,40.11904146900336],[-8.495378512731335,40.1190230863431],[-8.495267284434222,40.11903154024974],[-8.495196122529304,40.1190838631977],[-8.495152330255037,40.11912572172919],[-8.495074327847053,40.11909851194988],[-8.495068855609402,40.1190378159499],[-8.495048330138777,40.11897502668312],[-8.495017398144771,40.11891454302338],[-8.494961343512616,40.11878791056222],[-8.494857089407308,40.1186669903325],[-8.494584188322886,40.11843950097342],[-8.49424210421222,40.11812584128031],[-8.493862645543363,40.11775828116745],[-8.493510931086014,40.11738323292326],[-8.4934763903651,40.11735762372142],[-8.493474559917107,40.11735762329565],[-8.493419598453297,40.11734362435499],[-8.493410453487412,40.11734362252835],[-8.493359260087223,40.11734221555069],[-8.49326971152071,40.11726551804287],[-8.493273285447525,40.11717382756334],[-8.493273277975293,40.11716412407199],[-8.493233285330048,40.11710603962365],[-8.493023897985625,40.1169111631507],[-8.492844006590705,40.11670038495597],[-8.49275449005431,40.11655848440871],[-8.492752006588987,40.11655282405273],[-8.492667853181835,40.11634979794627],[-8.492650538052635,40.11621703997233],[-8.492660139279169,40.11595299186522],[-8.492660134448982,40.1159474385361],[-8.492679534376466,40.11579206798316],[-8.492733532630105,40.11559182719824],[-8.492847896239587,40.11531622477294],[-8.492904876266005,40.11511337175647],[-8.492933172518756,40.11490889086998],[-8.492907216031176,40.11475530753005],[-8.492875525524838,40.11461697173888],[-8.492829433211291,40.11446151105958],[-8.492730123004183,40.11423944635007],[-8.49252227413267,40.11377381932791],[-8.492419002500982,40.11357441925975],[-8.492339755658264,40.11345544752356],[-8.492261087002655,40.11342730841387],[-8.492247699299778,40.11342602935708],[-8.492217578040531,40.11342602930654],[-8.492132234530153,40.11342602877826],[-8.492030268712464,40.11343265375852],[-8.492003615691623,40.11337148226405],[-8.49208038245496,40.11333657655727],[-8.492152308969784,40.11331096907175],[-8.492195793047452,40.11326752419105],[-8.492199128714276,40.11322153647251],[-8.492192424875102,40.11314108866906],[-8.492151853280038,40.11303226618342],[-8.491966388891331,40.11258844911603],[-8.491871616433219,40.112355488574],[-8.4918372215732,40.11221125575266],[-8.491839653411152,40.11202613017939],[-8.491856845585275,40.11171010884009],[-8.491854401517067,40.11154740331817],[-8.491834782538136,40.11143901134579],[-8.49178085577646,40.11133272677736],[-8.491687842395311,40.1112474052136],[-8.491538945068305,40.11118139973836],[-8.491502412873645,40.11116120211628],[-8.491512152685782,40.11105676472207],[-8.491606711505456,40.11104074487511],[-8.491671311884003,40.11099906233167],[-8.49169287523254,40.11090589487523],[-8.491692889029682,40.11073394620767],[-8.491645013611652,40.11044677114305],[-8.491556555446131,40.11017103240592],[-8.49139431730301,40.1096806858797],[-8.491354740351374,40.1094638372058],[-8.491331665546188,40.10927736735367],[-8.4913316657678,40.10926225385734],[-8.491338265555157,40.10903555138075],[-8.491338266036742,40.10902043691468],[-8.491414128533586,40.10888430229336],[-8.491542954842966,40.10870248071974],[-8.491549569804326,40.1087024601589],[-8.492010827270427,40.10826570459543],[-8.492284678059553,40.10804753319056],[-8.492459821960745,40.10789251641825],[-8.492503793975525,40.10782556004146],[-8.492499160610942,40.10782203478045],[-8.492432015003867,40.10773220614458],[-8.4924297100608,40.10773044531171],[-8.492319212086311,40.10763178321479],[-8.492432377994506,40.10755761195973],[-8.492524830069971,40.10755219225361],[-8.492750230709355,40.10752682688697],[-8.492859699166214,40.10750884445378],[-8.492953082994264,40.10748554462167],[-8.492964871790132,40.10744118783479],[-8.492964893977465,40.10743586512726],[-8.492937414836542,40.10730461272271],[-8.492888414207528,40.10714008705067],[-8.49283676679515,40.10694407176368],[-8.49277108866108,40.1066451786139],[-8.492726735037886,40.1063963235224],[-8.492682249849823,40.10638048083611],[-8.492634952383959,40.10610223269913],[-8.49263060850615,40.10595298186434],[-8.492674129964898,40.10593968268513],[-8.49269589994062,40.10590141867888]]}},{"type":"Feature","properties":{"source":"caminho-do-centenario.kml"},"geometry":{"type":"LineString","coordinates":[[-8.492693722159574,40.10590973785405],[-8.49270679616992,40.10581655387583],[-8.492711169754253,40.10568507204711],[-8.49271117149582,40.10567342066734],[-8.492741671874652,40.1055735140694],[-8.492793978029031,40.10546853531319],[-8.4927961596052,40.1054618681823],[-8.492798341061816,40.10545686632103],[-8.492857266633198,40.10532341815542],[-8.493057651065635,40.10499914681698],[-8.493271116201843,40.10463578369844],[-8.493531617925086,40.10422586651855],[-8.493597624609533,40.10410814352554]]}},{"type":"Feature","properties":{"source":"caminho-do-centenario.kml"},"geometry":{"type":"LineString","coordinates":[[-8.493597169843289,40.10411267371674],[-8.493672501136112,40.10398670791909],[-8.493848008809927,40.10377210454675],[-8.493948148310189,40.10366020682355],[-8.494341124964716,40.10329193538546],[-8.4946530464327,40.1029451205246],[-8.49499444792098,40.10260660539966],[-8.495002034589284,40.10260273652249],[-8.495181585059605,40.10239188920214],[-8.495189171607786,40.10238028290002],[-8.495191700395136,40.10237254545948],[-8.495252393266743,40.10229323571755],[-8.495264645319585,40.10223937723998],[-8.495238364890273,40.10215060075218],[-8.495212084906694,40.10207857473564],[-8.495293109263057,40.10203167276161],[-8.495426691776448,40.10203837124996],[-8.49562596992661,40.10201826775383],[-8.495812108538853,40.10198811412426],[-8.49609460193488,40.10195628299687],[-8.496085842441559,40.1019596332329],[-8.496235982612005,40.10195458608971],[-8.49624364061117,40.10195458584147],[-8.496567830183457,40.10195457857932],[-8.496858834512711,40.10192918828233],[-8.49709112743262,40.10189989344995],[-8.497313075222916,40.1018869856147],[-8.497330142303236,40.10187915194983],[-8.497610062548528,40.10182691427637],[-8.497811477221589,40.10174595721811],[-8.497917704367438,40.1016978462829],[-8.49802201621338,40.10167219853881],[-8.498225566679002,40.10162312807302],[-8.498385665160693,40.1015594182318],[-8.498553035817228,40.101506109245],[-8.498699517816178,40.10142070892556],[-8.498832029834976,40.10134066484105],[-8.498957578395144,40.10127130955765],[-8.499093848212645,40.10122599921517],[-8.499223430382749,40.10120200820386],[-8.499304542210913,40.10118868529267],[-8.499318633294292,40.10118868971752],[-8.499449647287827,40.10121287844252],[-8.499456770885528,40.10121556761961],[-8.499625409070275,40.10128042263531],[-8.499846807897477,40.10137320147965],[-8.50009254057877,40.10148349320116],[-8.500217036182695,40.10152517032824],[-8.500304602407976,40.10154199833727],[-8.500411600609896,40.10152827299243]]}},{"type":"Feature","properties":{"source":"caminho-do-centenario.kml"},"geometry":{"type":"LineString","coordinates":[[-8.500424002806215,40.10152453643809],[-8.500537704745309,40.10146977249372],[-8.500661912311102,40.10142334857554],[-8.500833190539032,40.10135789828059],[-8.501056058394013,40.10132500184617],[-8.501333406526303,40.10134654668143],[-8.50162677189653,40.1013599425096],[-8.501649114867243,40.10135992004996],[-8.501913060824924,40.10135404533548],[-8.501931978932815,40.10135402218754],[-8.502128012511195,40.10137894875557],[-8.502345019570926,40.10148786250201],[-8.502577531688226,40.10163573303782],[-8.502591321954984,40.10165108501815],[-8.502735578093988,40.10170777381742],[-8.502742501718771,40.10171548110738],[-8.502862998760927,40.10176719882279],[-8.502876757845847,40.10176981875772],[-8.503121379495735,40.10179646822403],[-8.503707982164583,40.10186949780611],[-8.504196325805289,40.10190890525242],[-8.50453621973688,40.10196507237504],[-8.504546573273906,40.10196510427812],[-8.504567287434254,40.10196516794709],[-8.504811619295078,40.10204805225594],[-8.504822767847989,40.10205087481764],[-8.504845101271378,40.10205652925425],[-8.505083085039251,40.10206492468202],[-8.505560208040668,40.10208260451883],[-8.505950564817502,40.1021123295291],[-8.50596710030601,40.10211234198123],[-8.506140766024595,40.10209038034724],[-8.506157309284397,40.10208407975812],[-8.506318244017928,40.10203041332142],[-8.506433757655403,40.10190415323027],[-8.506689531814736,40.10159166167108],[-8.506833900383205,40.10131074375248],[-8.506937028181856,40.10114976525232]]}},{"type":"Feature","properties":{"source":"caminho-do-centenario.kml"},"geometry":{"type":"LineString","coordinates":[[-8.50693328888903,40.10115301400651],[-8.507148288157358,40.10084451065769],[-8.507418846001707,40.10045472423815],[-8.50758070267555,40.10017392661089],[-8.507846011990308,40.09973406330729],[-8.50805633839553,40.09940701234591],[-8.508953774859723,40.09811282874407],[-8.509296319036446,40.09751283742227],[-8.509643515559619,40.09700950004633],[-8.509888535264993,40.09665115015274],[-8.510296899185283,40.09602321179742],[-8.510425856541655,40.0958095135201],[-8.510511820665874,40.09574376252841],[-8.511051562204479,40.09538455443672],[-8.511619705792784,40.09501738904348],[-8.512426695479958,40.09446641104518],[-8.512811366866043,40.09421356071481],[-8.512810012812693,40.09415246585953],[-8.512820841358472,40.09408826443683],[-8.51289122993448,40.09410172569428],[-8.512925070674092,40.09411622261294],[-8.512969740308872,40.09411622237366],[-8.512998482150019,40.09408535433716],[-8.513324442209754,40.09380157317209],[-8.513324493246659,40.09378644768872],[-8.513807020749532,40.09336342274393],[-8.513814749524531,40.09335153623547],[-8.514245953015976,40.09293913262233],[-8.514647452507928,40.09251539540508],[-8.515210851828526,40.09201635355928],[-8.516305100814407,40.09117391715144],[-8.516784163794902,40.09078882545009],[-8.51696940810954,40.09065879367179],[-8.517200845629558,40.09051018190306]]}},{"type":"Feature","properties":{"source":"caminho-do-centenario.kml"},"geometry":{"type":"LineString","coordinates":[[-8.517200855519278,40.09051240404465],[-8.517439025215372,40.09031836414643],[-8.517743100745719,40.09009394362805],[-8.517903094663273,40.08994882070805],[-8.517996818032898,40.08981997208552],[-8.518007531245434,40.08980974006062],[-8.518031050256653,40.08967394791661],[-8.517995529580793,40.08950535486076],[-8.51799549746747,40.08949734429294],[-8.518048263121607,40.08938502920275],[-8.518050904124683,40.0893810200358],[-8.51817882649539,40.08936570208532],[-8.518309749287367,40.0894053113286],[-8.518323174438228,40.08941327333825],[-8.518406885931585,40.08948717030928],[-8.518417659644127,40.089493168678],[-8.518536405427664,40.08971277368945],[-8.51854745655184,40.0897289756774],[-8.518603723243285,40.08985711709389],[-8.518609204824765,40.08986119328363],[-8.51862573254112,40.0898775163834],[-8.518634001965845,40.08988568355663],[-8.518865076369076,40.090132397133],[-8.518870760395096,40.09014068004656],[-8.519055645423654,40.09035332538807],[-8.519267969522895,40.09063495224795],[-8.51927373124975,40.09064134961346],[-8.519279625108732,40.09065200736443],[-8.519288242273873,40.09066054768444],[-8.519423045102663,40.09083234743365],[-8.519687545880682,40.09106450537252],[-8.520105033538828,40.09132696531325],[-8.52057855529921,40.09164563542752],[-8.520592237622534,40.09165610187372],[-8.52089325011066,40.09185845107358],[-8.52090693262515,40.09186891746672],[-8.521098483593297,40.09194217886676],[-8.521355461205019,40.09202826494131],[-8.521651678704208,40.09209050724397],[-8.52200974096315,40.09212535362433],[-8.522341758412384,40.09210790686564],[-8.522667265536448,40.09208796922104],[-8.522956968848028,40.09208795394665],[-8.52333130898238,40.09212279594691],[-8.523681360547023,40.09218755489145],[-8.52396443910414,40.09224659735116],[-8.524006266329012,40.09225397888366],[-8.524250763797683,40.09228349412378],[-8.524565368562843,40.09233995670828],[-8.52477017357658,40.09233733808614],[-8.525020892737803,40.09229277950684],[-8.525269333585827,40.09224832076275],[-8.525691834175053,40.09219841906071],[-8.525855469372244,40.09219834843824],[-8.526144834402352,40.09230319894004],[-8.526569258776338,40.09248279658839],[-8.526576129474378,40.09248544723452],[-8.526892434330495,40.09254147113784],[-8.527101960232095,40.09249956049187],[-8.527112272838663,40.09249694288823],[-8.527126045237555,40.09249434144703],[-8.527355988144539,40.09239975496128],[-8.527626988473568,40.09227626135911],[-8.527630390513876,40.09227100242069],[-8.527764249123104,40.09221585081739],[-8.527863976594045,40.09223688100901],[-8.528285655048869,40.09224461312951],[-8.528635145825108,40.09223414613286],[-8.52864552668405,40.09223150213933],[-8.528939719113758,40.09215216642181],[-8.528967407710322,40.09214422928019],[-8.529393131957907,40.0920436593964],[-8.529953198358594,40.09188720709732],[-8.530144785440774,40.09178674669489],[-8.530155428528204,40.09178131649335],[-8.530382459430733,40.09175143680626],[-8.530698212158956,40.09173784194505],[-8.531021065024788,40.09173780293543],[-8.53104235256436,40.0917405142633],[-8.531414905391298,40.09187888919222],[-8.531436194863602,40.09188974309785],[-8.531720051078775,40.09201455767884],[-8.53200333666931,40.09209751190291],[-8.532385762502232,40.09215722853618],[-8.532669511310601,40.09225785200484],[-8.532957403024708,40.09248430280727],[-8.532986191570766,40.09250317302033],[-8.533385093139183,40.09266040284029],[-8.533738733628685,40.09269180959619],[-8.53450736129329,40.09265054345008],[-8.534823414019442,40.09267909234855],[-8.534838007225874,40.09267903320455],[-8.535244618697147,40.09283247397765],[-8.535686451408685,40.0929725309067],[-8.53607713391768,40.09302636759919],[-8.536442579098436,40.09306866820997],[-8.536621607340036,40.09312034086479],[-8.536797986316142,40.09321995548763],[-8.536961496019138,40.09336778403902],[-8.537076053285391,40.09346781580902],[-8.537131827271661,40.09356535600725],[-8.53718755477941,40.09357734322047],[-8.537245480921733,40.09358390825029],[-8.537342024675015,40.09356585488448],[-8.537402096383103,40.09353795403686],[-8.537436423048712,40.09351661807823],[-8.537476550185266,40.09332810829526],[-8.537481255478621,40.0933120846795],[-8.537538944418547,40.09299655623876],[-8.537556320305784,40.09289883757658],[-8.537622459573587,40.09275032535188],[-8.537710735042232,40.09258579710862],[-8.537715777701521,40.09258195439385],[-8.53786403683856,40.09241095844674],[-8.538064654475383,40.0922771613341],[-8.538252281191166,40.09212389562454],[-8.538252304750202,40.09211548054422],[-8.53842508646054,40.09192247307262],[-8.538430538861741,40.09191830153503],[-8.538835333139838,40.09155700220568],[-8.538835322155835,40.0915487561066],[-8.538984217766906,40.09136723851477],[-8.539110824056687,40.09120936791403],[-8.539116064614994,40.09119924584599],[-8.53912393858449,40.09118712325497],[-8.539131868284507,40.09117494325599],[-8.539227562065676,40.09109167347006],[-8.539460566598844,40.09093822147123],[-8.539658879527023,40.09080711332509],[-8.539666222988473,40.09080336783617],[-8.540035843394865,40.0905767686592],[-8.540361267126407,40.09040273079555],[-8.540471117100713,40.0903056238509],[-8.540471098730219,40.09029815988847],[-8.540599477460255,40.09015345664282],[-8.540606711285324,40.09014421004429],[-8.540693389744144,40.08998590750718],[-8.54069876963015,40.08985465134675],[-8.54060269928794,40.08945181922988],[-8.540420470258853,40.08868229959257],[-8.540358353952843,40.08846671317266],[-8.540236256597927,40.08831266673607],[-8.540094137893492,40.08813741021008],[-8.53998918830912,40.08795039779412],[-8.53993091466347,40.08777862136667],[-8.539881349003164,40.08737572112449],[-8.539898436383165,40.08681672765391],[-8.540042757405807,40.08646148370693],[-8.540042764413613,40.08645666185723],[-8.540208549908444,40.0861127278663],[-8.540324521436306,40.08578647835245],[-8.540293575374623,40.08566248024113],[-8.540163679242202,40.08554293715455],[-8.540011400601216,40.08547485797898],[-8.539728042487932,40.0854413370725],[-8.539724966673628,40.08544134262443],[-8.538961192155208,40.08546689554677],[-8.538608707890821,40.08547841838573],[-8.538352026130465,40.08542845755893],[-8.538187478762943,40.08532966544324],[-8.538067410935064,40.08520644979156],[-8.538062299543462,40.0851907001021],[-8.538047014354229,40.08514744041758],[-8.53798639072685,40.08499521980119],[-8.537986247004566,40.08497940331345],[-8.538051579020873,40.0845891483587],[-8.538056348763414,40.08456251470621],[-8.538245869879725,40.083900672909],[-8.53825568877689,40.08388945432679],[-8.538260649218667,40.08387075735467],[-8.538363994333784,40.08371727524301],[-8.538646952880976,40.08348143619848],[-8.539248266840522,40.08295842274331],[-8.540135394497845,40.08225078834754],[-8.540384412243899,40.08194907317237],[-8.540388794163725,40.08194237410599],[-8.540729516878669,40.08146689719353],[-8.54073768119392,40.08145374588631],[-8.540766218078767,40.08140777828638],[-8.541181528097653,40.08098752719412],[-8.541368306547488,40.08086032808321],[-8.541368236416387,40.08087347070754],[-8.542015120376966,40.08055125104481],[-8.542401492978488,40.08039187165263],[-8.542420433858693,40.08038028026193],[-8.542663462982759,40.08020194573172],[-8.54291557782489,40.07996954077145],[-8.542921614303298,40.0799695291412],[-8.543354350048556,40.07954631369299],[-8.543603288433252,40.07927790140877],[-8.543611799926381,40.07926650422537],[-8.54361818411438,40.07926161810369],[-8.543811604242414,40.0790843194559],[-8.543820095648961,40.07907619620727],[-8.54398776431786,40.07894627997355],[-8.544049575722205,40.07887946739947],[-8.544049583613663,40.07887783472241],[-8.544087176919472,40.07864832849345],[-8.544109055103526,40.07848891632497],[-8.544166134078822,40.07840363571669],[-8.544231101318939,40.07836501072349],[-8.54441633117873,40.07828707863786],[-8.544685063918042,40.07816175641525],[-8.54496453816011,40.07806348087383],[-8.545076527574272,40.0779774426872],[-8.54533180645162,40.07783907765884],[-8.545854322200588,40.07759514599407],[-8.546265539271353,40.07739391272992],[-8.54674048934913,40.07717841904729],[-8.547003190908875,40.07710927811682],[-8.547423144615294,40.07701168977291],[-8.54786123463024,40.07689171715455],[-8.547898720102715,40.07689177030061],[-8.547923847870013,40.07689188425643],[-8.548217742912595,40.07682295454883],[-8.548573840281827,40.07683958825069],[-8.54859938219532,40.0768395702607],[-8.54904927041431,40.07685652108155],[-8.549344078430618,40.07687957628613],[-8.549602697413867,40.07694745987958],[-8.549824318598901,40.0769618946383],[-8.549839100902553,40.07696192017782],[-8.550015743054288,40.07690097606704],[-8.550379494385954,40.0767897521617],[-8.550995691863527,40.07653024800519],[-8.551161740904433,40.07642288000852],[-8.551183570696168,40.07640977663471],[-8.551467573733266,40.07626179846409],[-8.551662267050105,40.07612327926182],[-8.551666710979399,40.07611997155935],[-8.551809248191592,40.07601387192018],[-8.55203962156538,40.07591729169858],[-8.552437317440262,40.07575992726398],[-8.552848507171266,40.07557515082225],[-8.553166612878101,40.07541244397199],[-8.553532887745597,40.07526760245371]]}},{"type":"Feature","properties":{"source":"caminho-do-centenario.kml"},"geometry":{"type":"LineString","coordinates":[[-8.55351,40.075285],[-8.553841,40.075318],[-8.554151,40.075418],[-8.554428,40.075467],[-8.55464,40.075446],[-8.554818,40.075334],[-8.554886,40.075225],[-8.555288,40.074745],[-8.555549,40.07449],[-8.55544,40.074259],[-8.555486,40.07415],[-8.555636,40.074012],[-8.555969,40.073855],[-8.556226,40.073782],[-8.55645,40.073771],[-8.556581,40.073686],[-8.556586,40.073682],[-8.556683,40.073587],[-8.556826,40.073486],[-8.556837,40.073481],[-8.556958,40.073382],[-8.557065,40.073301],[-8.557194,40.073195],[-8.55738,40.073118],[-8.558191,40.072827],[-8.559114,40.072514],[-8.55964,40.072237],[-8.560325,40.071946],[-8.561043,40.071791],[-8.56229,40.071742],[-8.563119,40.07177],[-8.563579,40.071782],[-8.56391,40.07176],[-8.56397,40.071726],[-8.564342,40.071567],[-8.564932,40.071166],[-8.565622,40.070989],[-8.566839,40.070728],[-8.567196,40.070645],[-8.567401,40.070535],[-8.567779,40.07039],[-8.568031,40.070334],[-8.568221,40.070333],[-8.56954,40.070398],[-8.569843,40.070464],[-8.570109,40.070494],[-8.570393,40.070516],[-8.570817,40.070601],[-8.570985,40.070733],[-8.571148,40.070835],[-8.571558,40.070888],[-8.572323,40.070683],[-8.573195,40.070527],[-8.57337,40.070473],[-8.573574,40.070295],[-8.573641,40.070202],[-8.573723,40.070142],[-8.574359,40.070037]]}},{"type":"Feature","properties":{"source":"caminho-do-centenario.kml"},"geometry":{"type":"LineString","coordinates":[[-8.574363,40.070034],[-8.576649,40.069875],[-8.577676,40.069863],[-8.578626,40.069772],[-8.579407,40.069601],[-8.580312,40.069412],[-8.580438,40.069369],[-8.581012,40.068909],[-8.581496,40.06849],[-8.581967,40.068176],[-8.582409,40.06791],[-8.583232,40.06767],[-8.584217,40.067591],[-8.584626,40.067503],[-8.584834,40.067456],[-8.585493,40.06735],[-8.585781,40.067353],[-8.585793,40.067352],[-8.585838,40.06735],[-8.586298,40.067473],[-8.58661,40.067563],[-8.586892,40.06762],[-8.587069,40.067657],[-8.587133,40.067654],[-8.587391,40.067653],[-8.587687,40.06765],[-8.587732,40.067649],[-8.588004,40.067666],[-8.588366,40.067665],[-8.588757,40.067634],[-8.589159,40.067572],[-8.589583,40.067504],[-8.590095,40.067363],[-8.590848,40.067094],[-8.59134,40.066965],[-8.591709,40.0669],[-8.591937,40.06684],[-8.591956,40.066835],[-8.592143,40.066758],[-8.592156,40.066752],[-8.592443,40.066621],[-8.593375,40.066147]]}},{"type":"Feature","properties":{"source":"caminho-do-centenario.kml"},"geometry":{"type":"LineString","coordinates":[[-8.593383,40.066143],[-8.593646,40.066031],[-8.594021,40.065739],[-8.594177,40.065584],[-8.594686,40.065283],[-8.594839,40.065188],[-8.594931,40.065127],[-8.595122,40.065169],[-8.595297,40.065179],[-8.595499,40.065235],[-8.595746,40.065265]]}},{"type":"Feature","properties":{"source":"caminho-do-centenario.kml"},"geometry":{"type":"LineString","coordinates":[[-8.595744,40.065268],[-8.59598,40.065276],[-8.596189,40.065268],[-8.596351,40.065224],[-8.596619,40.065245],[-8.59703,40.065348],[-8.597096,40.065357],[-8.597154,40.065361],[-8.597539,40.065512],[-8.597572,40.065511],[-8.597614,40.065515],[-8.597824,40.065578],[-8.598099,40.065583],[-8.598141,40.065594],[-8.598466,40.065616],[-8.598761,40.065674],[-8.598949,40.065717],[-8.599165,40.065654],[-8.599374,40.065552],[-8.599587,40.065431],[-8.600523,40.064839],[-8.600622,40.064749],[-8.60072,40.06466],[-8.600832,40.064608]]}},{"type":"Feature","properties":{"source":"caminho-do-centenario.kml"},"geometry":{"type":"LineString","coordinates":[[-8.600827199995946,40.06460793746636],[-8.600941287748542,40.06461730085994],[-8.60107168040907,40.0645736529749],[-8.601719570748568,40.06433670031222],[-8.601964066764552,40.06416832293096],[-8.602078170354039,40.06404047577431],[-8.602168697144082,40.06398866426906],[-8.602258549906963,40.0639218732499],[-8.60254853301521,40.06370708099815],[-8.602841227369971,40.06357088274108],[-8.603471732582312,40.06335464387791],[-8.604103497376371,40.06308929611524],[-8.604227000864757,40.06303477139628],[-8.604351994644324,40.06291151069629],[-8.604453097883125,40.06281033552615],[-8.604546422279695,40.06273891844149],[-8.604670849806848,40.06271214027694],[-8.604865265709753,40.0627032196459],[-8.605172442166895,40.06271810909393],[-8.605665947920997,40.06273160104184],[-8.606040929654,40.0627278345431],[-8.606628077177502,40.06271651788673],[-8.607338184150276,40.06275612158711],[-8.607792980134828,40.06276053146134],[-8.608514077054213,40.06268397106412],[-8.608871893468592,40.06267133171802],[-8.608849873744527,40.0626839709794],[-8.609180192480721,40.06270177364731],[-8.609475216118051,40.06276683166363],[-8.609815245558185,40.06286633159498],[-8.61059641842136,40.06302895572894],[-8.611052430055594,40.06312666775153],[-8.61139292068101,40.06315458080307]]}},{"type":"Feature","properties":{"source":"caminho-do-centenario.kml"},"geometry":{"type":"LineString","coordinates":[[-8.614456076319009,40.06192139561591],[-8.614794,40.061879],[-8.615278,40.061884],[-8.615663,40.061931],[-8.615904121058325,40.06198122007947],[-8.616209571475414,40.06201161210269],[-8.616550727658947,40.06202075415634],[-8.616820482050151,40.06200863582919],[-8.617240984280777,40.06197224212888],[-8.618327659622928,40.06182106415309],[-8.618659128259246,40.06172246748297],[-8.618845113775075,40.06163541449786],[-8.618998820260984,40.06153777375934],[-8.619112562765558,40.06147424834395],[-8.619203249199401,40.06139425324183],[-8.619554169894313,40.06147234891284],[-8.620299557926371,40.06150507339844]]}},{"type":"Feature","properties":{"source":"caminho-do-centenario.kml"},"geometry":{"type":"LineString","coordinates":[[-8.620298954010794,40.06150461747669],[-8.620431764293166,40.06150463071386],[-8.620516832810646,40.06145095775979],[-8.620637722860597,40.061323055377],[-8.621023759406386,40.06073501498462],[-8.62121279438121,40.06050393814476],[-8.621301871852408,40.06039921334632],[-8.621517922729486,40.06024527652617],[-8.621774945651932,40.0600805016375],[-8.622636174908672,40.05965003198676],[-8.622852506044428,40.05957506709802],[-8.623102755934108,40.05953485178628],[-8.623262574440947,40.05952198999814],[-8.623442,40.059522],[-8.623584278777447,40.0595173140999],[-8.623624670887303,40.05946322158611],[-8.62365498021642,40.05931382544618],[-8.623680247641861,40.0591077790739],[-8.623713921148145,40.05892493143822],[-8.623749510646313,40.05879510325608],[-8.623813098386266,40.05862592559573],[-8.62388576912979,40.05849614554034],[-8.623979634878374,40.05836636543078],[-8.624055332710416,40.05828525275466],[-8.624206116158893,40.05812853538093],[-8.624353586572294,40.05799416378532],[-8.62441210655885,40.05794578983576],[-8.624494033959275,40.05799237208086],[-8.624456734538073,40.05804849211095],[-8.624460633893982,40.05807236892227],[-8.624485980229942,40.05808729191302],[-8.624545034626214,40.05809781734214],[-8.624681368146907,40.05808222479501],[-8.624685847959249,40.05812480058442],[-8.624786146220474,40.05811161544506],[-8.625423,40.05803],[-8.625814,40.058009],[-8.625988,40.057989],[-8.626136,40.057928],[-8.62617,40.05769],[-8.626268,40.057509],[-8.62638115327251,40.05739112684572],[-8.626618341289767,40.05728179879349],[-8.627441933166594,40.0567986259968]]}},{"type":"Feature","properties":{"source":"caminho-do-centenario.kml"},"geometry":{"type":"LineString","coordinates":[[-8.627445977657196,40.05679707868312],[-8.62821,40.056334],[-8.629887,40.056594],[-8.630254580462932,40.05668523714048],[-8.630646253388814,40.05534323076903],[-8.63056726930796,40.05367614469799],[-8.630623866863411,40.05345531566209],[-8.630612573383601,40.05329510218875],[-8.630581900144742,40.05287464168974],[-8.630592407628844,40.05251038059753],[-8.630660437760612,40.05213812089176],[-8.6307912063874,40.05185393001072],[-8.631073640160928,40.05141364159947],[-8.631614,40.050622],[-8.631669909954578,40.05051552909412],[-8.631666141278997,40.05027133901785],[-8.631685150852102,40.05008819862232],[-8.631745931573487,40.0499225033923],[-8.631951021804696,40.0497393756519],[-8.632154037810082,40.04957110451333],[-8.632281135173786,40.04946410102965],[-8.632492952877692,40.04937980174866],[-8.632903871535303,40.04926632872154],[-8.633251252228174,40.04908151126664],[-8.633454618279213,40.04871509272718],[-8.634232,40.04764],[-8.635419461925938,40.04696374170735],[-8.635580811805536,40.04684386840953],[-8.635651996807379,40.04676395170753],[-8.63558561478405,40.04579402455244],[-8.635604603169824,40.04566324831617],[-8.63564731523314,40.04558333040725],[-8.635751713944506,40.0455433739598],[-8.636441695024526,40.04560652947612],[-8.636719899800543,40.04561566294134],[-8.636859003610533,40.04557611327372],[-8.636982209776663,40.04553656318863],[-8.637200802916203,40.04539661256865],[-8.637343881205808,40.04531142539247],[-8.637447217321643,40.045174515197],[-8.637562480715893,40.04485201360829],[-8.637877,40.043865],[-8.63805831804019,40.04332430741872],[-8.638129245474946,40.04318647784736],[-8.638238361806158,40.04307370878563],[-8.638849400728377,40.04281475977655],[-8.6399590118554,40.04242620081425],[-8.640265414622437,40.04236160622929],[-8.64042527661488,40.0423174100092],[-8.640536290867912,40.04223921790038],[-8.640562932985144,40.04215422738433],[-8.6405673693247,40.04193325278907],[-8.64062953327111,40.0416952796558],[-8.640696139081278,40.0415354972797],[-8.640705014901517,40.04123633122133],[-8.640686247057737,40.0406171505056],[-8.6405948331434,40.04040002920784],[-8.640358104922242,40.04013087295749],[-8.64017528892925,40.0400447439615]]}},{"type":"Feature","properties":{"source":"caminho-do-centenario.kml"},"geometry":{"type":"LineString","coordinates":[[-8.6401808304643,40.04004404934924],[-8.640090195248998,40.04006048436748],[-8.639987634289731,40.04007144123162],[-8.639880302785777,40.04005135516647],[-8.63983021437384,40.03998744357542],[-8.639589314245304,40.0396112782203],[-8.638846020603237,40.03839585057663],[-8.638785344056112,40.03831823612799],[-8.638737764072818,40.03828701178248],[-8.638642603584659,40.03828831225913],[-8.638506659681424,40.03831563244954],[-8.638296001161276,40.03837225448091],[-8.637796528603353,40.03856851368459],[-8.637444248799644,40.03871768849759],[-8.637337210680856,40.03876237436965],[-8.637303,40.038726]]}},{"type":"Feature","properties":{"source":"caminho-do-centenario.kml"},"geometry":{"type":"LineString","coordinates":[[-8.637312,40.03869],[-8.637153,40.038427],[-8.636908,40.037737],[-8.636498,40.036949],[-8.636841,40.036808],[-8.63718,40.035287],[-8.636804,40.035124],[-8.636512,40.034212],[-8.636658,40.032987],[-8.636888,40.031757],[-8.637601,40.030348],[-8.63791,40.029453],[-8.638826,40.028032],[-8.639027,40.027614],[-8.639694,40.025632],[-8.640888,40.023876],[-8.64149,40.02301],[-8.64084,40.022258],[-8.640393,40.021821],[-8.640038,40.021419],[-8.640191,40.021138],[-8.63993,40.020963],[-8.639419,40.020469],[-8.638786,40.019807],[-8.638374,40.01938],[-8.638074,40.01904],[-8.637991,40.018942],[-8.637833,40.018826],[-8.637583,40.018454],[-8.637451,40.01772],[-8.637355,40.017139],[-8.636568,40.015543],[-8.63548,40.01479],[-8.635027,40.014286]]}},{"type":"Feature","properties":{"source":"caminho-do-centenario.kml"},"geometry":{"type":"LineString","coordinates":[[-8.635054,40.0143],[-8.634698,40.014013],[-8.634505,40.013687],[-8.63433,40.013394],[-8.634102,40.013325],[-8.634,40.013243],[-8.633853,40.012956],[-8.633733,40.012602],[-8.633648,40.012183],[-8.633612,40.011684],[-8.633638,40.011653],[-8.633813,40.011601],[-8.633965,40.011513],[-8.634036,40.011433],[-8.634082,40.011302],[-8.634073,40.011115],[-8.633982,40.010146],[-8.633785,40.008902],[-8.633771,40.00872],[-8.633785,40.008441],[-8.633799,40.008156],[-8.633859,40.008004],[-8.63434,40.007136],[-8.634411,40.006975],[-8.63445,40.006801],[-8.634618,40.006045],[-8.634696,40.005795],[-8.634819,40.00552],[-8.634912,40.005331],[-8.63492,40.005242],[-8.634935,40.0043],[-8.634931,40.00405],[-8.634876,40.003936],[-8.634688,40.003354],[-8.634667,40.003199],[-8.634711,40.003086],[-8.634728,40.002924],[-8.634816,40.002542],[-8.634824,40.002205],[-8.634801,40.00202],[-8.634794,40.001636],[-8.634647,40.001209],[-8.634431,40.000502],[-8.634404,40.000205],[-8.634481,39.998913],[-8.634816,39.994345],[-8.634848,39.993981],[-8.634965,39.99351],[-8.635243,39.992708],[-8.635446,39.991964],[-8.635543,39.991774],[-8.635779,39.991286]]}},{"type":"Feature","properties":{"source":"caminho-do-centenario.kml"},"geometry":{"type":"LineString","coordinates":[[-8.635842,39.99126],[-8.636185,39.990874],[-8.636692,39.990148],[-8.636983,39.989813],[-8.637098,39.989692],[-8.63717,39.989564],[-8.637257,39.9894],[-8.637354,39.989046],[-8.637384,39.988902],[-8.637443,39.988717],[-8.637519,39.988414],[-8.637708,39.988],[-8.638009,39.987374],[-8.638152,39.98691],[-8.638312,39.986334]]}},{"type":"Feature","properties":{"source":"caminho-do-centenario.kml"},"geometry":{"type":"LineString","coordinates":[[-8.638293,39.986323],[-8.637645,39.985514],[-8.637499,39.98498],[-8.637405,39.984479],[-8.636825551226051,39.98074912156541],[-8.636676455217152,39.97972823201311],[-8.636569442161086,39.97911891699397],[-8.636493943109036,39.97886683099312],[-8.636388134199272,39.97874511472416],[-8.636286087259514,39.97866396157885],[-8.63614053321064,39.97860598637685]]}},{"type":"Feature","properties":{"source":"caminho-do-centenario.kml"},"geometry":{"type":"LineString","coordinates":[[-8.636137317518807,39.9786083102552],[-8.635220407791163,39.9784621914032]]}},{"type":"Feature","properties":{"source":"caminho-do-centenario.kml"},"geometry":{"type":"LineString","coordinates":[[-8.635212160075064,39.9784631895775],[-8.635118071904289,39.97844212114263],[-8.635041633123304,39.97841054170727],[-8.634984810237507,39.97836094018731],[-8.634922122628634,39.97828579567796],[-8.634877080243692,39.97821065890144],[-8.634849712797871,39.97809046081407],[-8.634855695487945,39.97793723202598],[-8.634857759179893,39.97778100533734],[-8.634898242253037,39.97668441436334],[-8.63491268082946,39.97575881814229],[-8.6348914985129,39.97570058853906]]}},{"type":"Feature","properties":{"source":"caminho-do-centenario.kml"},"geometry":{"type":"LineString","coordinates":[[-8.634888384679499,39.97570235941794],[-8.63482300707447,39.97547988096592],[-8.634686553257154,39.9751946339607],[-8.63468093510635,39.97518570609145],[-8.634565989664424,39.97498936072291],[-8.63444146956873,39.97484166161829],[-8.634307906442372,39.97471155272508],[-8.634202204124822,39.97463716057711],[-8.634115533863714,39.97462729472471],[-8.634046037617756,39.97462649807756],[-8.63397928817803,39.97463239117847],[-8.63388871923087,39.97451592968469],[-8.633938648929814,39.97448101238691],[-8.633938815087593,39.97447213869532],[-8.633931161703746,39.97441657777575],[-8.633837197654564,39.97432668718905],[-8.63365536312592,39.97417741507071]]}},{"type":"Feature","properties":{"source":"caminho-do-centenario.kml"},"geometry":{"type":"LineString","coordinates":[[-8.63364686999456,39.97416540244701],[-8.633112918155678,39.97361716012655],[-8.632679687049189,39.97317032664428],[-8.632589013215307,39.97308369412763],[-8.632471690489012,39.97297128022173],[-8.63243521047908,39.97294471586451],[-8.632502022774757,39.97287152960248],[-8.632577954619638,39.97291598328895],[-8.632586440033679,39.97291826285515],[-8.632660033378617,39.97293438996108],[-8.632694975071836,39.97288913537923],[-8.632751927428597,39.97272893236604],[-8.633165698749673,39.97103735010182],[-8.633149937496182,39.97086262166752],[-8.633023439044736,39.97028954897183],[-8.632953511440869,39.97002474794892],[-8.63287741467653,39.96979304739541],[-8.633015211341428,39.96976467583428],[-8.63290209500477,39.969469927109]]}},{"type":"Feature","properties":{"source":"caminho-do-centenario.kml"},"geometry":{"type":"LineString","coordinates":[[-8.63290236399714,39.9694728731658],[-8.632493641775081,39.96825503946223],[-8.632163781343293,39.96725253976254],[-8.632100853365705,39.96717946419591],[-8.632012680460207,39.96719902514028]]}},{"type":"Feature","properties":{"source":"caminho-do-centenario.kml"},"geometry":{"type":"LineString","coordinates":[[-8.63200717179891,39.96719291009065],[-8.632024019160925,39.96718422819864],[-8.63204941758546,39.96717681264379],[-8.632134287500195,39.96715582500602],[-8.632349909328218,39.96713824377969],[-8.632703161159824,39.96712769325902],[-8.633444457364204,39.9671333346318],[-8.633661743251476,39.96718682257288],[-8.633698616361054,39.96720498883357],[-8.633822404530937,39.96725242246386],[-8.633895439403247,39.96720010210393],[-8.633946240153914,39.9671570686976],[-8.633975650463391,39.96709354351133],[-8.633919496585634,39.96674518144378],[-8.63391682273696,39.96673493549695],[-8.63378313368745,39.96653001745779],[-8.63363607834264,39.96648698567793],[-8.632999733702407,39.96647059511662],[-8.63293289093129,39.9664787919229]]}},{"type":"Feature","properties":{"source":"caminho-do-centenario.kml"},"geometry":{"type":"LineString","coordinates":[[-8.632927543506597,39.96648289030599],[-8.632739,39.965926],[-8.632029,39.963706],[-8.631121,39.960913],[-8.630965618966918,39.96038319520346],[-8.631020406441296,39.96034645207122],[-8.631027254812615,39.9603438276088],[-8.63111628349614,39.96031495870424],[-8.632136685569138,39.96001576815227],[-8.63215038225998,39.96001051906931],[-8.632229140889928,39.95978218061402],[-8.63229763342612,39.95919427033329],[-8.63223865717061,39.95914218162605],[-8.632136971499918,39.95909207517584],[-8.63192996659464,39.95913104573349],[-8.631922701433997,39.95922847422598],[-8.631817383069068,39.95925352655908],[-8.631709938149456,39.95908581726535],[-8.63164450053441,39.95900142768],[-8.631641713979134,39.95900142677485],[-8.631526069541348,39.95900566097035],[-8.631466193593138,39.95894263222233],[-8.631499663033267,39.95888710957677],[-8.631515016891363,39.95883692078012],[-8.631512335283617,39.95880813532545],[-8.631172468747812,39.95803199009035],[-8.631138747932432,39.95770497754984],[-8.631107778736165,39.95738371995198],[-8.63106106724492,39.95736199863845],[-8.631042663391758,39.95735765138833],[-8.631048353687493,39.95730990020577],[-8.631075255172092,39.9573099090682],[-8.63110216032367,39.95730340614189],[-8.631103590808,39.95727735947936],[-8.631096538888341,39.95722851873894],[-8.631045373935088,39.95645739063238],[-8.630988579964711,39.95621549463981],[-8.630820997192192,39.95600184337741],[-8.630759329290058,39.9559533964479],[-8.630728725948776,39.95595451356004],[-8.630715610255704,39.955972386818],[-8.63065440355258,39.95597685516646]]}},{"type":"Feature","properties":{"source":"caminho-do-centenario.kml"},"geometry":{"type":"LineString","coordinates":[[-8.630652946250969,39.95597685516699],[-8.630626714776897,39.95588302063871],[-8.630598189088285,39.95580082819773],[-8.630498273905738,39.95568645500117],[-8.63043166399586,39.95555165777602],[-8.630403961910485,39.95544373658406],[-8.630384886253701,39.95509696408391],[-8.630356362517986,39.95447760380435]]}},{"type":"Feature","properties":{"source":"caminho-do-centenario.kml"},"geometry":{"type":"LineString","coordinates":[[-8.630352091992803,39.95447551005847],[-8.630337570388434,39.95319951454564],[-8.630102,39.945862],[-8.630135341706014,39.9457337257694],[-8.630278437921381,39.94554894755493],[-8.630271481910395,39.94549134228456],[-8.630223262232633,39.94546703394401],[-8.630232957219388,39.94541644340031],[-8.630273396518387,39.94541509237541],[-8.630305263307983,39.94539513302521],[-8.630310650184178,39.94535074086495],[-8.630282110536744,39.9452947898484],[-8.630191820690804,39.94520412566918],[-8.630127,39.945136],[-8.63006,39.945022],[-8.630037,39.944156],[-8.629964,39.941766],[-8.630012,39.941614],[-8.630067,39.941483],[-8.630113,39.941389],[-8.630143,39.941302],[-8.630121,39.941221],[-8.630048,39.941112],[-8.629953,39.941038],[-8.629912,39.940866],[-8.629914,39.940773],[-8.62972,39.935365],[-8.629748,39.935227],[-8.62979,39.935122],[-8.62981,39.934994],[-8.62979,39.934903],[-8.629756,39.934789],[-8.629686,39.934647],[-8.62967,39.934497],[-8.629672,39.934266],[-8.629501,39.930785],[-8.629281380838465,39.92734567101132],[-8.629267144505183,39.92647824484437],[-8.629266816680175,39.92620271123602],[-8.629437780409928,39.92620450826375]]}},{"type":"Feature","properties":{"source":"caminho-do-centenario.kml"},"geometry":{"type":"LineString","coordinates":[[-8.629437658003653,39.9262067878275],[-8.629523671570084,39.92580298309006],[-8.629603590518812,39.92550737106023],[-8.629819947035115,39.92468497036496],[-8.629986261610966,39.92425285554955],[-8.63019973367601,39.92366682009206],[-8.630386320012972,39.92314410462729],[-8.630471968222366,39.92295241452492],[-8.630543632884182,39.92286126106956],[-8.630452,39.922762]]}},{"type":"Feature","properties":{"source":"caminho-do-centenario.kml"},"geometry":{"type":"LineString","coordinates":[[-8.630445242335753,39.92276859459449],[-8.630472500460819,39.92255002086647],[-8.631571417537895,39.92198767779681],[-8.6321564776149,39.92168500100153],[-8.631767102828467,39.92133022906436],[-8.631526755137887,39.92135256517109],[-8.63145655959318,39.92126716399541],[-8.631485437552755,39.92032252627548],[-8.631481516630986,39.92034077568334],[-8.631555934493079,39.91907017009295],[-8.631446293789983,39.91906763089364],[-8.631471188826096,39.91872202347229],[-8.631651459007458,39.91871909751902],[-8.631728669152075,39.91714351870655],[-8.631728055635508,39.91662833776574],[-8.631872803526011,39.91653339664269],[-8.63181313698835,39.91643651905086],[-8.632143938351533,39.916243310131]]}},{"type":"Feature","properties":{"source":"caminho-do-centenario.kml"},"geometry":{"type":"LineString","coordinates":[[-8.632142,39.91625],[-8.632149,39.916216],[-8.632117,39.916175],[-8.632175,39.916109],[-8.632044,39.916033],[-8.631969,39.915975],[-8.631714,39.915929],[-8.631519,39.915933],[-8.631312,39.915911],[-8.631183,39.915921],[-8.631086,39.915917],[-8.630752,39.915935],[-8.630685,39.915855],[-8.630556,39.915858],[-8.630452,39.915828],[-8.630443,39.915824],[-8.630356,39.915772],[-8.630211,39.915536],[-8.630078,39.915263],[-8.630019,39.915216],[-8.629984,39.915175],[-8.629908,39.914977],[-8.629823,39.914699],[-8.629771,39.914606],[-8.629645,39.914425],[-8.629643,39.914415],[-8.62957,39.914179]]}},{"type":"Feature","properties":{"source":"caminho-do-centenario.kml"},"geometry":{"type":"LineString","coordinates":[[-8.62957,39.914182],[-8.629503,39.913884],[-8.629455,39.913686],[-8.629442,39.913518],[-8.629438,39.913216],[-8.629544,39.912874],[-8.629515,39.912761],[-8.629568,39.912653],[-8.629656,39.912559],[-8.629628,39.912451],[-8.62957,39.912284],[-8.629722,39.912126],[-8.629889,39.911628],[-8.62994,39.911579],[-8.630459869723664,39.91080848153495],[-8.63058513295477,39.91007140138688],[-8.630531858252242,39.90839845904062],[-8.630865213504334,39.90841216308982],[-8.630865213399497,39.90836001586315]]}},{"type":"Feature","properties":{"source":"caminho-do-centenario.kml"},"geometry":{"type":"LineString","coordinates":[[-8.630863,39.908366],[-8.630970668698172,39.90657028007139],[-8.631106129104584,39.90592709719837],[-8.631100864673302,39.9055006031124],[-8.630924918109104,39.90498470620386],[-8.630678,39.904657],[-8.630315,39.904277],[-8.6300664904838,39.90406486934229],[-8.629862386061937,39.90378009718515],[-8.629742426888052,39.90351722371879],[-8.629705,39.903316],[-8.629752355590414,39.90300006828424],[-8.630004618284996,39.90292601067897],[-8.630331131929,39.90272778010076],[-8.63058006129345,39.90256528357855],[-8.63077117797541,39.90228861089791],[-8.630974775347791,39.90209304700859],[-8.630983310641284,39.90208602753314],[-8.631111454981873,39.90203498315958]]}},{"type":"Feature","properties":{"source":"caminho-do-centenario.kml"},"geometry":{"type":"LineString","coordinates":[[-8.631107090124477,39.90203498956889],[-8.631194057086539,39.9020421744844],[-8.631259616765604,39.90207707213551],[-8.63135459616288,39.90216868147613],[-8.631486083254716,39.90225234251373],[-8.631510513350262,39.90219353931332],[-8.631583298790916,39.90221501476861],[-8.631654217738491,39.90219353896718],[-8.631749398436256,39.90217635814759],[-8.631887503656156,39.90214485994834],[-8.632053603396496,39.90212767843901],[-8.632227169018861,39.90215201615779],[-8.63248120772754,39.90222103875764],[-8.632789540638214,39.90217824111148],[-8.632898191180576,39.90214219918204],[-8.632904064174648,39.90213994655168],[-8.632976449831597,39.90211131788163],[-8.632991186794756,39.90204348473604],[-8.633082557303196,39.90203670118243],[-8.633094347358897,39.90210001201508],[-8.63314779188819,39.90211967442163],[-8.633602944122282,39.90211291884257],[-8.634049286259502,39.90207462396634],[-8.634510310965522,39.90200929502264]]}},{"type":"Feature","properties":{"source":"caminho-do-centenario.kml"},"geometry":{"type":"LineString","coordinates":[[-8.63450704083012,39.90200938457298],[-8.634742725748952,39.90197272875111],[-8.634899041404301,39.90195205237562],[-8.634950247754801,39.90190863386798],[-8.635071527056082,39.90188795750578],[-8.635120039742421,39.90193964528082],[-8.63521167357915,39.90195204953665],[-8.63536798980938,39.90193964260466],[-8.635510830728682,39.90192930314571],[-8.635491964136683,39.9018920878061],[-8.635621329530261,39.90187761327177],[-8.63571296461582,39.90191689508087],[-8.635831223750506,39.90193668414202],[-8.635985803265344,39.90195335592279],[-8.636107875708028,39.9019674102511]]}},{"type":"Feature","properties":{"source":"caminho-do-centenario.kml"},"geometry":{"type":"LineString","coordinates":[[-8.636110932791635,39.90196525646649],[-8.636237751920174,39.90190233938712],[-8.636910131936757,39.90140191161253],[-8.6376158563825,39.90094275400868],[-8.63786622453278,39.9008020383128],[-8.6383553182967,39.90060324325749],[-8.639171242391697,39.90030570042592],[-8.639181569831571,39.90030138848271],[-8.63952929566256,39.9001869110509],[-8.639691744407687,39.90016211176133]]}},{"type":"Feature","properties":{"source":"caminho-do-centenario.kml"},"geometry":{"type":"LineString","coordinates":[[-8.639686943769888,39.90018270762631],[-8.639932671666589,39.89999744416713],[-8.640463490317824,39.8996733522872],[-8.640858446334626,39.89942375312946],[-8.641162683023646,39.89922799979075],[-8.64130736218243,39.89907605185259],[-8.641486700569331,39.89899532980169],[-8.641751006721515,39.89893644789536],[-8.641766525149848,39.89893203755209],[-8.64218119690605,39.89882096538277],[-8.642585931595663,39.8985851522228],[-8.642869596252886,39.8983360387773],[-8.64316120823244,39.89802192850542],[-8.644448648757368,39.89657462233707],[-8.64473207236933,39.89642923204635],[-8.645420282468228,39.89608991332835],[-8.645917198542318,39.89585749325469],[-8.647603897514978,39.89495812796989],[-8.647860716471449,39.89484558848823],[-8.647874496243194,39.89484520163519],[-8.648171480421313,39.89484741093717],[-8.648185281776222,39.89484702380023],[-8.648688460033442,39.89480650575009],[-8.6488879554855,39.89477448083984],[-8.64891516275064,39.89476314755918],[-8.649152496112075,39.89464544883739],[-8.649473069907524,39.89437188312615],[-8.649817537232497,39.89408835818148],[-8.65083757806142,39.8935973939254],[-8.651887161245556,39.89313321506069],[-8.652841774639999,39.89264016893031],[-8.653044126805673,39.89251634318076],[-8.65335113046035,39.89217872359362],[-8.653670491010725,39.89180953660307],[-8.65401491413008,39.89153686282753],[-8.655372700665076,39.890709815001],[-8.655848724759158,39.89034960781163],[-8.656414199062231,39.88973618358045],[-8.65686571465062,39.88880638018939],[-8.657047556053815,39.88860641798386],[-8.657256669371046,39.88830319646504],[-8.657545736943554,39.88807051998287],[-8.657570111396142,39.88804542146433],[-8.657841987440548,39.88784710797373],[-8.658039092175413,39.88768501639505],[-8.658253186817777,39.8874191252286],[-8.658492864918752,39.88709966348759],[-8.658629011388411,39.88682077003876],[-8.65863477632467,39.88681112188732],[-8.658672408675805,39.8864163856302],[-8.658650274063621,39.885938319755],[-8.658627586102652,39.88571638187031],[-8.65874973806238,39.8852102408496],[-8.65905425819482,39.88480735349466],[-8.659691070502396,39.88428365000859],[-8.660263124066594,39.88381865341508],[-8.660652062589982,39.88349385176051],[-8.660795745830526,39.88325928739508],[-8.661023119003108,39.88265568842348],[-8.661262019095247,39.88213433536287],[-8.661744830442789,39.88169969574574],[-8.662053089437947,39.88132915211843],[-8.66235541446445,39.88094799197064],[-8.662408866646722,39.88072371568569],[-8.66234118285569,39.88043334237248],[-8.662359899870388,39.88024494725013],[-8.662358955108818,39.8802241044659],[-8.662339178683482,39.87998819442574],[-8.662329478558618,39.87997457344763],[-8.662161830474023,39.87968065975689],[-8.661862913109212,39.87928693517845],[-8.661691732273676,39.87889601348471],[-8.661715135609017,39.87855823106801],[-8.661729729242818,39.87854011570357],[-8.662000994488723,39.87754550875811],[-8.662437738364147,39.87704758676627],[-8.662496013724006,39.87695355388843],[-8.662373744416698,39.87691598132243],[-8.662410468087892,39.87683969075074],[-8.66255,39.876848],[-8.66276,39.876822],[-8.662862,39.876751],[-8.663355,39.876024],[-8.664041,39.875606],[-8.664389,39.875231],[-8.665143,39.874662],[-8.665421,39.874303],[-8.666664,39.872776],[-8.666953,39.872563],[-8.667417,39.872294],[-8.667676,39.872097],[-8.668266,39.871285],[-8.668748,39.870769],[-8.669412,39.869858],[-8.670205,39.868553],[-8.670618,39.867842],[-8.67077,39.867542],[-8.671097213384742,39.86644333707494],[-8.67108815093762,39.86629831937171],[-8.671029811214968,39.86617802956216],[-8.67100030982006,39.86614992912542],[-8.671035343756463,39.86607341183209],[-8.671103110096421,39.86610507011545],[-8.671147816219465,39.86610547846155],[-8.671165559652188,39.86603545689938],[-8.67123267592365,39.86590429210325],[-8.671417236016568,39.86556693136557],[-8.67166181502933,39.86533523046456],[-8.671856,39.865138],[-8.67211,39.864705],[-8.672659,39.863706],[-8.672977,39.863174],[-8.673101,39.862712],[-8.673223,39.862305],[-8.673284,39.862214]]}},{"type":"Feature","properties":{"source":"caminho-do-centenario.kml"},"geometry":{"type":"LineString","coordinates":[[-8.673276,39.86221],[-8.67377,39.861241],[-8.673891,39.861107],[-8.674007,39.861071],[-8.674268,39.860922],[-8.674338,39.860795],[-8.674365,39.860706],[-8.674426,39.86059],[-8.674488,39.860498],[-8.674544,39.860437],[-8.674627,39.860363],[-8.674734,39.860233],[-8.674736,39.86022],[-8.674907,39.859846],[-8.675101,39.859491],[-8.675395,39.859095],[-8.675787,39.858698],[-8.676085,39.858372],[-8.676203,39.858312],[-8.676281,39.858169],[-8.676355,39.858032],[-8.67643,39.857907],[-8.676499,39.857811],[-8.676745,39.85762],[-8.677025,39.857425],[-8.677755,39.857047]]}},{"type":"Feature","properties":{"source":"caminho-do-centenario.kml"},"geometry":{"type":"LineString","coordinates":[[-8.677754006638645,39.85704431510162],[-8.677658770917027,39.85700703211292],[-8.677705008932593,39.85694904313499],[-8.677815928450464,39.85697180389065],[-8.677869424787124,39.85697896599471],[-8.677911102748457,39.85697709401192],[-8.677992843934577,39.85695826444614],[-8.67807418848603,39.85686989586814],[-8.678165,39.8567],[-8.678217,39.856493],[-8.67826,39.856339],[-8.678332,39.856222],[-8.678465,39.856018],[-8.67873,39.855793],[-8.678821,39.855692],[-8.67897,39.855553],[-8.679364,39.855271],[-8.67978,39.854817],[-8.679918,39.854642],[-8.68006,39.854462],[-8.680216,39.854097],[-8.680296,39.853928],[-8.680534,39.853521],[-8.680846,39.853203]]}},{"type":"Feature","properties":{"source":"caminho-do-centenario.kml"},"geometry":{"type":"LineString","coordinates":[[-8.680833,39.8532],[-8.681228,39.852402],[-8.681272,39.851889],[-8.681766,39.851286],[-8.682814,39.85025],[-8.683131,39.849971],[-8.683282,39.849798],[-8.683354,39.849681],[-8.683789,39.849169],[-8.684208,39.848896],[-8.684929,39.848357],[-8.685990173488205,39.84787003316747],[-8.686506,39.847377],[-8.686853,39.846907],[-8.686964,39.846803],[-8.687571,39.846121],[-8.68849,39.845305],[-8.689144,39.844546],[-8.68993,39.843614],[-8.690096,39.843371],[-8.690238,39.843198],[-8.690403,39.842896],[-8.690439,39.842768],[-8.690453,39.842706],[-8.69045,39.842319],[-8.690446,39.842236],[-8.690456,39.842139],[-8.690475,39.84202],[-8.690502,39.841854],[-8.690576,39.841744],[-8.69064,39.841642],[-8.690974,39.841304],[-8.691023,39.841217],[-8.691122,39.840987],[-8.691225,39.84058],[-8.691286,39.840466],[-8.691484,39.840218],[-8.6917,39.839934],[-8.691756,39.839844],[-8.691763,39.839777],[-8.691766,39.839734]]}},{"type":"Feature","properties":{"source":"caminho-do-centenario.kml"},"geometry":{"type":"LineString","coordinates":[[-8.691765989929728,39.83973365475882],[-8.691748491437002,39.83972225637031],[-8.691691778474166,39.8397328570176],[-8.691633851513389,39.83974348022942],[-8.691595039270759,39.83966637859986],[-8.691648899337846,39.83965384794558],[-8.691712970716868,39.83963603313156],[-8.69174224838003,39.83962323479647],[-8.691756,39.839586],[-8.691769846494225,39.8393696145834],[-8.691802599262532,39.83925531295446],[-8.691844082811508,39.83916220997161],[-8.6918732665541,39.8390792630604],[-8.691916,39.838994],[-8.691882,39.838859],[-8.691844,39.838722],[-8.691815,39.838627],[-8.691818,39.838618],[-8.691857,39.8384],[-8.691992,39.838124],[-8.692094,39.838032],[-8.692336,39.837808],[-8.692564,39.837611],[-8.692697,39.837552]]}},{"type":"Feature","properties":{"source":"caminho-do-centenario.kml"},"geometry":{"type":"LineString","coordinates":[[-8.692692,39.837552],[-8.692897,39.837457],[-8.693065,39.837325],[-8.693212,39.837195],[-8.693262,39.8371],[-8.693389,39.836804],[-8.693783,39.835965],[-8.693924,39.835843]]}},{"type":"Feature","properties":{"source":"caminho-do-centenario.kml"},"geometry":{"type":"LineString","coordinates":[[-8.693925,39.83584],[-8.694334,39.83569],[-8.69466,39.835555],[-8.694934,39.835394],[-8.695177,39.83527],[-8.695502,39.835252],[-8.696169,39.835319],[-8.696191,39.835319],[-8.696892,39.835411],[-8.697349769745449,39.83551080860578],[-8.697395395442529,39.8355203904499],[-8.697427953180645,39.83551735385473],[-8.697459627656727,39.83548257811507],[-8.697470303896278,39.83546457185725],[-8.697558373517705,39.83548936304802],[-8.69753371258264,39.83554573241753],[-8.697527044827941,39.83558646096989],[-8.69755427469906,39.83562983354198],[-8.697555707888316,39.83563211636442],[-8.697583107580671,39.83566642140052],[-8.698030250326731,39.83586505860248],[-8.698197616999773,39.83596675096282],[-8.698371408655099,39.83604780040884],[-8.698541918073063,39.8360700329436],[-8.698687934045306,39.83609014163272],[-8.698893,39.836099],[-8.699105,39.836081],[-8.699277,39.836093],[-8.699553,39.836121],[-8.699738,39.83619],[-8.69989,39.836245],[-8.700008,39.836258],[-8.700149,39.836236],[-8.700298,39.836188],[-8.700977,39.836007],[-8.701145,39.835985],[-8.701162,39.835985],[-8.701382,39.835963],[-8.701567,39.835941],[-8.701703,39.835908],[-8.701894,39.835866],[-8.701905,39.835866],[-8.702131,39.835853],[-8.70224,39.835829],[-8.702284,39.835804],[-8.702543,39.835584],[-8.70259,39.835538],[-8.702606,39.835538],[-8.702744,39.835435],[-8.702915,39.83533],[-8.703049754636222,39.83529728045684],[-8.703541545713543,39.83523269716666],[-8.704018047838371,39.83516224204622],[-8.704005307029673,39.83516224244445],[-8.704535003785711,39.83507573871287],[-8.704979401831492,39.83497009592632],[-8.705310936757396,39.83486987248526],[-8.705762935126728,39.83464798456464],[-8.705928056158486,39.83459639773238],[-8.706084782333814,39.83455985486377],[-8.706311480474664,39.83455984330413],[-8.706757311049941,39.83456966887022],[-8.70708878348571,39.83457791824402],[-8.70726995193918,39.83456244989831],[-8.707455743786866,39.83452269623905],[-8.707557031031378,39.83446592975983],[-8.707598085271716,39.83436291778818],[-8.707559740866785,39.83419263911094],[-8.707543231412311,39.83389443759431],[-8.707569758768932,39.83360366586326],[-8.70763406931395,39.83323659438305],[-8.707695565857389,39.83275041663606],[-8.707733393062396,39.83252434823242],[-8.707846925488317,39.83235317560917],[-8.708042282786396,39.83212489038626],[-8.708713472483337,39.83179910616995],[-8.709406081380742,39.83131362483226],[-8.710060778839747,39.83073584416885]]}},{"type":"Feature","properties":{"source":"caminho-do-centenario.kml"},"geometry":{"type":"LineString","coordinates":[[-8.712158,39.829004],[-8.709314,39.831435],[-8.708815,39.831789],[-8.708178,39.832126],[-8.708093,39.832212],[-8.707946,39.832363],[-8.707857,39.832491],[-8.707802,39.832756],[-8.707717,39.83324],[-8.707666,39.833784],[-8.707636,39.834265],[-8.707629,39.834343],[-8.707588,39.83441],[-8.707536,39.834473],[-8.707454,39.834515],[-8.707334,39.834558],[-8.707179,39.834565],[-8.70624,39.83455],[-8.706139,39.834565],[-8.706129,39.834565],[-8.705962,39.834588],[-8.705747,39.834686],[-8.705248,39.834892],[-8.704797,39.835012],[-8.704567,39.835065],[-8.703946,39.835178],[-8.703021,39.835304]]}},{"type":"Feature","properties":{"source":"caminho-do-centenario.kml"},"geometry":{"type":"LineString","coordinates":[[-8.712158,39.829004],[-8.712687,39.82855],[-8.713109,39.828577],[-8.713145,39.828475],[-8.713309,39.827753],[-8.713475,39.827356],[-8.713974,39.82631],[-8.714358,39.825561],[-8.714429,39.825382],[-8.714465,39.825027],[-8.714432,39.824426],[-8.714402,39.824204],[-8.714431,39.823994],[-8.714428,39.823909],[-8.714403,39.82378],[-8.714514,39.823758],[-8.714666,39.823457],[-8.714788,39.823058],[-8.714912,39.822632],[-8.714954,39.822336],[-8.714987,39.821753],[-8.715001,39.821359],[-8.714901,39.820991]]}},{"type":"Feature","properties":{"source":"caminho-do-centenario.kml"},"geometry":{"type":"LineString","coordinates":[[-8.714906,39.821005],[-8.714764,39.820566],[-8.714721,39.820136],[-8.71477608797061,39.81990431533168],[-8.714768813014345,39.81980372695962],[-8.714594199169621,39.81944328512704],[-8.714590561352992,39.81944049099128],[-8.714434137843588,39.8191499022937],[-8.71439776154958,39.81900740225004],[-8.714423228562708,39.81885093204025],[-8.714517813619286,39.81872240332765],[-8.71457965727755,39.81866093309737],[-8.714790652329311,39.8184988748493]]}},{"type":"Feature","properties":{"source":"caminho-do-centenario.kml"},"geometry":{"type":"LineString","coordinates":[[-8.714807,39.818503],[-8.714631,39.818126],[-8.714589,39.81793],[-8.714607,39.81771],[-8.714787764516592,39.8174408806538],[-8.715318721381136,39.81670996430253],[-8.7158273835036,39.81595208799458],[-8.715966317130432,39.81569205711406],[-8.716066725517127,39.81523536399393],[-8.716565,39.813006],[-8.716751,39.811874],[-8.716643,39.811478],[-8.716218,39.810719],[-8.716041,39.810376],[-8.715973,39.809991],[-8.716003,39.809562],[-8.716215,39.809212],[-8.716329,39.809017],[-8.716464,39.808852],[-8.716948,39.808362],[-8.71763729901922,39.80771401708786],[-8.717841958944796,39.80748897370983]]}},{"type":"Feature","properties":{"source":"caminho-do-centenario.kml"},"geometry":{"type":"LineString","coordinates":[[-8.717844,39.807485],[-8.718459,39.806871],[-8.718452,39.806737],[-8.7184,39.806644],[-8.718302,39.806603],[-8.718078,39.806544],[-8.718061,39.806543],[-8.717676,39.806485],[-8.717654,39.806484],[-8.717401,39.806468],[-8.717384,39.806467],[-8.716895,39.806405],[-8.716672,39.806404],[-8.71645,39.806379],[-8.716433,39.806379],[-8.71626,39.806331],[-8.716243,39.806326],[-8.716054,39.80626],[-8.716038,39.806246],[-8.715897,39.806165],[-8.715892,39.806156],[-8.715755,39.806032],[-8.715733,39.806027],[-8.715669,39.80598],[-8.715519,39.805835],[-8.715494,39.805812],[-8.715315,39.805543],[-8.715138,39.805301],[-8.715073,39.805106],[-8.71506,39.804969],[-8.715057,39.804743]]}},{"type":"Feature","properties":{"source":"caminho-do-centenario.kml"},"geometry":{"type":"LineString","coordinates":[[-8.715065,39.80474],[-8.715078,39.804548],[-8.715057,39.804316],[-8.71497,39.804183],[-8.714768,39.803978],[-8.714559,39.803784],[-8.714405,39.803656],[-8.714322,39.803525],[-8.714319,39.803518],[-8.71428,39.803377],[-8.71427,39.803272],[-8.714181,39.80302],[-8.714125,39.802895],[-8.713985,39.802668],[-8.713778,39.802407],[-8.713657,39.802275],[-8.713617257776749,39.80222856439733]]}},{"type":"Feature","properties":{"source":"caminho-do-centenario.kml"},"geometry":{"type":"LineString","coordinates":[[-8.713626798030194,39.80223410053299],[-8.713739573976367,39.80217815323806],[-8.713683852771467,39.80210476298415],[-8.713678101342234,39.80202916663718],[-8.713765192295174,39.80196661724717],[-8.713710612334602,39.80191084767611],[-8.714156168766053,39.80165641517998],[-8.714843852826098,39.80126021173442],[-8.7152768317796,39.80100583429946],[-8.71553789291294,39.80093734676813],[-8.715816998271295,39.80094705863343]]}},{"type":"Feature","properties":{"source":"caminho-do-centenario.kml"},"geometry":{"type":"LineString","coordinates":[[-8.715823332435718,39.80095683454578],[-8.715854997360381,39.80089816097097],[-8.715816996280019,39.80084438886421],[-8.71575364602154,39.8008101637007],[-8.715678,39.800767],[-8.715658,39.800759],[-8.715518,39.800661],[-8.715125552925905,39.80044809361085],[-8.715210650691759,39.80040393217085],[-8.715345741882683,39.80039634229573],[-8.715801061885443,39.80034977908532],[-8.716101617958113,39.80028250464338],[-8.716383731541079,39.80009090722221],[-8.716568755024962,39.79986731421842],[-8.716573383581181,39.79985666468943],[-8.71666129925752,39.79968274661945],[-8.716703123396382,39.79931711634318],[-8.716721849781216,39.7989373640526],[-8.716708005593688,39.79891605745589],[-8.716684967646389,39.79882731757108],[-8.717053070616883,39.7987440423897],[-8.71722177372089,39.79857396861837],[-8.71743855783472,39.79847426732743],[-8.717607124334249,39.79843372837038],[-8.717838225111654,39.79846626747558],[-8.718087366234617,39.79842473156929],[-8.718467849691807,39.79829633465106],[-8.71886641881727,39.79821823338038],[-8.719003394774926,39.79808692028158],[-8.719026218305482,39.79806941683368],[-8.719339979467534,39.79785505264415],[-8.719357100522748,39.7978331682928],[-8.719665142672255,39.79754878387575],[-8.719847675881743,39.7973431579015],[-8.71985907702884,39.79733879040143],[-8.72002447326144,39.7971463159051],[-8.72026846236632,39.79670784105451],[-8.72050389645937,39.79607361829811],[-8.72063124729354,39.7955370864871],[-8.720648174547588,39.79512331825443],[-8.72066961125165,39.79483070046079],[-8.720750268885052,39.7946855007778]]}},{"type":"Feature","properties":{"source":"caminho-do-centenario.kml"},"geometry":{"type":"LineString","coordinates":[[-8.72074349416094,39.79468318410727],[-8.72080471522162,39.79453099066112],[-8.721099492086458,39.79401419821938],[-8.721130651412267,39.79370558036332],[-8.72116378237669,39.79331842541031],[-8.72121259139085,39.79285939372204],[-8.721294428914797,39.79150363958809],[-8.721316820056638,39.79110691102225],[-8.721258603693338,39.79072885813397],[-8.721244798215967,39.79070155673764],[-8.721122793139575,39.7904661308317],[-8.72096239365701,39.79018789474392],[-8.720905371858397,39.78986343897452],[-8.72090311163308,39.78934019677002],[-8.720773334009163,39.78908404727341],[-8.720606192039897,39.78885498979199],[-8.720601223581292,39.7888417852463],[-8.72059146721129,39.78882738677611],[-8.720395501983026,39.78861464914376],[-8.72029060894589,39.78838925067409],[-8.720293762099159,39.78838215793563],[-8.72033160352642,39.7881404947149],[-8.720513095821373,39.78785309865398],[-8.720622555266061,39.78767796683346],[-8.72109811334219,39.78750814902246],[-8.72134016445761,39.78746857887963],[-8.721685459138868,39.78748798549724],[-8.721925403917135,39.78737988245729],[-8.722329352120141,39.78730794709314],[-8.722790095622074,39.78720624223548],[-8.722887558359204,39.78718965750913],[-8.722945998661361,39.78710148353359],[-8.722920278287111,39.78690078701592],[-8.722749030597292,39.78634145428455],[-8.722577867280423,39.78592982357505],[-8.722586162681509,39.78594206854341],[-8.722584954273694,39.78595513687331],[-8.722509235535275,39.78565958241212],[-8.722567811699834,39.7851323505408],[-8.722645043879826,39.78444833245885],[-8.7224944576366,39.78424608992776],[-8.722259217327817,39.78404805496806],[-8.722234494011474,39.784029532647],[-8.72202946145528,39.78388324428598],[-8.721791173133367,39.78370719875833],[-8.72169649389026,39.78353101640253],[-8.721673256764417,39.78332130845394],[-8.72171381477054,39.78302232076526],[-8.72201916641527,39.78163625975715],[-8.72199021770573,39.78144197626169],[-8.721830393341488,39.78109646129713],[-8.72182447516163,39.78106720756138],[-8.721269173790146,39.78017271648984],[-8.72111077867704,39.77999236879551],[-8.720641766326214,39.77964460046344],[-8.720161168675878,39.77945644608408],[-8.719550851033432,39.77940057563576],[-8.718946577669955,39.779302932957],[-8.718605589798328,39.77916695340758],[-8.718380038578536,39.77898543534312],[-8.718194152416363,39.77866088293771],[-8.718203284380797,39.77866594188259],[-8.718055435281855,39.77839340733488],[-8.717887063549757,39.77802298709899],[-8.717761485564058,39.7778693767178],[-8.717433416941569,39.77766776372611],[-8.716949257170814,39.77748635496367],[-8.715821526476127,39.77716122499687],[-8.715465485859678,39.77708164817616],[-8.715433431292766,39.77707381083015],[-8.715241378744482,39.7770116506303],[-8.715006976100517,39.77687785938398],[-8.714999180932125,39.77687212008666],[-8.714780400401914,39.77667652710009],[-8.714666121662452,39.77654859020807],[-8.714556177736169,39.7763342809263],[-8.714359303153273,39.77585128523848],[-8.71427100525482,39.77542608823946],[-8.714191999333945,39.77488904737889],[-8.714168131607769,39.7744386922349],[-8.714283906457407,39.77397602192673],[-8.714326024257653,39.7736690085567],[-8.71422242951557,39.77311906640871],[-8.714231252460763,39.7731320851626],[-8.714201985790467,39.77275953174461],[-8.714243340576221,39.772015030931],[-8.714188158314002,39.77078389819496],[-8.714158168082104,39.77031468731388],[-8.714199792590364,39.76989908319452],[-8.714336661344316,39.76940646168015],[-8.714608182437864,39.76861908642691],[-8.715229037362505,39.76682641802887],[-8.71556523541849,39.76576138993534],[-8.715731415978134,39.76521444882678],[-8.715785095344495,39.76477685620015],[-8.715765047771754,39.76413855198494],[-8.715784643951032,39.76303400943784],[-8.71578697397084,39.76221548926448],[-8.715761724751024,39.76186063770534],[-8.715816883860244,39.76159282660627],[-8.716015485855573,39.76113235528182],[-8.716166142078771,39.7607319698012],[-8.716238688665568,39.76041192053091],[-8.716236349187797,39.7604004629007],[-8.716236345748419,39.76008195451642],[-8.71622747972737,39.76006886371986],[-8.71604926284262,39.75972658735601],[-8.715261253333656,39.7583852031833],[-8.714935285478557,39.75783874912108],[-8.714736527984254,39.75759188340364],[-8.71472095277769,39.75756888861643],[-8.714488926101968,39.7573196766613],[-8.71447608871883,39.75731007221903],[-8.714204582871067,39.7570557701854],[-8.713997323964689,39.75690092799616],[-8.713980425954379,39.756892840925],[-8.713938868117776,39.75687088064452],[-8.713405625149615,39.75668918197389],[-8.713150822127194,39.75661639794855],[-8.712996621776295,39.75653025882518],[-8.71285923318778,39.75635844677007],[-8.712855474316155,39.75610447014115],[-8.71299321622968,39.75581180422051],[-8.713289781728669,39.75545951212173],[-8.714036649219382,39.75447027741634]]}},{"type":"Feature","properties":{"source":"caminho-do-centenario.kml"},"geometry":{"type":"LineString","coordinates":[[-8.714034843807772,39.7544700016751],[-8.714190209777941,39.75453167101141],[-8.714502959983415,39.75455075379876],[-8.714890175702134,39.7545851008997],[-8.715446181650275,39.75463089443978],[-8.716595657340667,39.75470157192366],[-8.717269378442545,39.75475198361464]]}},{"type":"Feature","properties":{"source":"caminho-do-centenario.kml"},"geometry":{"type":"LineString","coordinates":[[-8.717307105499613,39.75474313151164],[-8.717750850032822,39.75478244893755],[-8.717947133694716,39.7547955434213],[-8.718032210586127,39.75472979873132],[-8.718005769077475,39.75449993110863],[-8.717816087707224,39.75385759999276],[-8.717610734099866,39.7532496707833],[-8.7174496015541,39.75292497368127],[-8.717100412841724,39.75251077709056],[-8.716678480075858,39.75207274061842],[-8.716356352020268,39.75161216238922],[-8.71618928440083,39.75125693018974],[-8.716054485582312,39.75084021551493],[-8.716045600164751,39.75081310158654],[-8.7159646018308,39.75020385845271],[-8.715903648552816,39.74933627884155],[-8.71598237613197,39.74846352779888],[-8.716027127369946,39.74811757226734],[-8.715997587261896,39.74767490179613],[-8.715786206420846,39.74717419467251],[-8.71554762209593,39.74673386812557],[-8.71543522611092,39.7464733406677],[-8.715371144189652,39.74598326698217],[-8.715400832242237,39.7453798351762],[-8.715415224574354,39.74492843426845],[-8.715415157567124,39.74490438785997],[-8.715336389519729,39.74467010435406],[-8.714967892696693,39.74402056581449],[-8.714534806283112,39.74344043709432],[-8.714521935378439,39.74343548964027],[-8.714373738397484,39.74328707703359],[-8.714303014984488,39.74326731095504],[-8.714245017966919,39.74317833009079],[-8.714297807419149,39.74305268785265],[-8.714307364422506,39.74265207383574],[-8.714282961439633,39.74196771688091],[-8.714272777068656,39.74152153093164],[-8.714383638681326,39.74152884318546],[-8.714397209759287,39.7411360633756],[-8.714342475591328,39.74082416423799],[-8.714233135131513,39.74044594268039],[-8.714087468851755,39.74013097545763],[-8.713887280153417,39.73988962904716],[-8.713579103041887,39.73958970459866],[-8.713171209453222,39.73919738281544],[-8.712807292470861,39.73880162421629],[-8.712441807850483,39.7382961669993],[-8.712143896746419,39.7378678761165],[-8.71199458667811,39.7376237029498],[-8.711830205213278,39.73727935017959],[-8.71169278186178,39.73672958189722],[-8.711593611779865,39.73640652861196]]}},{"type":"Feature","properties":{"source":"caminho-do-centenario.kml"},"geometry":{"type":"LineString","coordinates":[[-8.711592566406177,39.73640568927954],[-8.711545868473745,39.73621483925769],[-8.711405262416319,39.73588039420574],[-8.71121203875078,39.73559004825295],[-8.71101888794755,39.73538757863277],[-8.710602151067574,39.73513692806544],[-8.70991166995164,39.73470745283009],[-8.709430831923287,39.73436270898295],[-8.709085057522456,39.73405949455445],[-8.708928376051407,39.73389750087227],[-8.70870688102152,39.73377290065348],[-8.708193913474942,39.73351210351243],[-8.707842971649452,39.73331251474651],[-8.707578562841343,39.73313879554554],[-8.707352598017641,39.73287635390935],[-8.707104955002237,39.73250493558513],[-8.706720108466467,39.7319189209971],[-8.70656523619505,39.73161806093874],[-8.706524016823833,39.7314840119431],[-8.706520813926486,39.73124759366036],[-8.706473112115185,39.73052835546417],[-8.706349766636654,39.73052565511318],[-8.70632860903959,39.7304335072868],[-8.706325084529485,39.73043079729177],[-8.706247552034512,39.73041996237647],[-8.706166500535918,39.73044707157963],[-8.706103054826933,39.73036305802486],[-8.706215818247523,39.73029800248219],[-8.70622286503006,39.73028716082713],[-8.706247515880003,39.73015435547995],[-8.706356750593736,39.73005948718311],[-8.706473038940509,39.73000527228601],[-8.706504755647979,39.73000255940649],[-8.706529424454976,39.73000255737551],[-8.706649219621623,39.72982637968995],[-8.70691894779352,39.72936321941337],[-8.706918946153282,39.72935213048108],[-8.706958575125487,39.72920242659495],[-8.70697037265561,39.72905993045178],[-8.706870859827072,39.72870807252235],[-8.706747485377266,39.72840211340164],[-8.706735546321251,39.72837457718006],[-8.706735543689636,39.72835621903008],[-8.706703687154917,39.72814816278461],[-8.706714271024087,39.72779010469495],[-8.706754623721372,39.72730303474364],[-8.706754622228205,39.72729267165488],[-8.706757273780303,39.72699006929457],[-8.706754577731528,39.72698177905614],[-8.706646757675845,39.72680147042977],[-8.706396122679338,39.72670615080516],[-8.706388038100052,39.72670615146762],[-8.706253286728161,39.72664191117062]]}},{"type":"Feature","properties":{"source":"caminho-do-centenario.kml"},"geometry":{"type":"LineString","coordinates":[[-8.706256,39.726647],[-8.705995,39.726349],[-8.704875,39.72558],[-8.704362,39.724847],[-8.703861,39.724366],[-8.703631,39.72414],[-8.703527,39.72406],[-8.703538,39.724069],[-8.703539,39.724081],[-8.703328,39.723718],[-8.703228,39.72328],[-8.703006,39.722634],[-8.702832,39.722278],[-8.702569,39.722049],[-8.702083,39.72181],[-8.701953,39.721661],[-8.70186,39.721409],[-8.701846,39.721199],[-8.701875,39.720967],[-8.701826,39.720826],[-8.701775,39.720769],[-8.701773,39.720766],[-8.70167,39.720745],[-8.701214,39.720663],[-8.701033,39.720567],[-8.700915,39.720455],[-8.700912,39.720455],[-8.700698,39.720264],[-8.700501,39.720092],[-8.700398,39.720019],[-8.700265,39.719926],[-8.69998,39.719771],[-8.699863,39.719655],[-8.699781,39.719535],[-8.699724,39.719343],[-8.699686,39.719085],[-8.699671,39.71886],[-8.699702,39.718695],[-8.699731,39.718536],[-8.6997,39.718459],[-8.699581,39.718345],[-8.69943,39.718229],[-8.698654,39.717623],[-8.698255,39.717319],[-8.69769,39.7169],[-8.697574,39.716792],[-8.697472,39.716705],[-8.697402,39.716594],[-8.697353,39.716527],[-8.697307,39.716479],[-8.697263,39.71644],[-8.697216,39.716411],[-8.696986,39.716366],[-8.696947,39.716336],[-8.696917,39.716264],[-8.696857,39.716255]]}},{"type":"Feature","properties":{"source":"caminho-do-centenario.kml"},"geometry":{"type":"LineString","coordinates":[[-8.696843,39.716259],[-8.696916,39.715857],[-8.69709,39.714947],[-8.697191,39.714488],[-8.697308,39.713891],[-8.697376,39.713515],[-8.697382,39.713451],[-8.69735,39.713427],[-8.69730896148099,39.71342402033476]]}},{"type":"Feature","properties":{"source":"caminho-do-centenario.kml"},"geometry":{"type":"LineString","coordinates":[[-8.697304,39.713414],[-8.697272,39.713351],[-8.697343,39.713335],[-8.697339,39.713302],[-8.697307,39.713274],[-8.697175,39.713079],[-8.697102,39.712892],[-8.697025,39.712747],[-8.697017,39.71273],[-8.69709,39.712693],[-8.696769,39.712073],[-8.696477,39.711529]]}},{"type":"Feature","properties":{"source":"caminho-do-centenario.kml"},"geometry":{"type":"LineString","coordinates":[[-8.69646155661883,39.7114974535156],[-8.696653234475336,39.71143156460485],[-8.6968082059241,39.71134371535558],[-8.696901998272738,39.71116174850569],[-8.696800032484916,39.71096096342875],[-8.696638378764664,39.71057688089762],[-8.696623804845773,39.71028188579921],[-8.696691747893501,39.70997195277485],[-8.696687613700973,39.70951228634618],[-8.696693344546611,39.70895905625872],[-8.696727843872708,39.70851204746125],[-8.69691009308258,39.70791365383247],[-8.697084492677327,39.70750151580165],[-8.697165454915389,39.70715168026545],[-8.697281764543549,39.70694541653371],[-8.697413785711227,39.70669146937082],[-8.697632135485069,39.70645314718497],[-8.697637213462686,39.70644924022894],[-8.69781493422969,39.70618357208496],[-8.697814933294397,39.70616794492742],[-8.697962184799197,39.70592181189133],[-8.698116136528782,39.70546132102782],[-8.698336374655668,39.70512240150497],[-8.698348958950863,39.70509335155455],[-8.69861954503726,39.70483673696908],[-8.698896429183291,39.70467211146416],[-8.69937466308459,39.70416372338027]]}},{"type":"Feature","properties":{"source":"caminho-do-centenario.kml"},"geometry":{"type":"LineString","coordinates":[[-8.699440933702185,39.70418703177806],[-8.699128436467387,39.70365401494723],[-8.698958599873537,39.70330912130168],[-8.698686882880441,39.70299036122802],[-8.698333662216903,39.7026820555061],[-8.697520335930843,39.70215178033973],[-8.69715302940538,39.7019227983617],[-8.696798042503085,39.70149592532937],[-8.696430593003798,39.7011225603528],[-8.695952227706824,39.70077586706349],[-8.695439203712578,39.70039183533284],[-8.695035140396032,39.69997076779077],[-8.694670758585227,39.69956723513091],[-8.694488569238738,39.69932936331183],[-8.694306379590099,39.69891308681758],[-8.69418491961713,39.69848831413697],[-8.693943720300831,39.6978509450846],[-8.693698249985077,39.69740604822817],[-8.693420054514407,39.69684783015126],[-8.692943993193044,39.69591214510619],[-8.69280315533029,39.69557035990538],[-8.692846495104071,39.69526192115454],[-8.693063175669721,39.69502850925411],[-8.69357494284227,39.69473045667116],[-8.69439941392017,39.6943040521514],[-8.694561601654922,39.69409605104236],[-8.69454808151961,39.69377365189012],[-8.694385888412306,39.69338885456397],[-8.693938364251157,39.6924571184652],[-8.693763440569418,39.69205916942563],[-8.693710202887136,39.69152077040069],[-8.693849068410245,39.69051067787235],[-8.69394051595916,39.68985722305823],[-8.693907853557235,39.68938975300281],[-8.69385559604196,39.68903789378593],[-8.693600011758884,39.68866411006841],[-8.693266419042843,39.68824748200497],[-8.692932829169838,39.68800339583127],[-8.692385962847752,39.68773826433078],[-8.691814293130367,39.68727169729016],[-8.69159404120332,39.68707739169937],[-8.691475862857182,39.68681694291248],[-8.691391729440097,39.68644346887454],[-8.691442753715004,39.68628642045563],[-8.69151880282666,39.68609638171914],[-8.69155380863958,39.68597324349928],[-8.691393804334124,39.68566539336143],[-8.691123794131698,39.68539217449968],[-8.690728778201573,39.68515358529476],[-8.690330700964468,39.68498759557194],[-8.68997104884691,39.68489147942513],[-8.689706306211306,39.68482996364153],[-8.689561450234663,39.68474923130217],[-8.689426586077172,39.68465312275185],[-8.68923179010318,39.68440709074968],[-8.688707944788904,39.68365289325046],[-8.68847389185549,39.68333120252841],[-8.688340145788757,39.68318965764535],[-8.688005774735352,39.68295374431573],[-8.687604532516932,39.68268351508659],[-8.68720635790436,39.68237713192779],[-8.68704379831568,39.68202761899492],[-8.687026979355975,39.6820189883581],[-8.686875643014817,39.6815918103116],[-8.686873831425807,39.6814120253206],[-8.686976491829116,39.68115312126449],[-8.686976492665737,39.68114434461225],[-8.687124783361579,39.68071868903818],[-8.687124785826878,39.68069235935823],[-8.687141918300508,39.68040712216824],[-8.686902474157513,39.68004726994091],[-8.686680130190807,39.67976640715065],[-8.686309311749273,39.67938133067001],[-8.686084654545503,39.67886247722669],[-8.685865923800687,39.67827080761046],[-8.685777309001239,39.67770222081004],[-8.685880939559512,39.67707411646196],[-8.685951149577022,39.6765780402375],[-8.685933276202602,39.67618114831029],[-8.685909755359688,39.67597275572559],[-8.68590975737154,39.67595463480159],[-8.685925468686069,39.67581570876546],[-8.685996113261089,39.67569490746954],[-8.686035049559793,39.67565644060204],[-8.686027820035156,39.67562302275618],[-8.686078849194123,39.67555880691677],[-8.686176937079257,39.67556272819708],[-8.686434562787305,39.67541147068925],[-8.686767724188242,39.67521896945218],[-8.68700029703738,39.67489294568439],[-8.687008557852952,39.67473976926748],[-8.686965186133847,39.67459773107812],[-8.686827247086342,39.67453888160408],[-8.6866682506562,39.67448430189414],[-8.68638325771922,39.67441874866535],[-8.685994202109002,39.674278066749],[-8.685730462402798,39.67417163169916],[-8.68565779255289,39.67417492012999],[-8.685536702900105,39.67411764289683],[-8.685514456775353,39.6740452201592],[-8.68529971882616,39.67392508225976],[-8.684760284488872,39.67363173464346],[-8.684753942557492,39.67362802201293],[-8.684501331052308,39.67351173353919],[-8.68448843172693,39.67350597553867],[-8.68423184735597,39.67330803105916],[-8.68406986977713,39.67317838930792]]}},{"type":"Feature","properties":{"source":"caminho-do-centenario.kml"},"geometry":{"type":"LineString","coordinates":[[-8.684079924450204,39.67318274383647],[-8.684167230216142,39.673125702992],[-8.683954404296253,39.67288232489723],[-8.683857113246576,39.67273489432296],[-8.683790226676084,39.67234174705065],[-8.683753743559667,39.67208432926261],[-8.683738542464454,39.67193221858308],[-8.683698,39.671618],[-8.683697,39.671554]]}},{"type":"Feature","properties":{"source":"caminho-do-centenario.kml"},"geometry":{"type":"LineString","coordinates":[[-8.683697,39.671554],[-8.683803,39.671244],[-8.683965893557046,39.67063047619461],[-8.684007604140593,39.67056899501564],[-8.684094196949067,39.67056661448134],[-8.684109659817203,39.67048567882429],[-8.684063270841623,39.67047139612825],[-8.684066363346565,39.67038808000827],[-8.684069455926176,39.67037617768472],[-8.684131307438149,39.67013575070531],[-8.684169352394694,39.6699156284931]]}},{"type":"Feature","properties":{"source":"caminho-do-centenario.kml"},"geometry":{"type":"LineString","coordinates":[[-8.684166981538702,39.66991433959075],[-8.684213033438056,39.66941806681564],[-8.68421917355736,39.66903522772524]]}},{"type":"Feature","properties":{"source":"caminho-do-centenario.kml"},"geometry":{"type":"LineString","coordinates":[[-8.684213455545025,39.66903065241099],[-8.684202721484546,39.66880417645547],[-8.684210468611536,39.66754839910838],[-8.684258284799085,39.66726773944919],[-8.684485413027339,39.66681684016782],[-8.684834553543938,39.66606845221968],[-8.68504894915794,39.66569365722892],[-8.685237648159713,39.66560287143878],[-8.685214060762398,39.6655362952094],[-8.685169506888748,39.66553427780425],[-8.685159023640908,39.66551612064146],[-8.685161644465785,39.66550401586969],[-8.685051570347415,39.6654656840891]]}},{"type":"Feature","properties":{"source":"caminho-do-centenario.kml"},"geometry":{"type":"LineString","coordinates":[[-8.685046328628836,39.66547375416035],[-8.685122786715967,39.66532262665567],[-8.685343459790511,39.66503543876464],[-8.68582031732504,39.66450231240793],[-8.686497473615502,39.66381793039294],[-8.686802422355031,39.66347190665397],[-8.686870157184647,39.66335792691185],[-8.686901278508653,39.66330737102375],[-8.686944737847742,39.66329586174459]]}},{"type":"Feature","properties":{"source":"caminho-do-centenario.kml"},"geometry":{"type":"LineString","coordinates":[[-8.686969186544228,39.66329457136644],[-8.687123,39.663151],[-8.687269,39.662976],[-8.68741,39.66279],[-8.687425,39.66279],[-8.687506,39.662715],[-8.68791,39.662337],[-8.688098,39.662061],[-8.688176,39.66193],[-8.688293,39.661703],[-8.688331,39.661526],[-8.688343,39.66135],[-8.688464,39.660634],[-8.688561,39.659919],[-8.688617,39.659352],[-8.688617,39.659108],[-8.688579,39.658951]]}},{"type":"Feature","properties":{"source":"caminho-do-centenario.kml"},"geometry":{"type":"LineString","coordinates":[[-8.688581,39.658942],[-8.688567,39.658712],[-8.688496,39.65833],[-8.688386,39.657967],[-8.68825,39.65746],[-8.688049,39.656848],[-8.687838,39.656121],[-8.687641,39.655395],[-8.687503,39.654637],[-8.687355,39.653869],[-8.687227,39.653199],[-8.687101,39.652471],[-8.686947,39.651744],[-8.686865,39.651262],[-8.686742,39.650626],[-8.686614,39.649899],[-8.686463,39.6491],[-8.686301,39.648281],[-8.686129,39.647378],[-8.685764,39.645308],[-8.685571362250695,39.64423832264222]]}},{"type":"Feature","properties":{"source":"caminho-do-centenario.kml"},"geometry":{"type":"LineString","coordinates":[[-8.685591777829313,39.64426147101527],[-8.683894261333863,39.63508034020699]]}},{"type":"Feature","properties":{"source":"caminho-do-centenario.kml"},"geometry":{"type":"LineString","coordinates":[[-8.683900965399307,39.63507971443291],[-8.6838651400595,39.63499448918751],[-8.68383257749143,39.63494185152038],[-8.683718637136828,39.63487919806666],[-8.68356888835838,39.63480150871947],[-8.683487506064607,39.63477143851765],[-8.683435227994494,39.63476476185738],[-8.683363753609033,39.63474963509353],[-8.683306576253694,39.63474689074882],[-8.683260099201895,39.63465470213654],[-8.68322919413583,39.63442061020636],[-8.683247578131585,39.63434443644593],[-8.683314243606237,39.63417259891197],[-8.683233719710055,39.63409112391074],[-8.682823241084126,39.63377221735713],[-8.679852257729422,39.63140244116867],[-8.677568006763874,39.62958784926602]]}}]}