<?xml version="1.0"?>
<gpx version="1.1" creator="GDAL 2.2.2" xmlns:xsi="http://www.w3.org/2001/XMLSchema-instance" xmlns:ogr="http://osgeo.org/gdal" xmlns="http://www.topografix.com/GPX/1/1" xsi:schemaLocation="http://www.topografix.com/GPX/1/1 http://www.topografix.com/GPX/1/1/gpx.xsd">
<metadata><bounds minlat="39.629590755001701" minlon="-8.722952468838740" maxlat="41.139087410896202" maxlon="-8.431437682196400"/></metadata>                  
<trk>
  <name>Caminho do centenário</name>
  <trkseg>
    <trkpt lat="41.139087410896202" lon="-8.609123596697239">
    </trkpt>
    <trkpt lat="41.136753269408501" lon="-8.60831287033205">
    </trkpt>
    <trkpt lat="41.136418523444497" lon="-8.608117582414771">
    </trkpt>
    <trkpt lat="41.136429641194098" lon="-8.60798644832407">
    </trkpt>
    <trkpt lat="41.136358428898099" lon="-8.6079262379785">
    </trkpt>
    <trkpt lat="41.136274751234801" lon="-8.60799566798979">
    </trkpt>
    <trkpt lat="41.135823846406097" lon="-8.607939770570811">
    </trkpt>
    <trkpt lat="41.135725653571498" lon="-8.60784190084688">
    </trkpt>
    <trkpt lat="41.135614465054502" lon="-8.60788291914149">
    </trkpt>
    <trkpt lat="41.134906701564901" lon="-8.60764723249369">
    </trkpt>
    <trkpt lat="41.134464798875896" lon="-8.60748951750568">
    </trkpt>
    <trkpt lat="41.134398036307097" lon="-8.607420029096049">
    </trkpt>
    <trkpt lat="41.134335401330802" lon="-8.607460220757501">
    </trkpt>
    <trkpt lat="41.1330115949849" lon="-8.60702432538471">
    </trkpt>
    <trkpt lat="41.132441664646002" lon="-8.6068667975327">
    </trkpt>
    <trkpt lat="41.132349725979502" lon="-8.606776190983579">
    </trkpt>
    <trkpt lat="41.132237787628398" lon="-8.6067910835802">
    </trkpt>
    <trkpt lat="41.1303729610825" lon="-8.606188865170029">
    </trkpt>
    <trkpt lat="41.130213990586498" lon="-8.606130320977121">
    </trkpt>
    <trkpt lat="41.129097066873399" lon="-8.60575276996142">
    </trkpt>
    <trkpt lat="41.129016458554702" lon="-8.6057705015092">
    </trkpt>
    <trkpt lat="41.127810351595798" lon="-8.60540613918274">
    </trkpt>
    <trkpt lat="41.126708299286001" lon="-8.605456539667109">
    </trkpt>
    <trkpt lat="41.126490113160997" lon="-8.605354272174459">
    </trkpt>
    <trkpt lat="41.125681950060901" lon="-8.60542106374854">
    </trkpt>
    <trkpt lat="41.125438866614999" lon="-8.6055735329918">
    </trkpt>
    <trkpt lat="41.12498344211" lon="-8.605601707290329">
    </trkpt>
    <trkpt lat="41.124922888225299" lon="-8.605573718846649">
    </trkpt>
    <trkpt lat="41.124817188670903" lon="-8.60563141601">
    </trkpt>
    <trkpt lat="41.124431056388303" lon="-8.60568422916308">
    </trkpt>
    <trkpt lat="41.1243411099708" lon="-8.60561784110833">
    </trkpt>
    <trkpt lat="41.124245146024101" lon="-8.60566558793451">
    </trkpt>
    <trkpt lat="41.123590062291903" lon="-8.605720949559791">
    </trkpt>
    <trkpt lat="41.123507157661102" lon="-8.60569055316974">
    </trkpt>
    <trkpt lat="41.123429715994099" lon="-8.60573597575255">
    </trkpt>
    <trkpt lat="41.122778553470503" lon="-8.60578393906726">
    </trkpt>
    <trkpt lat="41.122677446849998" lon="-8.605781523185019">
    </trkpt>
    <trkpt lat="41.122568861125103" lon="-8.60581136664238">
    </trkpt>
    <trkpt lat="41.122127226215603" lon="-8.60582868244072">
    </trkpt>
    <trkpt lat="41.122015936949801" lon="-8.60582742061561">
    </trkpt>
    <trkpt lat="41.121920531507598" lon="-8.60586071311139">
    </trkpt>
    <trkpt lat="41.120381997501099" lon="-8.60598953784587">
    </trkpt>
    <trkpt lat="41.120217340339302" lon="-8.60586038927377">
    </trkpt>
    <trkpt lat="41.120013747820003" lon="-8.606009513005469">
    </trkpt>
    <trkpt lat="41.1176475361492" lon="-8.60622504504704">
    </trkpt>
    <trkpt lat="41.117572976208898" lon="-8.606171352923811">
    </trkpt>
    <trkpt lat="41.117342657831003" lon="-8.606184538416199">
    </trkpt>
    <trkpt lat="41.116691297284603" lon="-8.60626284213">
    </trkpt>
    <trkpt lat="41.116141782442703" lon="-8.606302703730259">
    </trkpt>
    <trkpt lat="41.116100062579797" lon="-8.606285143960109">
    </trkpt>
    <trkpt lat="41.115679465995697" lon="-8.6062850929232">
    </trkpt>
    <trkpt lat="41.115634507246597" lon="-8.60618870938924">
    </trkpt>
    <trkpt lat="41.115525631958803" lon="-8.606193795237511">
    </trkpt>
    <trkpt lat="41.115420392597997" lon="-8.60628145975919">
    </trkpt>
    <trkpt lat="41.115300829736597" lon="-8.606274920160111">
    </trkpt>
    <trkpt lat="41.115218854016703" lon="-8.606193213499649">
    </trkpt>
    <trkpt lat="41.1144920539193" lon="-8.60564886572349">
    </trkpt>
    <trkpt lat="41.114503731480099" lon="-8.605583107223771">
    </trkpt>
    <trkpt lat="41.1140968313196" lon="-8.60537076636572">
    </trkpt>
    <trkpt lat="41.114074509769402" lon="-8.605428154963921">
    </trkpt>
    <trkpt lat="41.113505725796998" lon="-8.60515760378861">
    </trkpt>
    <trkpt lat="41.113508888047498" lon="-8.605088026769151">
    </trkpt>
    <trkpt lat="41.1133179225139" lon="-8.60501424038543">
    </trkpt>
    <trkpt lat="41.113311691330303" lon="-8.6050705291448">
    </trkpt>
    <trkpt lat="41.112839823612497" lon="-8.60485135691656">
    </trkpt>
    <trkpt lat="41.112824908311502" lon="-8.60477365231397">
    </trkpt>
    <trkpt lat="41.112481434785202" lon="-8.60461122966165">
    </trkpt>
    <trkpt lat="41.112459142277501" lon="-8.604686641254689">
    </trkpt>
    <trkpt lat="41.1107893588552" lon="-8.6039094745421">
    </trkpt>
    <trkpt lat="41.110529299447798" lon="-8.603541576797969">
    </trkpt>
    <trkpt lat="41.110349300210402" lon="-8.60340884886368">
    </trkpt>
    <trkpt lat="41.110066348426898" lon="-8.603322881912749">
    </trkpt>
    <trkpt lat="41.109686094378397" lon="-8.6032206755837">
    </trkpt>
    <trkpt lat="41.109601566189603" lon="-8.60324246412976">
    </trkpt>
    <trkpt lat="41.109254750614603" lon="-8.60315273445549">
    </trkpt>
    <trkpt lat="41.108999595176499" lon="-8.60296604558761">
    </trkpt>
    <trkpt lat="41.108595241659899" lon="-8.60262012611509">
    </trkpt>
    <trkpt lat="41.108280928158102" lon="-8.60240001289802">
    </trkpt>
    <trkpt lat="41.106931878244602" lon="-8.60263109777264">
    </trkpt>
    <trkpt lat="41.106700242931403" lon="-8.60257970216877">
    </trkpt>
    <trkpt lat="41.106626855271401" lon="-8.602543372275621">
    </trkpt>
    <trkpt lat="41.106446921589402" lon="-8.602538774975519">
    </trkpt>
    <trkpt lat="41.106105801917003" lon="-8.602275089555921">
    </trkpt>
    <trkpt lat="41.106052931577999" lon="-8.602327766607409">
    </trkpt>
    <trkpt lat="41.1058109972548" lon="-8.602253855271719">
    </trkpt>
    <trkpt lat="41.105566294466897" lon="-8.6022313981134">
    </trkpt>
    <trkpt lat="41.1053457590439" lon="-8.60223224202495">
    </trkpt>
    <trkpt lat="41.105018911228001" lon="-8.60230734307819">
    </trkpt>
    <trkpt lat="41.104797692536899" lon="-8.602409074906969">
    </trkpt>
    <trkpt lat="41.104624370452903" lon="-8.602505673141801">
    </trkpt>
    <trkpt lat="41.1038728839222" lon="-8.60295113977144">
    </trkpt>
    <trkpt lat="41.103613655695298" lon="-8.603000980034301">
    </trkpt>
    <trkpt lat="41.103309826923301" lon="-8.60296631489021">
    </trkpt>
    <trkpt lat="41.103102806686003" lon="-8.60287311016249">
    </trkpt>
    <trkpt lat="41.1028815324212" lon="-8.602751562513379">
    </trkpt>
    <trkpt lat="41.102715641555797" lon="-8.60263366812765">
    </trkpt>
    <trkpt lat="41.102593926938397" lon="-8.60252405352794">
    </trkpt>
    <trkpt lat="41.1024593957018" lon="-8.60240601390313">
    </trkpt>
    <trkpt lat="41.102328363954001" lon="-8.60222929383661">
    </trkpt>
    <trkpt lat="41.102133552042901" lon="-8.60195798629457">
    </trkpt>
    <trkpt lat="41.101964628847902" lon="-8.601706522231909">
    </trkpt>
    <trkpt lat="41.1017177954758" lon="-8.601322629828291">
    </trkpt>
    <trkpt lat="41.101535225025501" lon="-8.601022350679351">
    </trkpt>
    <trkpt lat="41.101380948772302" lon="-8.600824161790021">
    </trkpt>
    <trkpt lat="41.101166817650302" lon="-8.600684910544039">
    </trkpt>
    <trkpt lat="41.100963879271099" lon="-8.60059270081798">
    </trkpt>
    <trkpt lat="41.097529960861102" lon="-8.59926096119926">
    </trkpt>
    <trkpt lat="41.097350991787501" lon="-8.599252561325329">
    </trkpt>
    <trkpt lat="41.096379396950901" lon="-8.598891192716341">
    </trkpt>
    <trkpt lat="41.096297279908399" lon="-8.59882361433203">
    </trkpt>
    <trkpt lat="41.096162225456098" lon="-8.59881909548001">
    </trkpt>
    <trkpt lat="41.095476013893901" lon="-8.59861753981097">
    </trkpt>
    <trkpt lat="41.094966565491397" lon="-8.598403441353041">
    </trkpt>
    <trkpt lat="41.094864878222602" lon="-8.598320942885289">
    </trkpt>
    <trkpt lat="41.094603925777697" lon="-8.598178391425449">
    </trkpt>
    <trkpt lat="41.094250706443397" lon="-8.59786205622701">
    </trkpt>
    <trkpt lat="41.094052830792798" lon="-8.59750116676722">
    </trkpt>
    <trkpt lat="41.093884924128403" lon="-8.59714978919417">
    </trkpt>
    <trkpt lat="41.093790787934701" lon="-8.596971063510351">
    </trkpt>
    <trkpt lat="41.0936684700592" lon="-8.596747346736629">
    </trkpt>
    <trkpt lat="41.093215994695598" lon="-8.595876190986001">
    </trkpt>
    <trkpt lat="41.092208011716401" lon="-8.594666660130009">
    </trkpt>
    <trkpt lat="41.092223928832901" lon="-8.594537887427149">
    </trkpt>
    <trkpt lat="41.092155108703103" lon="-8.59442840427301">
    </trkpt>
    <trkpt lat="41.092050927981496" lon="-8.59444285286407">
    </trkpt>
    <trkpt lat="41.0918652557719" lon="-8.59426380480954">
    </trkpt>
    <trkpt lat="41.0916487942931" lon="-8.59398838887083">
    </trkpt>
    <trkpt lat="41.091475687827803" lon="-8.593711989002969">
    </trkpt>
    <trkpt lat="41.091406119189003" lon="-8.59364596694672">
    </trkpt>
    <trkpt lat="41.091285323398402" lon="-8.593515413921191">
    </trkpt>
    <trkpt lat="41.091150105242299" lon="-8.593442722020219">
    </trkpt>
    <trkpt lat="41.091112390015702" lon="-8.593333828131151">
    </trkpt>
    <trkpt lat="41.091128894730097" lon="-8.593139638916499">
    </trkpt>
    <trkpt lat="41.0910781880944" lon="-8.593091500548169">
    </trkpt>
    <trkpt lat="41.0909151578429" lon="-8.593194325652981">
    </trkpt>
    <trkpt lat="41.090704244376496" lon="-8.59306484440398">
    </trkpt>
    <trkpt lat="41.090020693665799" lon="-8.59246519164555">
    </trkpt>
    <trkpt lat="41.089998670130001" lon="-8.59238418697522">
    </trkpt>
    <trkpt lat="41.089511679326101" lon="-8.59195866751941">
    </trkpt>
    <trkpt lat="41.089418890698902" lon="-8.59196610641942">
    </trkpt>
    <trkpt lat="41.0875066856904" lon="-8.590252391046731">
    </trkpt>
    <trkpt lat="41.087358050648497" lon="-8.59012843764855">
    </trkpt>
    <trkpt lat="41.086901681278398" lon="-8.589314439627961">
    </trkpt>
    <trkpt lat="41.086906012221199" lon="-8.58926690984798">
    </trkpt>
    <trkpt lat="41.086484186251703" lon="-8.58843109460299">
    </trkpt>
    <trkpt lat="41.086489965300501" lon="-8.58825271054482">
    </trkpt>
    <trkpt lat="41.0864514650304" lon="-8.588134435569289">
    </trkpt>
    <trkpt lat="41.0863062272077" lon="-8.58808738091466">
    </trkpt>
    <trkpt lat="41.086076367832099" lon="-8.58761830356176">
    </trkpt>
    <trkpt lat="41.086010235302503" lon="-8.587533874958901">
    </trkpt>
    <trkpt lat="41.085813302840499" lon="-8.587219597405531">
    </trkpt>
    <trkpt lat="41.085764290818602" lon="-8.58699663159628">
    </trkpt>
    <trkpt lat="41.085793068324101" lon="-8.5869401960017">
    </trkpt>
    <trkpt lat="41.085744553619698" lon="-8.586805127982901">
    </trkpt>
    <trkpt lat="41.085643805595097" lon="-8.58680074919188">
    </trkpt>
    <trkpt lat="41.085485253487498" lon="-8.58666905734191">
    </trkpt>
    <trkpt lat="41.085427760417602" lon="-8.58652760596012">
    </trkpt>
    <trkpt lat="41.085334415089797" lon="-8.58645869373975">
    </trkpt>
    <trkpt lat="41.085267281551502" lon="-8.58640776816374">
    </trkpt>
    <trkpt lat="41.084663245186903" lon="-8.58553415860656">
    </trkpt>
    <trkpt lat="41.084349910304098" lon="-8.585065342046191">
    </trkpt>
    <trkpt lat="41.083698364585999" lon="-8.584607052766559">
    </trkpt>
    <trkpt lat="41.082271017026102" lon="-8.58376579140945">
    </trkpt>
    <trkpt lat="41.081640906791698" lon="-8.58340616949716">
    </trkpt>
    <trkpt lat="41.080651683215898" lon="-8.58278424785127">
    </trkpt>
    <trkpt lat="41.079625769071498" lon="-8.58221909946359">
    </trkpt>
    <trkpt lat="41.0776192668866" lon="-8.581340621978519">
    </trkpt>
    <trkpt lat="41.077585957032902" lon="-8.581407781035759">
    </trkpt>
    <trkpt lat="41.076058071734202" lon="-8.5809529756608">
    </trkpt>
    <trkpt lat="41.075207327094503" lon="-8.581121413867759">
    </trkpt>
    <trkpt lat="41.0744877857991" lon="-8.581438417261669">
    </trkpt>
    <trkpt lat="41.073902031387902" lon="-8.58186116465494">
    </trkpt>
    <trkpt lat="41.073103461358002" lon="-8.58254529416614">
    </trkpt>
    <trkpt lat="41.072733415367601" lon="-8.5826375000717">
    </trkpt>
    <trkpt lat="41.072479566978501" lon="-8.582573228974519">
    </trkpt>
    <trkpt lat="41.072283892591599" lon="-8.58208634083091">
    </trkpt>
    <trkpt lat="41.071990724857201" lon="-8.58087778849254">
    </trkpt>
    <trkpt lat="41.071666688616098" lon="-8.579506014842741">
    </trkpt>
    <trkpt lat="41.071472198889097" lon="-8.57886950905441">
    </trkpt>
    <trkpt lat="41.0715565174728" lon="-8.578516205359231">
    </trkpt>
    <trkpt lat="41.071436846441102" lon="-8.57833855027026">
    </trkpt>
    <trkpt lat="41.070825280517603" lon="-8.57801879008824">
    </trkpt>
    <trkpt lat="41.069896530739797" lon="-8.57762529464088">
    </trkpt>
    <trkpt lat="41.069190021555897" lon="-8.577363764901079">
    </trkpt>
    <trkpt lat="41.068991833090401" lon="-8.577283703762591">
    </trkpt>
    <trkpt lat="41.069007445220301" lon="-8.577183424023289">
    </trkpt>
    <trkpt lat="41.068081566558497" lon="-8.57669683566203">
    </trkpt>
    <trkpt lat="41.0680066183021" lon="-8.57675840595833">
    </trkpt>
    <trkpt lat="41.067568596202101" lon="-8.576462085445399">
    </trkpt>
    <trkpt lat="41.067504345005503" lon="-8.576304286968529">
    </trkpt>
    <trkpt lat="41.067552987996599" lon="-8.576052569090541">
    </trkpt>
    <trkpt lat="41.067684972589902" lon="-8.57576489987232">
    </trkpt>
    <trkpt lat="41.067625362305897" lon="-8.57571301442785">
    </trkpt>
    <trkpt lat="41.067409783727399" lon="-8.576096606181959">
    </trkpt>
    <trkpt lat="41.067249479339303" lon="-8.576138441056401">
    </trkpt>
    <trkpt lat="41.067044296652597" lon="-8.576044738167001">
    </trkpt>
    <trkpt lat="41.066705001651897" lon="-8.575607823018309">
    </trkpt>
    <trkpt lat="41.066470773686802" lon="-8.57517981246772">
    </trkpt>
    <trkpt lat="41.066212735777697" lon="-8.574311563559471">
    </trkpt>
    <trkpt lat="41.065864813974997" lon="-8.5744037736828">
    </trkpt>
    <trkpt lat="41.065771331486403" lon="-8.57429810653953">
    </trkpt>
    <trkpt lat="41.064309418503598" lon="-8.572247860484939">
    </trkpt>
    <trkpt lat="41.062459084483798" lon="-8.56981897782453">
    </trkpt>
    <trkpt lat="41.061837340760903" lon="-8.569356983062489">
    </trkpt>
    <trkpt lat="41.061272909491301" lon="-8.56916571428067">
    </trkpt>
    <trkpt lat="41.059249151512901" lon="-8.56851038271863">
    </trkpt>
    <trkpt lat="41.0582355972127" lon="-8.567920927943">
    </trkpt>
    <trkpt lat="41.0573590272571" lon="-8.567381747415149">
    </trkpt>
    <trkpt lat="41.057334422750998" lon="-8.56724661675749">
    </trkpt>
    <trkpt lat="41.057381879210098" lon="-8.56715006839187">
    </trkpt>
    <trkpt lat="41.057541058273301" lon="-8.567151339078841">
    </trkpt>
    <trkpt lat="41.0575677853763" lon="-8.56706306908427">
    </trkpt>
    <trkpt lat="41.056950936666702" lon="-8.566824412600839">
    </trkpt>
    <trkpt lat="41.056932646435698" lon="-8.566695087151849">
    </trkpt>
    <trkpt lat="41.056880809373197" lon="-8.566644846492281">
    </trkpt>
    <trkpt lat="41.0568256868563" lon="-8.566753988876471">
    </trkpt>
    <trkpt lat="41.056719772554999" lon="-8.566824347197249">
    </trkpt>
    <trkpt lat="41.056654421521401" lon="-8.56685728377443">
    </trkpt>
    <trkpt lat="41.056370688555297" lon="-8.56682376086578">
    </trkpt>
    <trkpt lat="41.0559831689418" lon="-8.566776033962521">
    </trkpt>
    <trkpt lat="41.055855553063601" lon="-8.566701193799551">
    </trkpt>
    <trkpt lat="41.053987350707096" lon="-8.566560943529341">
    </trkpt>
    <trkpt lat="41.053896936972798" lon="-8.56645889894517">
    </trkpt>
    <trkpt lat="41.053821503124603" lon="-8.566439270283199">
    </trkpt>
    <trkpt lat="41.053768854678502" lon="-8.566537501504699">
    </trkpt>
    <trkpt lat="41.053315352567601" lon="-8.56648920423234">
    </trkpt>
    <trkpt lat="41.053295195552899" lon="-8.566453779080801">
    </trkpt>
    <trkpt lat="41.053110408291502" lon="-8.566408238837109">
    </trkpt>
    <trkpt lat="41.053013879306199" lon="-8.56639017323824">
    </trkpt>
    <trkpt lat="41.052854772544499" lon="-8.566386518413481">
    </trkpt>
    <trkpt lat="41.052812866113499" lon="-8.56643221811299">
    </trkpt>
    <trkpt lat="41.051879755358897" lon="-8.566326058105091">
    </trkpt>
    <trkpt lat="41.050333485149302" lon="-8.56614635724776">
    </trkpt>
    <trkpt lat="41.050131295125396" lon="-8.566000487741469">
    </trkpt>
    <trkpt lat="41.050050251232598" lon="-8.5660257851794">
    </trkpt>
    <trkpt lat="41.050029407899203" lon="-8.566133548664441">
    </trkpt>
    <trkpt lat="41.049159921850901" lon="-8.566037441642219">
    </trkpt>
    <trkpt lat="41.049101452494199" lon="-8.565955435199079">
    </trkpt>
    <trkpt lat="41.0482875887907" lon="-8.565686366258531">
    </trkpt>
    <trkpt lat="41.0482586812508" lon="-8.56573625836762">
    </trkpt>
    <trkpt lat="41.046644631876802" lon="-8.564772673144811">
    </trkpt>
    <trkpt lat="41.046629720415702" lon="-8.56437531192565">
    </trkpt>
    <trkpt lat="41.046490967488197" lon="-8.56427756561169">
    </trkpt>
    <trkpt lat="41.045454144185797" lon="-8.564249279895449">
    </trkpt>
    <trkpt lat="41.045292316991997" lon="-8.564323658396919">
    </trkpt>
    <trkpt lat="41.043602826335302" lon="-8.563377502301901">
    </trkpt>
    <trkpt lat="41.043496970904997" lon="-8.56322804766134">
    </trkpt>
    <trkpt lat="41.043301186887099" lon="-8.56327990296777">
    </trkpt>
    <trkpt lat="41.040888830541199" lon="-8.561831179129401">
    </trkpt>
    <trkpt lat="41.040882897470098" lon="-8.56163959516461">
    </trkpt>
    <trkpt lat="41.040773942090901" lon="-8.56152405775131">
    </trkpt>
    <trkpt lat="41.040645973182897" lon="-8.56154209406186">
    </trkpt>
    <trkpt lat="41.039974591681599" lon="-8.560512642484539">
    </trkpt>
    <trkpt lat="41.0397539693002" lon="-8.560361224250039">
    </trkpt>
    <trkpt lat="41.037964109561599" lon="-8.55805537223992">
    </trkpt>
    <trkpt lat="41.037695003629203" lon="-8.557852878635">
    </trkpt>
    <trkpt lat="41.037305232336699" lon="-8.557631751489859">
    </trkpt>
    <trkpt lat="41.032981604792496" lon="-8.55733071128801">
    </trkpt>
    <trkpt lat="41.032578833505198" lon="-8.557225403273019">
    </trkpt>
    <trkpt lat="41.032283362308597" lon="-8.557286313964751">
    </trkpt>
    <trkpt lat="41.031021445661203" lon="-8.55718566626792">
    </trkpt>
    <trkpt lat="41.030706988363001" lon="-8.55690199514846">
    </trkpt>
    <trkpt lat="41.030414054649803" lon="-8.556948004752419">
    </trkpt>
    <trkpt lat="41.029929308642501" lon="-8.556646100249541">
    </trkpt>
    <trkpt lat="41.029460553170502" lon="-8.55664666881618">
    </trkpt>
    <trkpt lat="41.029209922218399" lon="-8.55662662323714">
    </trkpt>
    <trkpt lat="41.028679952992697" lon="-8.55621394371714">
    </trkpt>
    <trkpt lat="41.0282785232693" lon="-8.555877186555829">
    </trkpt>
    <trkpt lat="41.027854243036103" lon="-8.55556879250577">
    </trkpt>
    <trkpt lat="41.027543184576899" lon="-8.555410918961231">
    </trkpt>
    <trkpt lat="41.027264953809897" lon="-8.55535704554584">
    </trkpt>
    <trkpt lat="41.026473983627099" lon="-8.554840601045271">
    </trkpt>
    <trkpt lat="41.025384972206297" lon="-8.55403744054084">
    </trkpt>
    <trkpt lat="41.025174583644699" lon="-8.553809642352279">
    </trkpt>
    <trkpt lat="41.024985136026999" lon="-8.553993086454399">
    </trkpt>
    <trkpt lat="41.024575889742003" lon="-8.554004101209131">
    </trkpt>
    <trkpt lat="41.023458614373901" lon="-8.553980886557831">
    </trkpt>
    <trkpt lat="41.023144736033302" lon="-8.554006480088271">
    </trkpt>
    <trkpt lat="41.021561809316999" lon="-8.55480904229576">
    </trkpt>
    <trkpt lat="41.019176358972203" lon="-8.55664437763123">
    </trkpt>
    <trkpt lat="41.018612459811997" lon="-8.557233953533251">
    </trkpt>
    <trkpt lat="41.017874884287799" lon="-8.557553705497391">
    </trkpt>
    <trkpt lat="41.017239418468897" lon="-8.55751844009065">
    </trkpt>
    <trkpt lat="41.014278701265603" lon="-8.55673504300073">
    </trkpt>
    <trkpt lat="41.0131216238712" lon="-8.556405961560341">
    </trkpt>
    <trkpt lat="41.013147773050001" lon="-8.55618966222748">
    </trkpt>
    <trkpt lat="41.013042979879003" lon="-8.55619554694689">
    </trkpt>
    <trkpt lat="41.0128720419846" lon="-8.55635972184292">
    </trkpt>
    <trkpt lat="41.011235556512098" lon="-8.555691687289571">
    </trkpt>
    <trkpt lat="41.0105368024565" lon="-8.55534012247171">
    </trkpt>
    <trkpt lat="41.010115982470303" lon="-8.554732185238169">
    </trkpt>
    <trkpt lat="41.009808955657597" lon="-8.55493792492361">
    </trkpt>
    <trkpt lat="41.008024319917602" lon="-8.553152197560211">
    </trkpt>
    <trkpt lat="41.006215958911" lon="-8.550401506800799">
    </trkpt>
    <trkpt lat="41.004680264661097" lon="-8.548147346575419">
    </trkpt>
    <trkpt lat="41.002816837990899" lon="-8.545039408436089">
    </trkpt>
    <trkpt lat="41.001528363579901" lon="-8.542614359209781">
    </trkpt>
    <trkpt lat="41.001072794404699" lon="-8.542172557090311">
    </trkpt>
    <trkpt lat="41.000492091737598" lon="-8.54185357520239">
    </trkpt>
    <trkpt lat="40.999463222648203" lon="-8.54129374622423">
    </trkpt>
    <trkpt lat="40.9992930528797" lon="-8.54119036173174">
    </trkpt>
    <trkpt lat="40.9991178015689" lon="-8.541188216106271">
    </trkpt>
    <trkpt lat="40.997482955591799" lon="-8.540258825494311">
    </trkpt>
    <trkpt lat="40.9973536054978" lon="-8.54008850147563">
    </trkpt>
    <trkpt lat="40.9971876916021" lon="-8.54013830178182">
    </trkpt>
    <trkpt lat="40.995217451960499" lon="-8.5395112923241">
    </trkpt>
    <trkpt lat="40.994963648208298" lon="-8.539118921618719">
    </trkpt>
    <trkpt lat="40.992643926028002" lon="-8.537883498733869">
    </trkpt>
    <trkpt lat="40.985550628239402" lon="-8.535232537177331">
    </trkpt>
    <trkpt lat="40.985385645064099" lon="-8.5353878798187">
    </trkpt>
    <trkpt lat="40.985234211702199" lon="-8.535595217156329">
    </trkpt>
    <trkpt lat="40.984642397511401" lon="-8.535796459121929">
    </trkpt>
    <trkpt lat="40.984411258925199" lon="-8.535837867015109">
    </trkpt>
    <trkpt lat="40.983519294118402" lon="-8.535458824158161">
    </trkpt>
    <trkpt lat="40.982273549359597" lon="-8.535051929067061">
    </trkpt>
    <trkpt lat="40.9819905430465" lon="-8.53439607720277">
    </trkpt>
    <trkpt lat="40.981252971971102" lon="-8.53430752321546">
    </trkpt>
    <trkpt lat="40.981032703447497" lon="-8.534460280465179">
    </trkpt>
    <trkpt lat="40.9809195344938" lon="-8.5342949832415">
    </trkpt>
    <trkpt lat="40.979994497795097" lon="-8.53390252497949">
    </trkpt>
    <trkpt lat="40.979947824616403" lon="-8.533731435809869">
    </trkpt>
    <trkpt lat="40.980012282618802" lon="-8.531206329948169">
    </trkpt>
    <trkpt lat="40.979445894223097" lon="-8.530504186051809">
    </trkpt>
    <trkpt lat="40.979299499622599" lon="-8.53050761728888">
    </trkpt>
    <trkpt lat="40.9792465168685" lon="-8.530209342116979">
    </trkpt>
    <trkpt lat="40.977040955500698" lon="-8.527330757470899">
    </trkpt>
    <trkpt lat="40.976079181442998" lon="-8.526781046632649">
    </trkpt>
    <trkpt lat="40.9740407897526" lon="-8.526255447985671">
    </trkpt>
    <trkpt lat="40.973930427550698" lon="-8.526154580254619">
    </trkpt>
    <trkpt lat="40.972722026736903" lon="-8.52586566662402">
    </trkpt>
    <trkpt lat="40.972637137218001" lon="-8.525941578346689">
    </trkpt>
    <trkpt lat="40.969663639266798" lon="-8.52473330626332">
    </trkpt>
    <trkpt lat="40.9684217117332" lon="-8.52427030396205">
    </trkpt>
    <trkpt lat="40.968410240752299" lon="-8.52417246448258">
    </trkpt>
    <trkpt lat="40.9682608550875" lon="-8.523989494913311">
    </trkpt>
    <trkpt lat="40.9681980955108" lon="-8.524070275176751">
    </trkpt>
    <trkpt lat="40.967150319606098" lon="-8.523276041494229">
    </trkpt>
    <trkpt lat="40.967092492480297" lon="-8.523095404708711">
    </trkpt>
    <trkpt lat="40.967015702050197" lon="-8.523184551572211">
    </trkpt>
    <trkpt lat="40.966577164795197" lon="-8.522951664472179">
    </trkpt>
    <trkpt lat="40.966268236241099" lon="-8.522676905805239">
    </trkpt>
    <trkpt lat="40.9650969230713" lon="-8.522205650863169">
    </trkpt>
    <trkpt lat="40.964935069043101" lon="-8.522181246570639">
    </trkpt>
    <trkpt lat="40.964716484683898" lon="-8.522295567384271">
    </trkpt>
    <trkpt lat="40.9645593606053" lon="-8.522690658137741">
    </trkpt>
    <trkpt lat="40.964444210600902" lon="-8.52283398439625">
    </trkpt>
    <trkpt lat="40.964164266540799" lon="-8.52302429993035">
    </trkpt>
    <trkpt lat="40.964027390915099" lon="-8.523084034601929">
    </trkpt>
    <trkpt lat="40.9637544627126" lon="-8.523106650131989">
    </trkpt>
    <trkpt lat="40.963526481863298" lon="-8.522898585807081">
    </trkpt>
    <trkpt lat="40.962801690029899" lon="-8.522140496852209">
    </trkpt>
    <trkpt lat="40.962121822178801" lon="-8.52170011905336">
    </trkpt>
    <trkpt lat="40.961371152857801" lon="-8.521414749476319">
    </trkpt>
    <trkpt lat="40.960659226101299" lon="-8.52122560863258">
    </trkpt>
    <trkpt lat="40.959953876993502" lon="-8.52089720699354">
    </trkpt>
    <trkpt lat="40.959264815602999" lon="-8.520518989896891">
    </trkpt>
    <trkpt lat="40.9586593609422" lon="-8.520121937970121">
    </trkpt>
    <trkpt lat="40.956867475262598" lon="-8.518785590972101">
    </trkpt>
    <trkpt lat="40.956547657504203" lon="-8.518534816258841">
    </trkpt>
    <trkpt lat="40.956525950878998" lon="-8.51832803163042">
    </trkpt>
    <trkpt lat="40.9564788515112" lon="-8.51831154816337">
    </trkpt>
    <trkpt lat="40.956405985129898" lon="-8.51849491654545">
    </trkpt>
    <trkpt lat="40.955698349452902" lon="-8.51811923573422">
    </trkpt>
    <trkpt lat="40.955641556917698" lon="-8.518182133111891">
    </trkpt>
    <trkpt lat="40.9555510223624" lon="-8.51813983248972">
    </trkpt>
    <trkpt lat="40.955487088911703" lon="-8.51804177097603">
    </trkpt>
    <trkpt lat="40.954103304151097" lon="-8.51725458339979">
    </trkpt>
    <trkpt lat="40.954007292444302" lon="-8.51729952370806">
    </trkpt>
    <trkpt lat="40.953930775655699" lon="-8.517250956290001">
    </trkpt>
    <trkpt lat="40.953949290442999" lon="-8.517167264496701">
    </trkpt>
    <trkpt lat="40.952923937569402" lon="-8.51660965510483">
    </trkpt>
    <trkpt lat="40.952876060661701" lon="-8.516631821768859">
    </trkpt>
    <trkpt lat="40.952811945297597" lon="-8.516578326463801">
    </trkpt>
    <trkpt lat="40.952821045397499" lon="-8.51652425994649">
    </trkpt>
    <trkpt lat="40.952570506811298" lon="-8.516339140339991">
    </trkpt>
    <trkpt lat="40.9524963912109" lon="-8.516221448938211">
    </trkpt>
    <trkpt lat="40.950059104992299" lon="-8.51384319254173">
    </trkpt>
    <trkpt lat="40.949987287001598" lon="-8.51390502477199">
    </trkpt>
    <trkpt lat="40.948948630309303" lon="-8.512912661946819">
    </trkpt>
    <trkpt lat="40.9488310533374" lon="-8.512928553839661">
    </trkpt>
    <trkpt lat="40.948775491996798" lon="-8.51277812807748">
    </trkpt>
    <trkpt lat="40.9481533358788" lon="-8.512219188118049">
    </trkpt>
    <trkpt lat="40.948020245501901" lon="-8.512186388496749">
    </trkpt>
    <trkpt lat="40.947996892849403" lon="-8.512040308982">
    </trkpt>
    <trkpt lat="40.9476011140274" lon="-8.51159454920831">
    </trkpt>
    <trkpt lat="40.947032948900699" lon="-8.511164098793079">
    </trkpt>
    <trkpt lat="40.946938248097197" lon="-8.511203669746189">
    </trkpt>
    <trkpt lat="40.946820365609099" lon="-8.5111486743934">
    </trkpt>
    <trkpt lat="40.946838364106" lon="-8.51106518757665">
    </trkpt>
    <trkpt lat="40.943990456425297" lon="-8.509153773985741">
    </trkpt>
    <trkpt lat="40.943033472343899" lon="-8.508792521605629">
    </trkpt>
    <trkpt lat="40.942877036996997" lon="-8.50885592354723">
    </trkpt>
    <trkpt lat="40.942766008987" lon="-8.508749857751489">
    </trkpt>
    <trkpt lat="40.9410737539108" lon="-8.508362345311861">
    </trkpt>
    <trkpt lat="40.940377542127997" lon="-8.508173852274711">
    </trkpt>
    <trkpt lat="40.940007812481497" lon="-8.508329715335829">
    </trkpt>
    <trkpt lat="40.9398727472527" lon="-8.50822630365337">
    </trkpt>
    <trkpt lat="40.939634899188903" lon="-8.50801308150252">
    </trkpt>
    <trkpt lat="40.938225846202201" lon="-8.50767987853955">
    </trkpt>
    <trkpt lat="40.937029955990099" lon="-8.50709101991656">
    </trkpt>
    <trkpt lat="40.936269591827703" lon="-8.50656297719307">
    </trkpt>
    <trkpt lat="40.935714890107498" lon="-8.506086801265891">
    </trkpt>
    <trkpt lat="40.9346198067853" lon="-8.505139240231539">
    </trkpt>
    <trkpt lat="40.933303273001002" lon="-8.504744060853721">
    </trkpt>
    <trkpt lat="40.933101168217597" lon="-8.50481780656937">
    </trkpt>
    <trkpt lat="40.933037883145097" lon="-8.504810325307281">
    </trkpt>
    <trkpt lat="40.932983537808497" lon="-8.504765272494369">
    </trkpt>
    <trkpt lat="40.9326991666629" lon="-8.505016680743701">
    </trkpt>
    <trkpt lat="40.930569902955199" lon="-8.504566933972731">
    </trkpt>
    <trkpt lat="40.930386886069698" lon="-8.50455905184374">
    </trkpt>
    <trkpt lat="40.930240743320198" lon="-8.504684527263899">
    </trkpt>
    <trkpt lat="40.930130893664803" lon="-8.50469812255837">
    </trkpt>
    <trkpt lat="40.929455792481697" lon="-8.50690484944883">
    </trkpt>
    <trkpt lat="40.928879727812301" lon="-8.507738311680839">
    </trkpt>
    <trkpt lat="40.927357547620502" lon="-8.51027728077908">
    </trkpt>
    <trkpt lat="40.927270053274697" lon="-8.51019956026588">
    </trkpt>
    <trkpt lat="40.926600276972302" lon="-8.508733358680139">
    </trkpt>
    <trkpt lat="40.926302457749799" lon="-8.508308423389691">
    </trkpt>
    <trkpt lat="40.926178818210097" lon="-8.507916900685251">
    </trkpt>
    <trkpt lat="40.926070527852801" lon="-8.507685905825641">
    </trkpt>
    <trkpt lat="40.925838150806896" lon="-8.50745803545864">
    </trkpt>
    <trkpt lat="40.925715882834602" lon="-8.507139748235209">
    </trkpt>
    <trkpt lat="40.925362961372102" lon="-8.50652790861289">
    </trkpt>
    <trkpt lat="40.9249214715148" lon="-8.50598359083712">
    </trkpt>
    <trkpt lat="40.924201343280203" lon="-8.505463681412561">
    </trkpt>
    <trkpt lat="40.923864107390301" lon="-8.505118840787221">
    </trkpt>
    <trkpt lat="40.923601566647001" lon="-8.504614761249529">
    </trkpt>
    <trkpt lat="40.922805426726498" lon="-8.50369893394539">
    </trkpt>
    <trkpt lat="40.922269711660803" lon="-8.50291843540856">
    </trkpt>
    <trkpt lat="40.921825350583802" lon="-8.50261098951597">
    </trkpt>
    <trkpt lat="40.921705394939003" lon="-8.50252069068514">
    </trkpt>
    <trkpt lat="40.921246058239198" lon="-8.50219064395365">
    </trkpt>
    <trkpt lat="40.920909598657701" lon="-8.50197955662502">
    </trkpt>
    <trkpt lat="40.920794606086297" lon="-8.50187913348776">
    </trkpt>
    <trkpt lat="40.920750693065997" lon="-8.501746005110469">
    </trkpt>
    <trkpt lat="40.920306256263899" lon="-8.501273849221951">
    </trkpt>
    <trkpt lat="40.920353987591398" lon="-8.50113541936688">
    </trkpt>
    <trkpt lat="40.920038679303801" lon="-8.500768020924429">
    </trkpt>
    <trkpt lat="40.920056746490303" lon="-8.50062770372255">
    </trkpt>
    <trkpt lat="40.919991311401297" lon="-8.500535340211661">
    </trkpt>
    <trkpt lat="40.919786052753302" lon="-8.500524436243399">
    </trkpt>
    <trkpt lat="40.919641138124803" lon="-8.500313896389409">
    </trkpt>
    <trkpt lat="40.9181503090646" lon="-8.498670465467169">
    </trkpt>
    <trkpt lat="40.9178271794324" lon="-8.49829746269195">
    </trkpt>
    <trkpt lat="40.917834386611098" lon="-8.498150117855481">
    </trkpt>
    <trkpt lat="40.917731652161699" lon="-8.49806520297961">
    </trkpt>
    <trkpt lat="40.917665973494998" lon="-8.49813780815918">
    </trkpt>
    <trkpt lat="40.917143677116002" lon="-8.49753660048543">
    </trkpt>
    <trkpt lat="40.916364638541602" lon="-8.49666965053896">
    </trkpt>
    <trkpt lat="40.916371819546498" lon="-8.49652545311811">
    </trkpt>
    <trkpt lat="40.916269171456001" lon="-8.49651429716425">
    </trkpt>
    <trkpt lat="40.915805645698399" lon="-8.49598108357249">
    </trkpt>
    <trkpt lat="40.915839415673297" lon="-8.495906051038791">
    </trkpt>
    <trkpt lat="40.915723883499602" lon="-8.49580355378748">
    </trkpt>
    <trkpt lat="40.915641191408803" lon="-8.495834418609251">
    </trkpt>
    <trkpt lat="40.9143106073019" lon="-8.49434190134968">
    </trkpt>
    <trkpt lat="40.914257618976102" lon="-8.494248846927681">
    </trkpt>
    <trkpt lat="40.914181455415999" lon="-8.49424306698317">
    </trkpt>
    <trkpt lat="40.913311821301001" lon="-8.493877620234169">
    </trkpt>
    <trkpt lat="40.913054394849098" lon="-8.49383462992764">
    </trkpt>
    <trkpt lat="40.912720652124698" lon="-8.49389806914937">
    </trkpt>
    <trkpt lat="40.912588672394499" lon="-8.49398736015729">
    </trkpt>
    <trkpt lat="40.912454079112699" lon="-8.49395289697047">
    </trkpt>
    <trkpt lat="40.912394510570998" lon="-8.49387443289142">
    </trkpt>
    <trkpt lat="40.9122931536618" lon="-8.493917066449299">
    </trkpt>
    <trkpt lat="40.912222502532302" lon="-8.49407195355491">
    </trkpt>
    <trkpt lat="40.911865510776302" lon="-8.494254271375439">
    </trkpt>
    <trkpt lat="40.911672745971799" lon="-8.49421500806392">
    </trkpt>
    <trkpt lat="40.911598758275701" lon="-8.49429470286592">
    </trkpt>
    <trkpt lat="40.911590669412803" lon="-8.494452122922">
    </trkpt>
    <trkpt lat="40.910195755459398" lon="-8.49528588465521">
    </trkpt>
    <trkpt lat="40.910085720009498" lon="-8.495110709426569">
    </trkpt>
    <trkpt lat="40.9099986059312" lon="-8.49510258287247">
    </trkpt>
    <trkpt lat="40.909902162513198" lon="-8.495354314064439">
    </trkpt>
    <trkpt lat="40.908630619013799" lon="-8.49537924120351">
    </trkpt>
    <trkpt lat="40.908520417858803" lon="-8.495219967695849">
    </trkpt>
    <trkpt lat="40.908355054967302" lon="-8.495163490142289">
    </trkpt>
    <trkpt lat="40.908245156561797" lon="-8.495354230240361">
    </trkpt>
    <trkpt lat="40.905259670644497" lon="-8.495404133901131">
    </trkpt>
    <trkpt lat="40.905129629871297" lon="-8.49535197828139">
    </trkpt>
    <trkpt lat="40.9049864708158" lon="-8.495387979089459">
    </trkpt>
    <trkpt lat="40.904169724017997" lon="-8.49540037562751">
    </trkpt>
    <trkpt lat="40.904102304387898" lon="-8.495291859597151">
    </trkpt>
    <trkpt lat="40.904029941081603" lon="-8.49546051362462">
    </trkpt>
    <trkpt lat="40.9027814395034" lon="-8.495424178519571">
    </trkpt>
    <trkpt lat="40.902709245141601" lon="-8.49537550710215">
    </trkpt>
    <trkpt lat="40.902643010576099" lon="-8.495409222643779">
    </trkpt>
    <trkpt lat="40.902392811383102" lon="-8.49528670759851">
    </trkpt>
    <trkpt lat="40.901559986318098" lon="-8.49451109661107">
    </trkpt>
    <trkpt lat="40.900250717547301" lon="-8.49332946640763">
    </trkpt>
    <trkpt lat="40.899380958421602" lon="-8.49255827892523">
    </trkpt>
    <trkpt lat="40.899215275064201" lon="-8.49245818515535">
    </trkpt>
    <trkpt lat="40.899102413313997" lon="-8.49245105762261">
    </trkpt>
    <trkpt lat="40.898280378362202" lon="-8.492009110313621">
    </trkpt>
    <trkpt lat="40.897703017489903" lon="-8.491789122741441">
    </trkpt>
    <trkpt lat="40.897707505274703" lon="-8.49168940760188">
    </trkpt>
    <trkpt lat="40.897558378460097" lon="-8.49163191359491">
    </trkpt>
    <trkpt lat="40.8974374609693" lon="-8.491802234343799">
    </trkpt>
    <trkpt lat="40.896187735049097" lon="-8.49103554016752">
    </trkpt>
    <trkpt lat="40.8955983450387" lon="-8.49079545771778">
    </trkpt>
    <trkpt lat="40.894853093686798" lon="-8.4906850761082">
    </trkpt>
    <trkpt lat="40.894267815277601" lon="-8.4905971289308">
    </trkpt>
    <trkpt lat="40.894143981497002" lon="-8.490619224418911">
    </trkpt>
    <trkpt lat="40.894020983199297" lon="-8.49045593868736">
    </trkpt>
    <trkpt lat="40.893272343840799" lon="-8.489628275632191">
    </trkpt>
    <trkpt lat="40.893169154888398" lon="-8.48972979292027">
    </trkpt>
    <trkpt lat="40.893041426409603" lon="-8.48955802494091">
    </trkpt>
    <trkpt lat="40.892966179071898" lon="-8.489288762414571">
    </trkpt>
    <trkpt lat="40.892823390089902" lon="-8.489054119483299">
    </trkpt>
    <trkpt lat="40.892370879186799" lon="-8.488899852423931">
    </trkpt>
    <trkpt lat="40.891957349377797" lon="-8.48887763279383">
    </trkpt>
    <trkpt lat="40.8906409690305" lon="-8.48907684933514">
    </trkpt>
    <trkpt lat="40.889913336007602" lon="-8.489212599305951">
    </trkpt>
    <trkpt lat="40.889048028459598" lon="-8.48933812405989">
    </trkpt>
    <trkpt lat="40.888936367956703" lon="-8.48923907265435">
    </trkpt>
    <trkpt lat="40.887901232512398" lon="-8.489144019085639">
    </trkpt>
    <trkpt lat="40.887349335833797" lon="-8.4891793145687">
    </trkpt>
    <trkpt lat="40.887066273164102" lon="-8.489234015432091">
    </trkpt>
    <trkpt lat="40.886979765815802" lon="-8.489659252953951">
    </trkpt>
    <trkpt lat="40.886802705042697" lon="-8.48964887750857">
    </trkpt>
    <trkpt lat="40.886463093184901" lon="-8.489675798987451">
    </trkpt>
    <trkpt lat="40.885807092598498" lon="-8.489289760950291">
    </trkpt>
    <trkpt lat="40.885680660889903" lon="-8.489516621886439">
    </trkpt>
    <trkpt lat="40.8855147227994" lon="-8.48937010174016">
    </trkpt>
    <trkpt lat="40.8845689206996" lon="-8.48962694114214">
    </trkpt>
    <trkpt lat="40.883563032059698" lon="-8.489984315125129">
    </trkpt>
    <trkpt lat="40.883451259822699" lon="-8.490101958960439">
    </trkpt>
    <trkpt lat="40.883276434131098" lon="-8.490038698900049">
    </trkpt>
    <trkpt lat="40.882618388605401" lon="-8.490264841478741">
    </trkpt>
    <trkpt lat="40.882462073681701" lon="-8.490406745580509">
    </trkpt>
    <trkpt lat="40.8809846721676" lon="-8.490907757489531">
    </trkpt>
    <trkpt lat="40.880871861357498" lon="-8.49069960427282">
    </trkpt>
    <trkpt lat="40.880626861701003" lon="-8.49075028769454">
    </trkpt>
    <trkpt lat="40.880602755198503" lon="-8.49084179428653">
    </trkpt>
    <trkpt lat="40.878905508155498" lon="-8.491392341407909">
    </trkpt>
    <trkpt lat="40.878402200769798" lon="-8.49133632686514">
    </trkpt>
    <trkpt lat="40.878283104751297" lon="-8.49129759072766">
    </trkpt>
    <trkpt lat="40.8781233988528" lon="-8.491329394069441">
    </trkpt>
    <trkpt lat="40.877796735163599" lon="-8.491333332219719">
    </trkpt>
    <trkpt lat="40.877434080963901" lon="-8.49147932061374">
    </trkpt>
    <trkpt lat="40.877067575909201" lon="-8.49157972415766">
    </trkpt>
    <trkpt lat="40.876625265376497" lon="-8.49154312779182">
    </trkpt>
    <trkpt lat="40.875572633181299" lon="-8.491243895450481">
    </trkpt>
    <trkpt lat="40.875027241765103" lon="-8.491046575031939">
    </trkpt>
    <trkpt lat="40.874362031889198" lon="-8.4909119060999">
    </trkpt>
    <trkpt lat="40.873985128478203" lon="-8.490606990166199">
    </trkpt>
    <trkpt lat="40.873713344825603" lon="-8.490367238577001">
    </trkpt>
    <trkpt lat="40.873206132038803" lon="-8.490318010370849">
    </trkpt>
    <trkpt lat="40.873108635599401" lon="-8.49021557818393">
    </trkpt>
    <trkpt lat="40.873127344049102" lon="-8.490066387469">
    </trkpt>
    <trkpt lat="40.873022300026498" lon="-8.49008731334712">
    </trkpt>
    <trkpt lat="40.872845537505803" lon="-8.49010380017811">
    </trkpt>
    <trkpt lat="40.872675775881298" lon="-8.49002514705734">
    </trkpt>
    <trkpt lat="40.8724078358428" lon="-8.489685813070819">
    </trkpt>
    <trkpt lat="40.871981477548097" lon="-8.48901606226678">
    </trkpt>
    <trkpt lat="40.871438406253603" lon="-8.488437239602259">
    </trkpt>
    <trkpt lat="40.871022599956902" lon="-8.488167567975831">
    </trkpt>
    <trkpt lat="40.870520692793903" lon="-8.48800190181495">
    </trkpt>
    <trkpt lat="40.869726483749801" lon="-8.48737006424771">
    </trkpt>
    <trkpt lat="40.869561067901699" lon="-8.48700736142151">
    </trkpt>
    <trkpt lat="40.869215872566997" lon="-8.487072854755031">
    </trkpt>
    <trkpt lat="40.869006816744701" lon="-8.487009269308039">
    </trkpt>
    <trkpt lat="40.868681277929497" lon="-8.486665415764911">
    </trkpt>
    <trkpt lat="40.868509255096797" lon="-8.4863525440343">
    </trkpt>
    <trkpt lat="40.868184568781302" lon="-8.48590223943541">
    </trkpt>
    <trkpt lat="40.868061146846898" lon="-8.485779924124531">
    </trkpt>
    <trkpt lat="40.867778954699098" lon="-8.48556241188999">
    </trkpt>
    <trkpt lat="40.867263052922098" lon="-8.485301372151641">
    </trkpt>
    <trkpt lat="40.866909787530297" lon="-8.48504242140719">
    </trkpt>
    <trkpt lat="40.866707678647202" lon="-8.484920022138221">
    </trkpt>
    <trkpt lat="40.866125553851703" lon="-8.484897104866469">
    </trkpt>
    <trkpt lat="40.865531709911203" lon="-8.485018539920571">
    </trkpt>
    <trkpt lat="40.865386862074601" lon="-8.48496917603118">
    </trkpt>
    <trkpt lat="40.865147576406301" lon="-8.485084844916431">
    </trkpt>
    <trkpt lat="40.864782977031503" lon="-8.485466452454331">
    </trkpt>
    <trkpt lat="40.864758851844599" lon="-8.485372716370749">
    </trkpt>
    <trkpt lat="40.864806329603503" lon="-8.485179349958459">
    </trkpt>
    <trkpt lat="40.864782086948203" lon="-8.485085478328809">
    </trkpt>
    <trkpt lat="40.864664370960803" lon="-8.48515565591034">
    </trkpt>
    <trkpt lat="40.864479374961299" lon="-8.485246001808379">
    </trkpt>
    <trkpt lat="40.864317636628897" lon="-8.485272699024209">
    </trkpt>
    <trkpt lat="40.864140812074503" lon="-8.48523284826838">
    </trkpt>
    <trkpt lat="40.8623539638563" lon="-8.485157648288981">
    </trkpt>
    <trkpt lat="40.862154004478498" lon="-8.48539117717622">
    </trkpt>
    <trkpt lat="40.862025805742597" lon="-8.48511709626783">
    </trkpt>
    <trkpt lat="40.860884291031297" lon="-8.485070606136549">
    </trkpt>
    <trkpt lat="40.860842615143497" lon="-8.48495262327773">
    </trkpt>
    <trkpt lat="40.860694397747203" lon="-8.484984112564501">
    </trkpt>
    <trkpt lat="40.859128245473499" lon="-8.486047826482279">
    </trkpt>
    <trkpt lat="40.858643649606499" lon="-8.486081825486011">
    </trkpt>
    <trkpt lat="40.858173579562198" lon="-8.486006055730179">
    </trkpt>
    <trkpt lat="40.857723476595602" lon="-8.485716254447521">
    </trkpt>
    <trkpt lat="40.857348840937398" lon="-8.48550540719314">
    </trkpt>
    <trkpt lat="40.857079082684798" lon="-8.485534133583441">
    </trkpt>
    <trkpt lat="40.856905421053803" lon="-8.48565095511699">
    </trkpt>
    <trkpt lat="40.856833736317199" lon="-8.485909833681079">
    </trkpt>
    <trkpt lat="40.856647716172503" lon="-8.486497413919169">
    </trkpt>
    <trkpt lat="40.856605824983497" lon="-8.48655917623069">
    </trkpt>
    <trkpt lat="40.856392637771101" lon="-8.486757863181611">
    </trkpt>
    <trkpt lat="40.856088277737697" lon="-8.48722094373359">
    </trkpt>
    <trkpt lat="40.8557082294925" lon="-8.48751452886021">
    </trkpt>
    <trkpt lat="40.855379796785101" lon="-8.48764129971933">
    </trkpt>
    <trkpt lat="40.855148247809602" lon="-8.487679267458841">
    </trkpt>
    <trkpt lat="40.854909014036998" lon="-8.48749090540138">
    </trkpt>
    <trkpt lat="40.854799309552398" lon="-8.487448021680731">
    </trkpt>
    <trkpt lat="40.854792416111898" lon="-8.487319508131231">
    </trkpt>
    <trkpt lat="40.854476742052299" lon="-8.48664784464621">
    </trkpt>
    <trkpt lat="40.854248691471803" lon="-8.48584362638292">
    </trkpt>
    <trkpt lat="40.854002998731403" lon="-8.4847877007116">
    </trkpt>
    <trkpt lat="40.853816757611199" lon="-8.483776961316391">
    </trkpt>
    <trkpt lat="40.853766085088303" lon="-8.48293555593836">
    </trkpt>
    <trkpt lat="40.8537411439601" lon="-8.48183067033661">
    </trkpt>
    <trkpt lat="40.853754689665998" lon="-8.48102844675817">
    </trkpt>
    <trkpt lat="40.8536550964985" lon="-8.480883304527451">
    </trkpt>
    <trkpt lat="40.853471077511202" lon="-8.48082873958052">
    </trkpt>
    <trkpt lat="40.853391618335799" lon="-8.48076197424079">
    </trkpt>
    <trkpt lat="40.8535270277549" lon="-8.480723578344151">
    </trkpt>
    <trkpt lat="40.8536053220054" lon="-8.48060357715187">
    </trkpt>
    <trkpt lat="40.853653732811999" lon="-8.48043206174221">
    </trkpt>
    <trkpt lat="40.8535689271026" lon="-8.480246266644579">
    </trkpt>
    <trkpt lat="40.853397545535699" lon="-8.47994278677206">
    </trkpt>
    <trkpt lat="40.853362361196602" lon="-8.47982372442417">
    </trkpt>
    <trkpt lat="40.853266077620603" lon="-8.47969331555753">
    </trkpt>
    <trkpt lat="40.853211843530097" lon="-8.47952541279008">
    </trkpt>
    <trkpt lat="40.853266072058901" lon="-8.47945809272019">
    </trkpt>
    <trkpt lat="40.852407967804702" lon="-8.47755541765695">
    </trkpt>
    <trkpt lat="40.852136827511899" lon="-8.477453502326149">
    </trkpt>
    <trkpt lat="40.852194342229403" lon="-8.477168723692809">
    </trkpt>
    <trkpt lat="40.852166493399899" lon="-8.47688871670216">
    </trkpt>
    <trkpt lat="40.851318203952196" lon="-8.47520933133417">
    </trkpt>
    <trkpt lat="40.851016820063997" lon="-8.47506186437352">
    </trkpt>
    <trkpt lat="40.850590879789699" lon="-8.47522913231094">
    </trkpt>
    <trkpt lat="40.850363840481499" lon="-8.47522315779678">
    </trkpt>
    <trkpt lat="40.850105331458202" lon="-8.475094153274799">
    </trkpt>
    <trkpt lat="40.850010438916499" lon="-8.474952959111709">
    </trkpt>
    <trkpt lat="40.849842538671702" lon="-8.47487293416158">
    </trkpt>
    <trkpt lat="40.849568924870198" lon="-8.474943507236819">
    </trkpt>
    <trkpt lat="40.849532781860297" lon="-8.47486139312794">
    </trkpt>
    <trkpt lat="40.849569037120503" lon="-8.474719176337411">
    </trkpt>
    <trkpt lat="40.8495733391768" lon="-8.47462718269839">
    </trkpt>
    <trkpt lat="40.849475881103601" lon="-8.4743827822568">
    </trkpt>
    <trkpt lat="40.8493331294776" lon="-8.47426772247802">
    </trkpt>
    <trkpt lat="40.849023505129502" lon="-8.473997965446721">
    </trkpt>
    <trkpt lat="40.848645286678298" lon="-8.473853486817641">
    </trkpt>
    <trkpt lat="40.8479714800579" lon="-8.47364218370778">
    </trkpt>
    <trkpt lat="40.847342016401299" lon="-8.473468722856749">
    </trkpt>
    <trkpt lat="40.847189891769801" lon="-8.47342315894444">
    </trkpt>
    <trkpt lat="40.846808017791503" lon="-8.47342869899774">
    </trkpt>
    <trkpt lat="40.846564477689199" lon="-8.473571876879889">
    </trkpt>
    <trkpt lat="40.846403720150398" lon="-8.47364832931614">
    </trkpt>
    <trkpt lat="40.846145381432002" lon="-8.47378952806644">
    </trkpt>
    <trkpt lat="40.846026193274803" lon="-8.473725196393289">
    </trkpt>
    <trkpt lat="40.844792643359199" lon="-8.474189850666431">
    </trkpt>
    <trkpt lat="40.844721638013901" lon="-8.474295639626741">
    </trkpt>
    <trkpt lat="40.844587956638897" lon="-8.47421620845812">
    </trkpt>
    <trkpt lat="40.844430076560101" lon="-8.47423195353301">
    </trkpt>
    <trkpt lat="40.844254093564302" lon="-8.47414990120507">
    </trkpt>
    <trkpt lat="40.843746314156803" lon="-8.47396229391282">
    </trkpt>
    <trkpt lat="40.843334951483399" lon="-8.47383785575609">
    </trkpt>
    <trkpt lat="40.843121337404902" lon="-8.47382332182301">
    </trkpt>
    <trkpt lat="40.8430077364469" lon="-8.474016438294781">
    </trkpt>
    <trkpt lat="40.842922252440601" lon="-8.47405030243163">
    </trkpt>
    <trkpt lat="40.842867786582502" lon="-8.47388546609046">
    </trkpt>
    <trkpt lat="40.842718830512403" lon="-8.47370173485376">
    </trkpt>
    <trkpt lat="40.842607480725299" lon="-8.47360171445172">
    </trkpt>
    <trkpt lat="40.842311532397297" lon="-8.47374113798495">
    </trkpt>
    <trkpt lat="40.842043995449202" lon="-8.474050810912461">
    </trkpt>
    <trkpt lat="40.841339979510899" lon="-8.47516488448912">
    </trkpt>
    <trkpt lat="40.841280678247799" lon="-8.475379689289779">
    </trkpt>
    <trkpt lat="40.841138150902701" lon="-8.4755076923914">
    </trkpt>
    <trkpt lat="40.841057898894498" lon="-8.47615949377728">
    </trkpt>
    <trkpt lat="40.8412247461549" lon="-8.477422441922309">
    </trkpt>
    <trkpt lat="40.840905106215999" lon="-8.477588180228279">
    </trkpt>
    <trkpt lat="40.840389997920703" lon="-8.47771475073356">
    </trkpt>
    <trkpt lat="40.839510794819297" lon="-8.477791135158309">
    </trkpt>
    <trkpt lat="40.838729053584601" lon="-8.47792275478545">
    </trkpt>
    <trkpt lat="40.838166018545202" lon="-8.478048030638471">
    </trkpt>
    <trkpt lat="40.8374732575612" lon="-8.47801841224631">
    </trkpt>
    <trkpt lat="40.837056625673803" lon="-8.478125588472381">
    </trkpt>
    <trkpt lat="40.836517864200999" lon="-8.478294271702319">
    </trkpt>
    <trkpt lat="40.8363838710303" lon="-8.47827209352023">
    </trkpt>
    <trkpt lat="40.835991806603403" lon="-8.47833280738377">
    </trkpt>
    <trkpt lat="40.835896346651097" lon="-8.478247330563329">
    </trkpt>
    <trkpt lat="40.8357492822688" lon="-8.47836231782439">
    </trkpt>
    <trkpt lat="40.835480983597598" lon="-8.478466758664171">
    </trkpt>
    <trkpt lat="40.835056220037103" lon="-8.47839662593746">
    </trkpt>
    <trkpt lat="40.8343543590953" lon="-8.47817409086343">
    </trkpt>
    <trkpt lat="40.833941105007099" lon="-8.47799957877101">
    </trkpt>
    <trkpt lat="40.833716998316902" lon="-8.47784778785978">
    </trkpt>
    <trkpt lat="40.833444435258002" lon="-8.478100662432499">
    </trkpt>
    <trkpt lat="40.833182463536801" lon="-8.47839483675949">
    </trkpt>
    <trkpt lat="40.832644218171097" lon="-8.478814695801599">
    </trkpt>
    <trkpt lat="40.832000658638997" lon="-8.47910973428076">
    </trkpt>
    <trkpt lat="40.831456158891797" lon="-8.47908421241517">
    </trkpt>
    <trkpt lat="40.8312183059736" lon="-8.47910255301438">
    </trkpt>
    <trkpt lat="40.8310178774639" lon="-8.479150690264211">
    </trkpt>
    <trkpt lat="40.829840604346302" lon="-8.47965847016399">
    </trkpt>
    <trkpt lat="40.829053598454102" lon="-8.479831659588941">
    </trkpt>
    <trkpt lat="40.828591949686903" lon="-8.479854246918441">
    </trkpt>
    <trkpt lat="40.828216349458003" lon="-8.4798108795757">
    </trkpt>
    <trkpt lat="40.8278585739071" lon="-8.47974013792545">
    </trkpt>
    <trkpt lat="40.827529567515199" lon="-8.47942836903778">
    </trkpt>
    <trkpt lat="40.827120042326598" lon="-8.47905571409791">
    </trkpt>
    <trkpt lat="40.827007896266899" lon="-8.479062812131991">
    </trkpt>
    <trkpt lat="40.826939573761898" lon="-8.47891566666447">
    </trkpt>
    <trkpt lat="40.823830055240897" lon="-8.47804508830054">
    </trkpt>
    <trkpt lat="40.823684343633502" lon="-8.47813211058468">
    </trkpt>
    <trkpt lat="40.823385702954802" lon="-8.47848213687014">
    </trkpt>
    <trkpt lat="40.823245649156803" lon="-8.47848658664752">
    </trkpt>
    <trkpt lat="40.8229181185919" lon="-8.47851222262231">
    </trkpt>
    <trkpt lat="40.822743414208198" lon="-8.478490323976271">
    </trkpt>
    <trkpt lat="40.822487155611903" lon="-8.478138065321851">
    </trkpt>
    <trkpt lat="40.822167949563003" lon="-8.477946196838641">
    </trkpt>
    <trkpt lat="40.821756061061002" lon="-8.477927792193491">
    </trkpt>
    <trkpt lat="40.8211624761447" lon="-8.47784533500662">
    </trkpt>
    <trkpt lat="40.820222714800202" lon="-8.47811579695014">
    </trkpt>
    <trkpt lat="40.8196107589227" lon="-8.47841370296276">
    </trkpt>
    <trkpt lat="40.818950580920003" lon="-8.47922084814766">
    </trkpt>
    <trkpt lat="40.818237617454002" lon="-8.48017656508449">
    </trkpt>
    <trkpt lat="40.818037374505202" lon="-8.48045540226383">
    </trkpt>
    <trkpt lat="40.817881424472901" lon="-8.48049548667786">
    </trkpt>
    <trkpt lat="40.817637691545301" lon="-8.480524400601441">
    </trkpt>
    <trkpt lat="40.817268083502697" lon="-8.48058046286422">
    </trkpt>
    <trkpt lat="40.816999866529898" lon="-8.48081035805326">
    </trkpt>
    <trkpt lat="40.816837076434197" lon="-8.48110477085306">
    </trkpt>
    <trkpt lat="40.816650683832897" lon="-8.481313135196419">
    </trkpt>
    <trkpt lat="40.8165322547271" lon="-8.4814499616372">
    </trkpt>
    <trkpt lat="40.816288044143299" lon="-8.48083410040984">
    </trkpt>
    <trkpt lat="40.816193039501002" lon="-8.48071429325811">
    </trkpt>
    <trkpt lat="40.815381828630699" lon="-8.480170572484919">
    </trkpt>
    <trkpt lat="40.8151434768521" lon="-8.480119668127919">
    </trkpt>
    <trkpt lat="40.8149275498278" lon="-8.48022984550899">
    </trkpt>
    <trkpt lat="40.814648464080499" lon="-8.48047805106259">
    </trkpt>
    <trkpt lat="40.814351931379598" lon="-8.48020304456683">
    </trkpt>
    <trkpt lat="40.814149608857399" lon="-8.4801549926565">
    </trkpt>
    <trkpt lat="40.814018994770002" lon="-8.480226790447601">
    </trkpt>
    <trkpt lat="40.813948235656603" lon="-8.480417115447031">
    </trkpt>
    <trkpt lat="40.813938863210602" lon="-8.48072791412508">
    </trkpt>
    <trkpt lat="40.813977014831401" lon="-8.481056037730321">
    </trkpt>
    <trkpt lat="40.814123822003999" lon="-8.48138375485067">
    </trkpt>
    <trkpt lat="40.814247179158201" lon="-8.481584366546249">
    </trkpt>
    <trkpt lat="40.814294979442003" lon="-8.481909486618701">
    </trkpt>
    <trkpt lat="40.814269038281601" lon="-8.48216985339832">
    </trkpt>
    <trkpt lat="40.814092891461001" lon="-8.482249190224721">
    </trkpt>
    <trkpt lat="40.814015970762199" lon="-8.482327750794051">
    </trkpt>
    <trkpt lat="40.813940491000501" lon="-8.48237808804547">
    </trkpt>
    <trkpt lat="40.813928166030202" lon="-8.482480033392299">
    </trkpt>
    <trkpt lat="40.814081902273003" lon="-8.4826084160329">
    </trkpt>
    <trkpt lat="40.814223982900501" lon="-8.48261269694299">
    </trkpt>
    <trkpt lat="40.814333580636998" lon="-8.482688017333849">
    </trkpt>
    <trkpt lat="40.814357231403498" lon="-8.482954079471011">
    </trkpt>
    <trkpt lat="40.814427488449702" lon="-8.48340078041927">
    </trkpt>
    <trkpt lat="40.814481086635297" lon="-8.483808083822209">
    </trkpt>
    <trkpt lat="40.8144308814163" lon="-8.48408487531141">
    </trkpt>
    <trkpt lat="40.814244277729998" lon="-8.48462373514786">
    </trkpt>
    <trkpt lat="40.814024546852799" lon="-8.48493468507537">
    </trkpt>
    <trkpt lat="40.813915461379104" lon="-8.48509681283449">
    </trkpt>
    <trkpt lat="40.813454235781101" lon="-8.485413932397289">
    </trkpt>
    <trkpt lat="40.813250523459203" lon="-8.48556502021626">
    </trkpt>
    <trkpt lat="40.812984789140103" lon="-8.485753812578031">
    </trkpt>
    <trkpt lat="40.812741398992998" lon="-8.485984074845319">
    </trkpt>
    <trkpt lat="40.812381120185599" lon="-8.486270803324739">
    </trkpt>
    <trkpt lat="40.812069586899298" lon="-8.48651720678286">
    </trkpt>
    <trkpt lat="40.811886123405003" lon="-8.485993873289541">
    </trkpt>
    <trkpt lat="40.811796085902103" lon="-8.485067150674951">
    </trkpt>
    <trkpt lat="40.811604206235799" lon="-8.48466572010418">
    </trkpt>
    <trkpt lat="40.810689818821203" lon="-8.484123511718771">
    </trkpt>
    <trkpt lat="40.809612048502501" lon="-8.48360555886271">
    </trkpt>
    <trkpt lat="40.8091493012992" lon="-8.483625137219629">
    </trkpt>
    <trkpt lat="40.808738765631901" lon="-8.483552112072401">
    </trkpt>
    <trkpt lat="40.808297556945497" lon="-8.48337141753786">
    </trkpt>
    <trkpt lat="40.8079724992051" lon="-8.483291291985671">
    </trkpt>
    <trkpt lat="40.807531148360603" lon="-8.483208352940149">
    </trkpt>
    <trkpt lat="40.807536205104" lon="-8.483101998282139">
    </trkpt>
    <trkpt lat="40.807540623504103" lon="-8.483008978349121">
    </trkpt>
    <trkpt lat="40.8074602555889" lon="-8.48300763030252">
    </trkpt>
    <trkpt lat="40.807205105804599" lon="-8.483356273173859">
    </trkpt>
    <trkpt lat="40.806468710395698" lon="-8.483863641888551">
    </trkpt>
    <trkpt lat="40.806108173167999" lon="-8.48402804322818">
    </trkpt>
    <trkpt lat="40.805981275836601" lon="-8.48451510712581">
    </trkpt>
    <trkpt lat="40.805868396850798" lon="-8.484520671201549">
    </trkpt>
    <trkpt lat="40.805548309773201" lon="-8.484230548733279">
    </trkpt>
    <trkpt lat="40.804617137580998" lon="-8.48377966731241">
    </trkpt>
    <trkpt lat="40.804440476589903" lon="-8.48360086007979">
    </trkpt>
    <trkpt lat="40.803419816704697" lon="-8.48307207283384">
    </trkpt>
    <trkpt lat="40.801928556543302" lon="-8.482079603622379">
    </trkpt>
    <trkpt lat="40.800947211559603" lon="-8.481442652659011">
    </trkpt>
    <trkpt lat="40.800523758474299" lon="-8.48126676390407">
    </trkpt>
    <trkpt lat="40.8004827861864" lon="-8.481095550265071">
    </trkpt>
    <trkpt lat="40.800417089074699" lon="-8.48101692673346">
    </trkpt>
    <trkpt lat="40.800240592818099" lon="-8.48136981800603">
    </trkpt>
    <trkpt lat="40.799852559171498" lon="-8.4817239365565">
    </trkpt>
    <trkpt lat="40.7995579420745" lon="-8.48183297823449">
    </trkpt>
    <trkpt lat="40.799141072126503" lon="-8.48180694044672">
    </trkpt>
    <trkpt lat="40.798339471864402" lon="-8.481829471258241">
    </trkpt>
    <trkpt lat="40.797983325170598" lon="-8.481814167211221">
    </trkpt>
    <trkpt lat="40.7979056476305" lon="-8.481187758468799">
    </trkpt>
    <trkpt lat="40.797887151541801" lon="-8.480840189556311">
    </trkpt>
    <trkpt lat="40.798113027039598" lon="-8.48070224557229">
    </trkpt>
    <trkpt lat="40.7981004523172" lon="-8.480590109567849">
    </trkpt>
    <trkpt lat="40.797954702048202" lon="-8.48044235863256">
    </trkpt>
    <trkpt lat="40.797686883570996" lon="-8.480017061107359">
    </trkpt>
    <trkpt lat="40.797391315954201" lon="-8.47928227049035">
    </trkpt>
    <trkpt lat="40.796901480238603" lon="-8.478941833074019">
    </trkpt>
    <trkpt lat="40.796657975930103" lon="-8.47888801657524">
    </trkpt>
    <trkpt lat="40.7961707776456" lon="-8.47898184840497">
    </trkpt>
    <trkpt lat="40.796006080483799" lon="-8.47908738092347">
    </trkpt>
    <trkpt lat="40.7954373618185" lon="-8.478880567160189">
    </trkpt>
    <trkpt lat="40.793925758475503" lon="-8.478491889497381">
    </trkpt>
    <trkpt lat="40.7929126524675" lon="-8.47836292926956">
    </trkpt>
    <trkpt lat="40.792668357725503" lon="-8.478570716880689">
    </trkpt>
    <trkpt lat="40.792293668984001" lon="-8.47889775445219">
    </trkpt>
    <trkpt lat="40.791713451831498" lon="-8.479448592564699">
    </trkpt>
    <trkpt lat="40.790453313665601" lon="-8.47966234825981">
    </trkpt>
    <trkpt lat="40.7903353182693" lon="-8.479570624811551">
    </trkpt>
    <trkpt lat="40.790056620891903" lon="-8.47972532450971">
    </trkpt>
    <trkpt lat="40.789503877689597" lon="-8.48012864868091">
    </trkpt>
    <trkpt lat="40.789368085660001" lon="-8.480110202344621">
    </trkpt>
    <trkpt lat="40.789248626062701" lon="-8.480343545951801">
    </trkpt>
    <trkpt lat="40.787859002829499" lon="-8.48139822226103">
    </trkpt>
    <trkpt lat="40.787694136404902" lon="-8.481709618849569">
    </trkpt>
    <trkpt lat="40.787480260535197" lon="-8.4817115755954">
    </trkpt>
    <trkpt lat="40.7870379640176" lon="-8.482134359093701">
    </trkpt>
    <trkpt lat="40.786673452263301" lon="-8.482913709187001">
    </trkpt>
    <trkpt lat="40.786593326838002" lon="-8.48380097932607">
    </trkpt>
    <trkpt lat="40.785302045467802" lon="-8.48439519465977">
    </trkpt>
    <trkpt lat="40.784699775372502" lon="-8.484709075404441">
    </trkpt>
    <trkpt lat="40.783746118675502" lon="-8.48241329503055">
    </trkpt>
    <trkpt lat="40.783534641268403" lon="-8.482399040557681">
    </trkpt>
    <trkpt lat="40.782565278639801" lon="-8.483364363257669">
    </trkpt>
    <trkpt lat="40.782127718397803" lon="-8.483551497590099">
    </trkpt>
    <trkpt lat="40.781953571799399" lon="-8.483562563492439">
    </trkpt>
    <trkpt lat="40.781076686800503" lon="-8.48368016547799">
    </trkpt>
    <trkpt lat="40.780947582548002" lon="-8.483739097743941">
    </trkpt>
    <trkpt lat="40.780757481086901" lon="-8.483665821529881">
    </trkpt>
    <trkpt lat="40.779566277193602" lon="-8.483653750937121">
    </trkpt>
    <trkpt lat="40.778603140182902" lon="-8.48395654690907">
    </trkpt>
    <trkpt lat="40.777187560311603" lon="-8.484597276073851">
    </trkpt>
    <trkpt lat="40.776452383927001" lon="-8.48492639529309">
    </trkpt>
    <trkpt lat="40.776151186514198" lon="-8.48492119734699">
    </trkpt>
    <trkpt lat="40.775689161710702" lon="-8.484791800958909">
    </trkpt>
    <trkpt lat="40.775362781731602" lon="-8.484694454094029">
    </trkpt>
    <trkpt lat="40.775292373550499" lon="-8.484715054916849">
    </trkpt>
    <trkpt lat="40.7752202665148" lon="-8.48479319780196">
    </trkpt>
    <trkpt lat="40.775119777066898" lon="-8.48468011252529">
    </trkpt>
    <trkpt lat="40.774950495987198" lon="-8.48460282334513">
    </trkpt>
    <trkpt lat="40.773891026087298" lon="-8.48434194250212">
    </trkpt>
    <trkpt lat="40.773554134045902" lon="-8.484290103467339">
    </trkpt>
    <trkpt lat="40.773451801277503" lon="-8.484361862368131">
    </trkpt>
    <trkpt lat="40.773363126194802" lon="-8.484198976545089">
    </trkpt>
    <trkpt lat="40.771598876304097" lon="-8.48382885593842">
    </trkpt>
    <trkpt lat="40.771554674699601" lon="-8.483789214741">
    </trkpt>
    <trkpt lat="40.771510786504301" lon="-8.48387727219542">
    </trkpt>
    <trkpt lat="40.771431698799397" lon="-8.48386339798461">
    </trkpt>
    <trkpt lat="40.770933688591398" lon="-8.484817949506031">
    </trkpt>
    <trkpt lat="40.770447952099303" lon="-8.485394380491901">
    </trkpt>
    <trkpt lat="40.769803979446799" lon="-8.48575010840187">
    </trkpt>
    <trkpt lat="40.769326081037697" lon="-8.48600151348726">
    </trkpt>
    <trkpt lat="40.768036905966099" lon="-8.485713124790401">
    </trkpt>
    <trkpt lat="40.766983174444498" lon="-8.485298183582961">
    </trkpt>
    <trkpt lat="40.766589105715397" lon="-8.48498618814221">
    </trkpt>
    <trkpt lat="40.766488654945697" lon="-8.484912125555789">
    </trkpt>
    <trkpt lat="40.766425953209101" lon="-8.484759888898459">
    </trkpt>
    <trkpt lat="40.766366314110201" lon="-8.48489148315725">
    </trkpt>
    <trkpt lat="40.766165216731601" lon="-8.484872547278719">
    </trkpt>
    <trkpt lat="40.765661143308101" lon="-8.48497372669517">
    </trkpt>
    <trkpt lat="40.7652212216666" lon="-8.485237389529409">
    </trkpt>
    <trkpt lat="40.764777097754497" lon="-8.48546679252304">
    </trkpt>
    <trkpt lat="40.7646933032416" lon="-8.485388350152739">
    </trkpt>
    <trkpt lat="40.764636901517598" lon="-8.485414024932171">
    </trkpt>
    <trkpt lat="40.764646184898901" lon="-8.48548181936571">
    </trkpt>
    <trkpt lat="40.7644785900304" lon="-8.485616228566469">
    </trkpt>
    <trkpt lat="40.7634320010092" lon="-8.4860891429304">
    </trkpt>
    <trkpt lat="40.762293091529102" lon="-8.486601057350679">
    </trkpt>
    <trkpt lat="40.761758150027802" lon="-8.487110445650609">
    </trkpt>
    <trkpt lat="40.761434729782302" lon="-8.48764995647713">
    </trkpt>
    <trkpt lat="40.7613712383787" lon="-8.487789075098981">
    </trkpt>
    <trkpt lat="40.761260167149103" lon="-8.48778777353594">
    </trkpt>
    <trkpt lat="40.761162448145299" lon="-8.487722183701051">
    </trkpt>
    <trkpt lat="40.7611588139467" lon="-8.487639640802209">
    </trkpt>
    <trkpt lat="40.761099307602201" lon="-8.48762970116805">
    </trkpt>
    <trkpt lat="40.761066719902601" lon="-8.48772007493309">
    </trkpt>
    <trkpt lat="40.761064129344902" lon="-8.48778382074879">
    </trkpt>
    <trkpt lat="40.761063995340997" lon="-8.487975329345661">
    </trkpt>
    <trkpt lat="40.761069637035902" lon="-8.48838719630298">
    </trkpt>
    <trkpt lat="40.760728484283902" lon="-8.48865786396907">
    </trkpt>
    <trkpt lat="40.760523190113801" lon="-8.488760286732679">
    </trkpt>
    <trkpt lat="40.7601595698872" lon="-8.488970622578799">
    </trkpt>
    <trkpt lat="40.760081521551001" lon="-8.48888518629483">
    </trkpt>
    <trkpt lat="40.760015308723297" lon="-8.488879750284161">
    </trkpt>
    <trkpt lat="40.759980958314301" lon="-8.48905976404102">
    </trkpt>
    <trkpt lat="40.759605102124901" lon="-8.48929136144065">
    </trkpt>
    <trkpt lat="40.759008171418401" lon="-8.48964625933869">
    </trkpt>
    <trkpt lat="40.758360070937499" lon="-8.48992178500901">
    </trkpt>
    <trkpt lat="40.758183537494197" lon="-8.48991513003595">
    </trkpt>
    <trkpt lat="40.758012158135699" lon="-8.48981452883484">
    </trkpt>
    <trkpt lat="40.757640650059798" lon="-8.48953830680829">
    </trkpt>
    <trkpt lat="40.7573829802202" lon="-8.489284779729561">
    </trkpt>
    <trkpt lat="40.757443663673598" lon="-8.48915272288073">
    </trkpt>
    <trkpt lat="40.757365094171703" lon="-8.489107617617471">
    </trkpt>
    <trkpt lat="40.757263879589303" lon="-8.489179735959761">
    </trkpt>
    <trkpt lat="40.756857601621299" lon="-8.48899185870404">
    </trkpt>
    <trkpt lat="40.756016357602597" lon="-8.489040330866141">
    </trkpt>
    <trkpt lat="40.755657347483201" lon="-8.48913999616779">
    </trkpt>
    <trkpt lat="40.755598202891697" lon="-8.48897574899493">
    </trkpt>
    <trkpt lat="40.755542709034103" lon="-8.488986043903861">
    </trkpt>
    <trkpt lat="40.755512808958599" lon="-8.489148634202611">
    </trkpt>
    <trkpt lat="40.754999924912298" lon="-8.48936110962242">
    </trkpt>
    <trkpt lat="40.7548605423815" lon="-8.48921289548019">
    </trkpt>
    <trkpt lat="40.7547816051637" lon="-8.48925871810653">
    </trkpt>
    <trkpt lat="40.754778439177599" lon="-8.48936985792511">
    </trkpt>
    <trkpt lat="40.754497966691602" lon="-8.489433485044209">
    </trkpt>
    <trkpt lat="40.753529567363998" lon="-8.48974375248952">
    </trkpt>
    <trkpt lat="40.753508630681502" lon="-8.489757587500019">
    </trkpt>
    <trkpt lat="40.753436872364702" lon="-8.4898491167478">
    </trkpt>
    <trkpt lat="40.753117849287399" lon="-8.490427371497949">
    </trkpt>
    <trkpt lat="40.752837112162503" lon="-8.490679613980539">
    </trkpt>
    <trkpt lat="40.752599122479999" lon="-8.49077635154014">
    </trkpt>
    <trkpt lat="40.752160150777001" lon="-8.490860389859691">
    </trkpt>
    <trkpt lat="40.751905105591298" lon="-8.49081101371058">
    </trkpt>
    <trkpt lat="40.751668730695101" lon="-8.490738561682461">
    </trkpt>
    <trkpt lat="40.751180196762398" lon="-8.490571942706721">
    </trkpt>
    <trkpt lat="40.751012438980297" lon="-8.4905158433286">
    </trkpt>
    <trkpt lat="40.750991791299903" lon="-8.49061031685523">
    </trkpt>
    <trkpt lat="40.750565273494999" lon="-8.49046132398413">
    </trkpt>
    <trkpt lat="40.750433493221699" lon="-8.4904509181056">
    </trkpt>
    <trkpt lat="40.750267178473599" lon="-8.49038227263752">
    </trkpt>
    <trkpt lat="40.750022645695999" lon="-8.490299740584449">
    </trkpt>
    <trkpt lat="40.749760905640201" lon="-8.490289666625131">
    </trkpt>
    <trkpt lat="40.749325026254603" lon="-8.490302082483449">
    </trkpt>
    <trkpt lat="40.748931832586202" lon="-8.49027263587989">
    </trkpt>
    <trkpt lat="40.748655766431" lon="-8.490302675753281">
    </trkpt>
    <trkpt lat="40.7481942821953" lon="-8.49070000600887">
    </trkpt>
    <trkpt lat="40.747821716932599" lon="-8.490894793675521">
    </trkpt>
    <trkpt lat="40.747604732937702" lon="-8.49086990785664">
    </trkpt>
    <trkpt lat="40.747218687427598" lon="-8.490816880419491">
    </trkpt>
    <trkpt lat="40.747028513931802" lon="-8.490803805887561">
    </trkpt>
    <trkpt lat="40.746954402953797" lon="-8.49086369228541">
    </trkpt>
    <trkpt lat="40.7464777427301" lon="-8.490790130986239">
    </trkpt>
    <trkpt lat="40.746434145398503" lon="-8.490668932472611">
    </trkpt>
    <trkpt lat="40.745794681489201" lon="-8.490539503820649">
    </trkpt>
    <trkpt lat="40.745504638903903" lon="-8.490537043085849">
    </trkpt>
    <trkpt lat="40.745134389569202" lon="-8.490525008059951">
    </trkpt>
    <trkpt lat="40.7447675525748" lon="-8.49051260341437">
    </trkpt>
    <trkpt lat="40.744176851819702" lon="-8.49058469997683">
    </trkpt>
    <trkpt lat="40.7435940221972" lon="-8.4906731090629">
    </trkpt>
    <trkpt lat="40.743591379833703" lon="-8.49084654885475">
    </trkpt>
    <trkpt lat="40.743501045819102" lon="-8.4908258918871">
    </trkpt>
    <trkpt lat="40.743466276678902" lon="-8.49067324683271">
    </trkpt>
    <trkpt lat="40.743095570323099" lon="-8.490647931874459">
    </trkpt>
    <trkpt lat="40.742654471282599" lon="-8.49068574828252">
    </trkpt>
    <trkpt lat="40.742608634298499" lon="-8.490740316720631">
    </trkpt>
    <trkpt lat="40.742562448098802" lon="-8.49079454867665">
    </trkpt>
    <trkpt lat="40.7424802116007" lon="-8.490694525524381">
    </trkpt>
    <trkpt lat="40.742232028406299" lon="-8.49068366763764">
    </trkpt>
    <trkpt lat="40.741588375288401" lon="-8.490718191850119">
    </trkpt>
    <trkpt lat="40.741313556497303" lon="-8.49066338971674">
    </trkpt>
    <trkpt lat="40.741042784870203" lon="-8.49061034145957">
    </trkpt>
    <trkpt lat="40.740980617324396" lon="-8.49063930335314">
    </trkpt>
    <trkpt lat="40.740931083666901" lon="-8.49074373964001">
    </trkpt>
    <trkpt lat="40.740891672771298" lon="-8.490821746112349">
    </trkpt>
    <trkpt lat="40.740828577442301" lon="-8.49081371280653">
    </trkpt>
    <trkpt lat="40.740848329709102" lon="-8.49064090691502">
    </trkpt>
    <trkpt lat="40.740783470022002" lon="-8.49055870687012">
    </trkpt>
    <trkpt lat="40.740616978993799" lon="-8.49050098557773">
    </trkpt>
    <trkpt lat="40.740474425782303" lon="-8.490464996292269">
    </trkpt>
    <trkpt lat="40.740481563052597" lon="-8.490349084144521">
    </trkpt>
    <trkpt lat="40.739573198589198" lon="-8.49007914908084">
    </trkpt>
    <trkpt lat="40.739031740442599" lon="-8.48992903110384">
    </trkpt>
    <trkpt lat="40.738546929836502" lon="-8.489792400529261">
    </trkpt>
    <trkpt lat="40.738481457609502" lon="-8.489557340103021">
    </trkpt>
    <trkpt lat="40.7384134373699" lon="-8.48948926673744">
    </trkpt>
    <trkpt lat="40.738192504200903" lon="-8.48957367806592">
    </trkpt>
    <trkpt lat="40.737960510106703" lon="-8.48952290820564">
    </trkpt>
    <trkpt lat="40.736967623056898" lon="-8.488751950666771">
    </trkpt>
    <trkpt lat="40.736829273040897" lon="-8.488687778928069">
    </trkpt>
    <trkpt lat="40.7368570054457" lon="-8.488516318290429">
    </trkpt>
    <trkpt lat="40.7367726685072" lon="-8.48855138148792">
    </trkpt>
    <trkpt lat="40.736750020824701" lon="-8.488636477792181">
    </trkpt>
    <trkpt lat="40.7366445294778" lon="-8.48863189304458">
    </trkpt>
    <trkpt lat="40.736256104309298" lon="-8.48843038134244">
    </trkpt>
    <trkpt lat="40.735952380766904" lon="-8.488292832716491">
    </trkpt>
    <trkpt lat="40.735658900366701" lon="-8.488276470476251">
    </trkpt>
    <trkpt lat="40.734855921004701" lon="-8.48830381848498">
    </trkpt>
    <trkpt lat="40.734781686901897" lon="-8.488216551256651">
    </trkpt>
    <trkpt lat="40.734724252041502" lon="-8.48822316176294">
    </trkpt>
    <trkpt lat="40.7347209584346" lon="-8.48829926441929">
    </trkpt>
    <trkpt lat="40.730714695899998" lon="-8.48833250542004">
    </trkpt>
    <trkpt lat="40.727291573712598" lon="-8.487241153989871">
    </trkpt>
    <trkpt lat="40.722456929438202" lon="-8.485813558090451">
    </trkpt>
    <trkpt lat="40.716495003027198" lon="-8.48411053634652">
    </trkpt>
    <trkpt lat="40.716442436650098" lon="-8.483989342447471">
    </trkpt>
    <trkpt lat="40.716379807419997" lon="-8.48393632630378">
    </trkpt>
    <trkpt lat="40.713075483763902" lon="-8.482956887931961">
    </trkpt>
    <trkpt lat="40.713039195281503" lon="-8.48306872025648">
    </trkpt>
    <trkpt lat="40.712847307519503" lon="-8.482900498442319">
    </trkpt>
    <trkpt lat="40.7125751988631" lon="-8.48260860626482">
    </trkpt>
    <trkpt lat="40.712527942826704" lon="-8.48251791434086">
    </trkpt>
    <trkpt lat="40.712473099234899" lon="-8.48257305815001">
    </trkpt>
    <trkpt lat="40.712432560399698" lon="-8.482654716238979">
    </trkpt>
    <trkpt lat="40.71220036023" lon="-8.4827373914855">
    </trkpt>
    <trkpt lat="40.711832753083399" lon="-8.482686675009459">
    </trkpt>
    <trkpt lat="40.711424399524397" lon="-8.48256911832539">
    </trkpt>
    <trkpt lat="40.7113674361742" lon="-8.48250197711984">
    </trkpt>
    <trkpt lat="40.711405598732" lon="-8.48242366204431">
    </trkpt>
    <trkpt lat="40.7114354748363" lon="-8.48235458386511">
    </trkpt>
    <trkpt lat="40.711364360936301" lon="-8.482313921298831">
    </trkpt>
    <trkpt lat="40.711271839168496" lon="-8.4823414463066">
    </trkpt>
    <trkpt lat="40.711122539075099" lon="-8.48221109263069">
    </trkpt>
    <trkpt lat="40.711089402862001" lon="-8.482079059563951">
    </trkpt>
    <trkpt lat="40.711075867777403" lon="-8.481954506192039">
    </trkpt>
    <trkpt lat="40.709517898869997" lon="-8.4823377608353">
    </trkpt>
    <trkpt lat="40.709583780174597" lon="-8.482706912202771">
    </trkpt>
    <trkpt lat="40.708710709921597" lon="-8.48285687920861">
    </trkpt>
    <trkpt lat="40.708630153076697" lon="-8.48295200834696">
    </trkpt>
    <trkpt lat="40.708264708942203" lon="-8.482995537871689">
    </trkpt>
    <trkpt lat="40.708153915527397" lon="-8.48291579165836">
    </trkpt>
    <trkpt lat="40.707741381378703" lon="-8.48303222499546">
    </trkpt>
    <trkpt lat="40.7074151915728" lon="-8.48307262286675">
    </trkpt>
    <trkpt lat="40.706739929777001" lon="-8.483038816451559">
    </trkpt>
    <trkpt lat="40.706629416470001" lon="-8.482908218317849">
    </trkpt>
    <trkpt lat="40.706419168692697" lon="-8.4826782637384">
    </trkpt>
    <trkpt lat="40.7063294807107" lon="-8.48250764363719">
    </trkpt>
    <trkpt lat="40.706179912512802" lon="-8.4821714649255">
    </trkpt>
    <trkpt lat="40.705990278781798" lon="-8.48212101537672">
    </trkpt>
    <trkpt lat="40.705803479910799" lon="-8.4822265866467">
    </trkpt>
    <trkpt lat="40.705697564021001" lon="-8.48239753768064">
    </trkpt>
    <trkpt lat="40.7055860648262" lon="-8.482636405140591">
    </trkpt>
    <trkpt lat="40.705415708669399" lon="-8.482667781112839">
    </trkpt>
    <trkpt lat="40.705227935605997" lon="-8.48263912316048">
    </trkpt>
    <trkpt lat="40.704957944119897" lon="-8.48254290194958">
    </trkpt>
    <trkpt lat="40.703868654971401" lon="-8.482091481577619">
    </trkpt>
    <trkpt lat="40.703038715437202" lon="-8.481676495275311">
    </trkpt>
    <trkpt lat="40.703137612785902" lon="-8.481040210512971">
    </trkpt>
    <trkpt lat="40.702914292156997" lon="-8.480986879674401">
    </trkpt>
    <trkpt lat="40.702505577878803" lon="-8.48094541200247">
    </trkpt>
    <trkpt lat="40.7023200993562" lon="-8.4809718513531">
    </trkpt>
    <trkpt lat="40.702075123624397" lon="-8.48104487091193">
    </trkpt>
    <trkpt lat="40.701883033884499" lon="-8.480976136564101">
    </trkpt>
    <trkpt lat="40.701372795484502" lon="-8.480719804372381">
    </trkpt>
    <trkpt lat="40.701263723220698" lon="-8.48071203798858">
    </trkpt>
    <trkpt lat="40.700983080748102" lon="-8.481411339556781">
    </trkpt>
    <trkpt lat="40.700863935971199" lon="-8.48154569361685">
    </trkpt>
    <trkpt lat="40.700610698545802" lon="-8.48154972130537">
    </trkpt>
    <trkpt lat="40.700387272968499" lon="-8.481499579024529">
    </trkpt>
    <trkpt lat="40.700249739784198" lon="-8.481548692081571">
    </trkpt>
    <trkpt lat="40.700131156904803" lon="-8.481738902454079">
    </trkpt>
    <trkpt lat="40.700033982638097" lon="-8.48171216092129">
    </trkpt>
    <trkpt lat="40.699971128386601" lon="-8.48163095708234">
    </trkpt>
    <trkpt lat="40.699875505703801" lon="-8.48139122390814">
    </trkpt>
    <trkpt lat="40.699748128939802" lon="-8.481179286242471">
    </trkpt>
    <trkpt lat="40.699706177113299" lon="-8.48098586868266">
    </trkpt>
    <trkpt lat="40.699718773202498" lon="-8.48053003667215">
    </trkpt>
    <trkpt lat="40.699572099349801" lon="-8.48048074155599">
    </trkpt>
    <trkpt lat="40.699107476699297" lon="-8.48053212637071">
    </trkpt>
    <trkpt lat="40.6988988664123" lon="-8.48055663185383">
    </trkpt>
    <trkpt lat="40.6969297844228" lon="-8.480612879186589">
    </trkpt>
    <trkpt lat="40.696800099355798" lon="-8.48066590273322">
    </trkpt>
    <trkpt lat="40.696443687237299" lon="-8.48056791550378">
    </trkpt>
    <trkpt lat="40.696212190186699" lon="-8.4805087846461">
    </trkpt>
    <trkpt lat="40.6959999402753" lon="-8.48046960413868">
    </trkpt>
    <trkpt lat="40.6959620401121" lon="-8.48040599853187">
    </trkpt>
    <trkpt lat="40.694959466736798" lon="-8.480227084456921">
    </trkpt>
    <trkpt lat="40.6948956694157" lon="-8.480256727040951">
    </trkpt>
    <trkpt lat="40.694479614962098" lon="-8.480226423113111">
    </trkpt>
    <trkpt lat="40.6943586457271" lon="-8.4801924574098">
    </trkpt>
    <trkpt lat="40.6937434753942" lon="-8.480220524924009">
    </trkpt>
    <trkpt lat="40.693385150620301" lon="-8.48000183524081">
    </trkpt>
    <trkpt lat="40.6933241274672" lon="-8.480134852564911">
    </trkpt>
    <trkpt lat="40.6932375662672" lon="-8.48005767609391">
    </trkpt>
    <trkpt lat="40.693257660756302" lon="-8.479896881343709">
    </trkpt>
    <trkpt lat="40.692328755817101" lon="-8.47878687267977">
    </trkpt>
    <trkpt lat="40.691694573144503" lon="-8.47948433198901">
    </trkpt>
    <trkpt lat="40.691561808600497" lon="-8.47963252408349">
    </trkpt>
    <trkpt lat="40.691078867830498" lon="-8.4801199845472">
    </trkpt>
    <trkpt lat="40.690947751049698" lon="-8.47989521412841">
    </trkpt>
    <trkpt lat="40.6901363197384" lon="-8.480707609359261">
    </trkpt>
    <trkpt lat="40.689987024159201" lon="-8.48084584190123">
    </trkpt>
    <trkpt lat="40.689959026820198" lon="-8.48103410877849">
    </trkpt>
    <trkpt lat="40.689904245876299" lon="-8.48129008176933">
    </trkpt>
    <trkpt lat="40.689873626700603" lon="-8.48155964368614">
    </trkpt>
    <trkpt lat="40.689738445679502" lon="-8.48153011486208">
    </trkpt>
    <trkpt lat="40.689608724320799" lon="-8.481383784281901">
    </trkpt>
    <trkpt lat="40.689553045499103" lon="-8.481331522947061">
    </trkpt>
    <trkpt lat="40.688041471114197" lon="-8.482778649881499">
    </trkpt>
    <trkpt lat="40.687885341351397" lon="-8.48298059971351">
    </trkpt>
    <trkpt lat="40.687869779581199" lon="-8.483102784948731">
    </trkpt>
    <trkpt lat="40.687771313442099" lon="-8.4831399484128">
    </trkpt>
    <trkpt lat="40.687708454011599" lon="-8.483164861252311">
    </trkpt>
    <trkpt lat="40.6870926743713" lon="-8.483757549337369">
    </trkpt>
    <trkpt lat="40.687128298495999" lon="-8.48388346554769">
    </trkpt>
    <trkpt lat="40.686969013333403" lon="-8.483952228288199">
    </trkpt>
    <trkpt lat="40.686780949709501" lon="-8.48408230587882">
    </trkpt>
    <trkpt lat="40.686768044285401" lon="-8.48416256537563">
    </trkpt>
    <trkpt lat="40.6867950734473" lon="-8.484300625041801">
    </trkpt>
    <trkpt lat="40.6866432828215" lon="-8.48443544203092">
    </trkpt>
    <trkpt lat="40.685774754700901" lon="-8.485629685127151">
    </trkpt>
    <trkpt lat="40.685567266617902" lon="-8.48552897797231">
    </trkpt>
    <trkpt lat="40.685468755998002" lon="-8.485554869695759">
    </trkpt>
    <trkpt lat="40.684829277384402" lon="-8.4867141212781">
    </trkpt>
    <trkpt lat="40.684540595079397" lon="-8.48640070178587">
    </trkpt>
    <trkpt lat="40.684329693391803" lon="-8.48646800136569">
    </trkpt>
    <trkpt lat="40.684236687778601" lon="-8.48640810514822">
    </trkpt>
    <trkpt lat="40.684121605944803" lon="-8.486444816908451">
    </trkpt>
    <trkpt lat="40.684236945903599" lon="-8.48685534606077">
    </trkpt>
    <trkpt lat="40.6841218435111" lon="-8.487360389990309">
    </trkpt>
    <trkpt lat="40.683973870773798" lon="-8.48758044410395">
    </trkpt>
    <trkpt lat="40.683836373672598" lon="-8.487753715378609">
    </trkpt>
    <trkpt lat="40.683645171409097" lon="-8.48791608863989">
    </trkpt>
    <trkpt lat="40.683494345135898" lon="-8.48796889813106">
    </trkpt>
    <trkpt lat="40.682985806130901" lon="-8.488102513108331">
    </trkpt>
    <trkpt lat="40.682931307569902" lon="-8.48798299091078">
    </trkpt>
    <trkpt lat="40.682849135294802" lon="-8.4880411083867">
    </trkpt>
    <trkpt lat="40.682869988461597" lon="-8.48813497908858">
    </trkpt>
    <trkpt lat="40.681711061349603" lon="-8.488435845335941">
    </trkpt>
    <trkpt lat="40.680417153492698" lon="-8.489185844356911">
    </trkpt>
    <trkpt lat="40.679852976528899" lon="-8.48938164067218">
    </trkpt>
    <trkpt lat="40.6797482135132" lon="-8.489348491554891">
    </trkpt>
    <trkpt lat="40.679676129266397" lon="-8.48916777215304">
    </trkpt>
    <trkpt lat="40.679438778452699" lon="-8.48901599116334">
    </trkpt>
    <trkpt lat="40.678706047487402" lon="-8.489005468949941">
    </trkpt>
    <trkpt lat="40.678101065613099" lon="-8.48909577342785">
    </trkpt>
    <trkpt lat="40.676784694397703" lon="-8.48880982128038">
    </trkpt>
    <trkpt lat="40.6759484888793" lon="-8.48822395025339">
    </trkpt>
    <trkpt lat="40.675340463650699" lon="-8.488083284369861">
    </trkpt>
    <trkpt lat="40.6748923030529" lon="-8.48780160585134">
    </trkpt>
    <trkpt lat="40.674639997372203" lon="-8.48752364629707">
    </trkpt>
    <trkpt lat="40.674243564764303" lon="-8.486904070049031">
    </trkpt>
    <trkpt lat="40.674102504932002" lon="-8.48649225666092">
    </trkpt>
    <trkpt lat="40.673810077886998" lon="-8.48538334832325">
    </trkpt>
    <trkpt lat="40.673956209757598" lon="-8.48436677125458">
    </trkpt>
    <trkpt lat="40.673783746620202" lon="-8.48425432637673">
    </trkpt>
    <trkpt lat="40.673466154505299" lon="-8.484282113376089">
    </trkpt>
    <trkpt lat="40.673125125001697" lon="-8.484414333401419">
    </trkpt>
    <trkpt lat="40.672941187325797" lon="-8.48447268088554">
    </trkpt>
    <trkpt lat="40.672636779953997" lon="-8.484407608799261">
    </trkpt>
    <trkpt lat="40.671769570389998" lon="-8.484377418023421">
    </trkpt>
    <trkpt lat="40.671188446397899" lon="-8.48430452939253">
    </trkpt>
    <trkpt lat="40.670692190793602" lon="-8.48415874759328">
    </trkpt>
    <trkpt lat="40.670045767947002" lon="-8.48400001436065">
    </trkpt>
    <trkpt lat="40.669980124289403" lon="-8.483880801798939">
    </trkpt>
    <trkpt lat="40.668602501219098" lon="-8.483479373205579">
    </trkpt>
    <trkpt lat="40.668450461470101" lon="-8.483374213295029">
    </trkpt>
    <trkpt lat="40.668150711883797" lon="-8.483075041044771">
    </trkpt>
    <trkpt lat="40.6680216458453" lon="-8.482943062646919">
    </trkpt>
    <trkpt lat="40.665665979733099" lon="-8.48036669119147">
    </trkpt>
    <trkpt lat="40.665293877469701" lon="-8.480095253195691">
    </trkpt>
    <trkpt lat="40.664315380838197" lon="-8.479189932437279">
    </trkpt>
    <trkpt lat="40.663743409323601" lon="-8.478713793288">
    </trkpt>
    <trkpt lat="40.662567200640403" lon="-8.47810122241699">
    </trkpt>
    <trkpt lat="40.661576655773601" lon="-8.476938320406109">
    </trkpt>
    <trkpt lat="40.6612978716119" lon="-8.476711799823789">
    </trkpt>
    <trkpt lat="40.660947597447702" lon="-8.47660440348232">
    </trkpt>
    <trkpt lat="40.660914431907202" lon="-8.476492110958681">
    </trkpt>
    <trkpt lat="40.660808144890197" lon="-8.47650253936278">
    </trkpt>
    <trkpt lat="40.660390124385202" lon="-8.47612827269106">
    </trkpt>
    <trkpt lat="40.660083159349199" lon="-8.47575269102013">
    </trkpt>
    <trkpt lat="40.659789453597298" lon="-8.47522802703204">
    </trkpt>
    <trkpt lat="40.659600727312103" lon="-8.47479901581109">
    </trkpt>
    <trkpt lat="40.659483030052598" lon="-8.47439049106751">
    </trkpt>
    <trkpt lat="40.659248309773801" lon="-8.473968421155121">
    </trkpt>
    <trkpt lat="40.658560534557601" lon="-8.473352067797149">
    </trkpt>
    <trkpt lat="40.657214118499702" lon="-8.472298939603659">
    </trkpt>
    <trkpt lat="40.657225438449402" lon="-8.472124857774361">
    </trkpt>
    <trkpt lat="40.6571738514929" lon="-8.4720932079214">
    </trkpt>
    <trkpt lat="40.657010709717802" lon="-8.47215137135907">
    </trkpt>
    <trkpt lat="40.6545256870073" lon="-8.47004985238066">
    </trkpt>
    <trkpt lat="40.654478458635701" lon="-8.46992930992525">
    </trkpt>
    <trkpt lat="40.654411890477803" lon="-8.469810780983471">
    </trkpt>
    <trkpt lat="40.654317245966297" lon="-8.469838621570711">
    </trkpt>
    <trkpt lat="40.653970485000499" lon="-8.469509842573681">
    </trkpt>
    <trkpt lat="40.653982641666097" lon="-8.469431180025779">
    </trkpt>
    <trkpt lat="40.653894935246598" lon="-8.46932758332983">
    </trkpt>
    <trkpt lat="40.653848299943199" lon="-8.469410451488081">
    </trkpt>
    <trkpt lat="40.652855448241702" lon="-8.46875652600591">
    </trkpt>
    <trkpt lat="40.652626305526603" lon="-8.46844612187304">
    </trkpt>
    <trkpt lat="40.652011786966902" lon="-8.467932514889499">
    </trkpt>
    <trkpt lat="40.651387595888899" lon="-8.46751715675936">
    </trkpt>
    <trkpt lat="40.650521163091497" lon="-8.4669157306103">
    </trkpt>
    <trkpt lat="40.649545983765101" lon="-8.466665097487571">
    </trkpt>
    <trkpt lat="40.649178006048601" lon="-8.466681326548279">
    </trkpt>
    <trkpt lat="40.648883655642102" lon="-8.46687097200935">
    </trkpt>
    <trkpt lat="40.647938546573599" lon="-8.4677195504189">
    </trkpt>
    <trkpt lat="40.647775721955398" lon="-8.46812063436081">
    </trkpt>
    <trkpt lat="40.647361178070398" lon="-8.467799049881259">
    </trkpt>
    <trkpt lat="40.647110549835098" lon="-8.467461201315199">
    </trkpt>
    <trkpt lat="40.646882699066602" lon="-8.46714207361884">
    </trkpt>
    <trkpt lat="40.6467983538274" lon="-8.46668712358518">
    </trkpt>
    <trkpt lat="40.646820769009999" lon="-8.46640754489615">
    </trkpt>
    <trkpt lat="40.646772631741001" lon="-8.46631562267291">
    </trkpt>
    <trkpt lat="40.646587624282901" lon="-8.46630901633176">
    </trkpt>
    <trkpt lat="40.646587219351296" lon="-8.466119816813441">
    </trkpt>
    <trkpt lat="40.646320897806802" lon="-8.46591605047335">
    </trkpt>
    <trkpt lat="40.646149097600798" lon="-8.46593233969827">
    </trkpt>
    <trkpt lat="40.645731764869602" lon="-8.466059946516109">
    </trkpt>
    <trkpt lat="40.644027079823701" lon="-8.466717014811209">
    </trkpt>
    <trkpt lat="40.642037632561603" lon="-8.46773501768287">
    </trkpt>
    <trkpt lat="40.639987436063699" lon="-8.4688016437683">
    </trkpt>
    <trkpt lat="40.637221261556903" lon="-8.470233793756821">
    </trkpt>
    <trkpt lat="40.636925348467798" lon="-8.470424051735939">
    </trkpt>
    <trkpt lat="40.636867549425801" lon="-8.47061060698142">
    </trkpt>
    <trkpt lat="40.636883829387102" lon="-8.47080118323494">
    </trkpt>
    <trkpt lat="40.636979830614202" lon="-8.470828553389319">
    </trkpt>
    <trkpt lat="40.637139817742799" lon="-8.47093296841425">
    </trkpt>
    <trkpt lat="40.637076082216304" lon="-8.47105645037646">
    </trkpt>
    <trkpt lat="40.636899915999003" lon="-8.47101319835429">
    </trkpt>
    <trkpt lat="40.636649711401901" lon="-8.47115372499996">
    </trkpt>
    <trkpt lat="40.636437551933902" lon="-8.47112818373094">
    </trkpt>
    <trkpt lat="40.6363408206822" lon="-8.471008163403241">
    </trkpt>
    <trkpt lat="40.634590023837099" lon="-8.470766908341661">
    </trkpt>
    <trkpt lat="40.634473083612797" lon="-8.47088254512791">
    </trkpt>
    <trkpt lat="40.634287854578602" lon="-8.47105742344082">
    </trkpt>
    <trkpt lat="40.633964326600797" lon="-8.47077506407985">
    </trkpt>
    <trkpt lat="40.633880838187601" lon="-8.47059411378649">
    </trkpt>
    <trkpt lat="40.633988240645003" lon="-8.47007945429902">
    </trkpt>
    <trkpt lat="40.6339212451729" lon="-8.469879165796369">
    </trkpt>
    <trkpt lat="40.633412258266901" lon="-8.46952158912422">
    </trkpt>
    <trkpt lat="40.6331965093054" lon="-8.46949848357808">
    </trkpt>
    <trkpt lat="40.632926307951401" lon="-8.4692757372888">
    </trkpt>
    <trkpt lat="40.632390950692297" lon="-8.46883700740316">
    </trkpt>
    <trkpt lat="40.631837818825502" lon="-8.46840171868984">
    </trkpt>
    <trkpt lat="40.631579223049997" lon="-8.468487775147119">
    </trkpt>
    <trkpt lat="40.631298615967403" lon="-8.468553940893919">
    </trkpt>
    <trkpt lat="40.630918540661298" lon="-8.468614566311279">
    </trkpt>
    <trkpt lat="40.630825942937797" lon="-8.46875036461576">
    </trkpt>
    <trkpt lat="40.627930705684697" lon="-8.464585895228311">
    </trkpt>
    <trkpt lat="40.627879771611603" lon="-8.4641475339828">
    </trkpt>
    <trkpt lat="40.627379461033598" lon="-8.46322827779337">
    </trkpt>
    <trkpt lat="40.6271878943462" lon="-8.4630080568551">
    </trkpt>
    <trkpt lat="40.626254409275703" lon="-8.46212655393056">
    </trkpt>
    <trkpt lat="40.625963499537399" lon="-8.461824093405671">
    </trkpt>
    <trkpt lat="40.6255939459896" lon="-8.46167779350372">
    </trkpt>
    <trkpt lat="40.624656805116103" lon="-8.461331551867509">
    </trkpt>
    <trkpt lat="40.624197648954201" lon="-8.46126039598307">
    </trkpt>
    <trkpt lat="40.6237592897333" lon="-8.46128488007494">
    </trkpt>
    <trkpt lat="40.623228944948501" lon="-8.461324780906549">
    </trkpt>
    <trkpt lat="40.622760732654399" lon="-8.461380235012349">
    </trkpt>
    <trkpt lat="40.621418919929503" lon="-8.461521181611939">
    </trkpt>
    <trkpt lat="40.621341683820098" lon="-8.461358955750789">
    </trkpt>
    <trkpt lat="40.621202014327103" lon="-8.461522852851401">
    </trkpt>
    <trkpt lat="40.6209977090124" lon="-8.461583177240509">
    </trkpt>
    <trkpt lat="40.620398102302303" lon="-8.461595163666409">
    </trkpt>
    <trkpt lat="40.620055782248599" lon="-8.46161702316191">
    </trkpt>
    <trkpt lat="40.619824746802301" lon="-8.461763611311049">
    </trkpt>
    <trkpt lat="40.619171978709801" lon="-8.46184395697512">
    </trkpt>
    <trkpt lat="40.6185736534201" lon="-8.461902519867159">
    </trkpt>
    <trkpt lat="40.618454779919396" lon="-8.461795033167959">
    </trkpt>
    <trkpt lat="40.618303364309" lon="-8.46190359797717">
    </trkpt>
    <trkpt lat="40.617387465701903" lon="-8.46199028059503">
    </trkpt>
    <trkpt lat="40.617323536566801" lon="-8.46191029258911">
    </trkpt>
    <trkpt lat="40.6172742385221" lon="-8.46201900688196">
    </trkpt>
    <trkpt lat="40.616361268140302" lon="-8.46211588116088">
    </trkpt>
    <trkpt lat="40.616332288466197" lon="-8.462024130354839">
    </trkpt>
    <trkpt lat="40.616212916552001" lon="-8.46217353193704">
    </trkpt>
    <trkpt lat="40.614818815396497" lon="-8.46227178627368">
    </trkpt>
    <trkpt lat="40.6141145251515" lon="-8.462081084849549">
    </trkpt>
    <trkpt lat="40.613652175109998" lon="-8.462085114171069">
    </trkpt>
    <trkpt lat="40.613629997278501" lon="-8.462238068010089">
    </trkpt>
    <trkpt lat="40.6121981169835" lon="-8.462184119726899">
    </trkpt>
    <trkpt lat="40.610860567117001" lon="-8.462341295735291">
    </trkpt>
    <trkpt lat="40.610713174646698" lon="-8.46255703181521">
    </trkpt>
    <trkpt lat="40.610629862558298" lon="-8.462546164457139">
    </trkpt>
    <trkpt lat="40.610663458927299" lon="-8.462388529173451">
    </trkpt>
    <trkpt lat="40.610513740246397" lon="-8.462329452679191">
    </trkpt>
    <trkpt lat="40.609697689483397" lon="-8.462287220173939">
    </trkpt>
    <trkpt lat="40.608765208260202" lon="-8.46220596685842">
    </trkpt>
    <trkpt lat="40.608479575526502" lon="-8.46218852661643">
    </trkpt>
    <trkpt lat="40.608414040763599" lon="-8.462405991320519">
    </trkpt>
    <trkpt lat="40.608334562561602" lon="-8.462404288084031">
    </trkpt>
    <trkpt lat="40.608186792942597" lon="-8.46215983383331">
    </trkpt>
    <trkpt lat="40.6048537704133" lon="-8.46188665869091">
    </trkpt>
    <trkpt lat="40.6047744656017" lon="-8.461962153176421">
    </trkpt>
    <trkpt lat="40.604616850827099" lon="-8.461794352073341">
    </trkpt>
    <trkpt lat="40.603980545691101" lon="-8.461717957940509">
    </trkpt>
    <trkpt lat="40.603929445240603" lon="-8.461834443133471">
    </trkpt>
    <trkpt lat="40.6038182854357" lon="-8.4616781967195">
    </trkpt>
    <trkpt lat="40.602366293191103" lon="-8.461420106950349">
    </trkpt>
    <trkpt lat="40.602312874083403" lon="-8.461461224106049">
    </trkpt>
    <trkpt lat="40.6015612032704" lon="-8.46169034956897">
    </trkpt>
    <trkpt lat="40.6011563725447" lon="-8.462265907207071">
    </trkpt>
    <trkpt lat="40.6010002335914" lon="-8.462156671772091">
    </trkpt>
    <trkpt lat="40.6008993735636" lon="-8.462291500035221">
    </trkpt>
    <trkpt lat="40.600197334377398" lon="-8.46168251625309">
    </trkpt>
    <trkpt lat="40.600050686106101" lon="-8.461825752491031">
    </trkpt>
    <trkpt lat="40.599992317255101" lon="-8.46176942070708">
    </trkpt>
    <trkpt lat="40.599579541676903" lon="-8.46205041267225">
    </trkpt>
    <trkpt lat="40.598629359259" lon="-8.462169263968001">
    </trkpt>
    <trkpt lat="40.596874041242202" lon="-8.462114162697929">
    </trkpt>
    <trkpt lat="40.596331248155103" lon="-8.461505915713721">
    </trkpt>
    <trkpt lat="40.595786953920403" lon="-8.46113914485497">
    </trkpt>
    <trkpt lat="40.595268546070301" lon="-8.461119089440709">
    </trkpt>
    <trkpt lat="40.594768622659103" lon="-8.46116321649874">
    </trkpt>
    <trkpt lat="40.594388072083198" lon="-8.46119200343353">
    </trkpt>
    <trkpt lat="40.594301156652598" lon="-8.46105473890916">
    </trkpt>
    <trkpt lat="40.594244940666599" lon="-8.460861062669879">
    </trkpt>
    <trkpt lat="40.594152537059699" lon="-8.460893732736871">
    </trkpt>
    <trkpt lat="40.594057021511503" lon="-8.4611451265176">
    </trkpt>
    <trkpt lat="40.593665026845997" lon="-8.46120627673919">
    </trkpt>
    <trkpt lat="40.591805972869899" lon="-8.461279211050909">
    </trkpt>
    <trkpt lat="40.591285473451499" lon="-8.46100858472645">
    </trkpt>
    <trkpt lat="40.590829553296402" lon="-8.4605087720011">
    </trkpt>
    <trkpt lat="40.590196320978798" lon="-8.45968815731859">
    </trkpt>
    <trkpt lat="40.590138940286501" lon="-8.45951409490957">
    </trkpt>
    <trkpt lat="40.590073050598598" lon="-8.459509459026471">
    </trkpt>
    <trkpt lat="40.5899907499223" lon="-8.45952344758923">
    </trkpt>
    <trkpt lat="40.589732956021997" lon="-8.45924109320244">
    </trkpt>
    <trkpt lat="40.588967132326701" lon="-8.45898032694126">
    </trkpt>
    <trkpt lat="40.587955557664998" lon="-8.458673368490119">
    </trkpt>
    <trkpt lat="40.587827485924798" lon="-8.4586246452574">
    </trkpt>
    <trkpt lat="40.585042589268099" lon="-8.457900755125619">
    </trkpt>
    <trkpt lat="40.582580175520199" lon="-8.45614865614294">
    </trkpt>
    <trkpt lat="40.581283296858103" lon="-8.454911063023269">
    </trkpt>
    <trkpt lat="40.580974728518498" lon="-8.454683083385261">
    </trkpt>
    <trkpt lat="40.58070694245" lon="-8.454705434529661">
    </trkpt>
    <trkpt lat="40.580533530548799" lon="-8.45479785479665">
    </trkpt>
    <trkpt lat="40.580446775590403" lon="-8.45495683578841">
    </trkpt>
    <trkpt lat="40.580397107176204" lon="-8.45531161142574">
    </trkpt>
    <trkpt lat="40.580347706567402" lon="-8.455714838171451">
    </trkpt>
    <trkpt lat="40.580194685248102" lon="-8.45576955807028">
    </trkpt>
    <trkpt lat="40.579984713869898" lon="-8.45571639831341">
    </trkpt>
    <trkpt lat="40.579847278419997" lon="-8.455617873519079">
    </trkpt>
    <trkpt lat="40.579550780358701" lon="-8.45534410490939">
    </trkpt>
    <trkpt lat="40.5794120598433" lon="-8.4551247491315">
    </trkpt>
    <trkpt lat="40.579309558433799" lon="-8.4547733197801">
    </trkpt>
    <trkpt lat="40.579080368446903" lon="-8.45428316991145">
    </trkpt>
    <trkpt lat="40.578929964220798" lon="-8.45400348644614">
    </trkpt>
    <trkpt lat="40.578497243993702" lon="-8.45363285329057">
    </trkpt>
    <trkpt lat="40.578396692326699" lon="-8.453504824226441">
    </trkpt>
    <trkpt lat="40.578325127033203" lon="-8.453394731469601">
    </trkpt>
    <trkpt lat="40.578279193586098" lon="-8.453470823665629">
    </trkpt>
    <trkpt lat="40.578206384760598" lon="-8.453635472607809">
    </trkpt>
    <trkpt lat="40.577979974746199" lon="-8.4535062181203">
    </trkpt>
    <trkpt lat="40.577620545432701" lon="-8.4530507237228">
    </trkpt>
    <trkpt lat="40.577308977976202" lon="-8.45282778258408">
    </trkpt>
    <trkpt lat="40.5771530358261" lon="-8.45265092057593">
    </trkpt>
    <trkpt lat="40.5771394314785" lon="-8.452448568846251">
    </trkpt>
    <trkpt lat="40.577083668491902" lon="-8.4524215928415">
    </trkpt>
    <trkpt lat="40.577228274911" lon="-8.45120429842312">
    </trkpt>
    <trkpt lat="40.577413111208799" lon="-8.450953190310591">
    </trkpt>
    <trkpt lat="40.577566986148099" lon="-8.450899957502751">
    </trkpt>
    <trkpt lat="40.577954415160796" lon="-8.450991623135559">
    </trkpt>
    <trkpt lat="40.578154180256703" lon="-8.451066665245531">
    </trkpt>
    <trkpt lat="40.578319636707398" lon="-8.45059836334625">
    </trkpt>
    <trkpt lat="40.578324095123499" lon="-8.450458585920201">
    </trkpt>
    <trkpt lat="40.577525630126402" lon="-8.449918573612949">
    </trkpt>
    <trkpt lat="40.576331914520601" lon="-8.449164548490829">
    </trkpt>
    <trkpt lat="40.576240037698803" lon="-8.449234429344431">
    </trkpt>
    <trkpt lat="40.576167511415797" lon="-8.449206937550469">
    </trkpt>
    <trkpt lat="40.576165830155503" lon="-8.449033861605489">
    </trkpt>
    <trkpt lat="40.575012498407901" lon="-8.44826846429546">
    </trkpt>
    <trkpt lat="40.574785664901803" lon="-8.448169200310931">
    </trkpt>
    <trkpt lat="40.574469500248398" lon="-8.44809250926056">
    </trkpt>
    <trkpt lat="40.574341859345097" lon="-8.448238659676541">
    </trkpt>
    <trkpt lat="40.574247524591797" lon="-8.448155642964361">
    </trkpt>
    <trkpt lat="40.574243978441302" lon="-8.448090170107131">
    </trkpt>
    <trkpt lat="40.574001157977698" lon="-8.44810106399358">
    </trkpt>
    <trkpt lat="40.573209697399399" lon="-8.448226532336969">
    </trkpt>
    <trkpt lat="40.572893543742303" lon="-8.448231165575679">
    </trkpt>
    <trkpt lat="40.572452750112397" lon="-8.4480863633956">
    </trkpt>
    <trkpt lat="40.572132421405698" lon="-8.4479389380445">
    </trkpt>
    <trkpt lat="40.572001480103403" lon="-8.448083885215601">
    </trkpt>
    <trkpt lat="40.571834222221803" lon="-8.447967812957261">
    </trkpt>
    <trkpt lat="40.570821865421401" lon="-8.44856320520803">
    </trkpt>
    <trkpt lat="40.570691355933903" lon="-8.44853600032075">
    </trkpt>
    <trkpt lat="40.570713567326301" lon="-8.448405739327359">
    </trkpt>
    <trkpt lat="40.570539770779398" lon="-8.448090249178509">
    </trkpt>
    <trkpt lat="40.570336823971097" lon="-8.44796846338973">
    </trkpt>
    <trkpt lat="40.570000061761803" lon="-8.44784971938825">
    </trkpt>
    <trkpt lat="40.569820795602297" lon="-8.44777720757649">
    </trkpt>
    <trkpt lat="40.568189161482998" lon="-8.44736528357712">
    </trkpt>
    <trkpt lat="40.567313251945102" lon="-8.44714141864586">
    </trkpt>
    <trkpt lat="40.566888554059602" lon="-8.44711280372897">
    </trkpt>
    <trkpt lat="40.566559692129999" lon="-8.447121493084239">
    </trkpt>
    <trkpt lat="40.5661352303634" lon="-8.44692387294946">
    </trkpt>
    <trkpt lat="40.565873767948602" lon="-8.446687018080461">
    </trkpt>
    <trkpt lat="40.5657970931737" lon="-8.44647994996695">
    </trkpt>
    <trkpt lat="40.565706868153299" lon="-8.446546695142731">
    </trkpt>
    <trkpt lat="40.565700157074303" lon="-8.44666255761514">
    </trkpt>
    <trkpt lat="40.565552653303897" lon="-8.44669595563683">
    </trkpt>
    <trkpt lat="40.565143287872601" lon="-8.44637701163821">
    </trkpt>
    <trkpt lat="40.564660567584298" lon="-8.446268619740261">
    </trkpt>
    <trkpt lat="40.564268806058699" lon="-8.446043521660711">
    </trkpt>
    <trkpt lat="40.563805985414803" lon="-8.445599942088631">
    </trkpt>
    <trkpt lat="40.563610004301403" lon="-8.445502870906511">
    </trkpt>
    <trkpt lat="40.563404824398702" lon="-8.44557442979149">
    </trkpt>
    <trkpt lat="40.562758949806998" lon="-8.44476683067705">
    </trkpt>
    <trkpt lat="40.5627014563484" lon="-8.44464448901639">
    </trkpt>
    <trkpt lat="40.562587308192299" lon="-8.444583124029529">
    </trkpt>
    <trkpt lat="40.561948079724999" lon="-8.44375033734072">
    </trkpt>
    <trkpt lat="40.561986678474597" lon="-8.44361122771673">
    </trkpt>
    <trkpt lat="40.561886114553602" lon="-8.44350342842921">
    </trkpt>
    <trkpt lat="40.561816735062401" lon="-8.443551883266499">
    </trkpt>
    <trkpt lat="40.561683110747602" lon="-8.443409746677739">
    </trkpt>
    <trkpt lat="40.5615920582878" lon="-8.443456021665019">
    </trkpt>
    <trkpt lat="40.560903149766702" lon="-8.442479831734561">
    </trkpt>
    <trkpt lat="40.560495788597898" lon="-8.441661760315959">
    </trkpt>
    <trkpt lat="40.560275402601903" lon="-8.441621541590051">
    </trkpt>
    <trkpt lat="40.559730114557397" lon="-8.441618701644719">
    </trkpt>
    <trkpt lat="40.559032906167303" lon="-8.44130952085157">
    </trkpt>
    <trkpt lat="40.5586652580755" lon="-8.441075739570451">
    </trkpt>
    <trkpt lat="40.558551533616999" lon="-8.44115967140838">
    </trkpt>
    <trkpt lat="40.558492439056401" lon="-8.44106037445224">
    </trkpt>
    <trkpt lat="40.558149505681399" lon="-8.44097384323341">
    </trkpt>
    <trkpt lat="40.557779547200902" lon="-8.441278934430359">
    </trkpt>
    <trkpt lat="40.557383493204497" lon="-8.44141340216073">
    </trkpt>
    <trkpt lat="40.556873938500203" lon="-8.44142017689288">
    </trkpt>
    <trkpt lat="40.5564425169689" lon="-8.44162735683533">
    </trkpt>
    <trkpt lat="40.555958849682199" lon="-8.442047189943199">
    </trkpt>
    <trkpt lat="40.555441039442698" lon="-8.442383882693671">
    </trkpt>
    <trkpt lat="40.554966895646501" lon="-8.442604080873661">
    </trkpt>
    <trkpt lat="40.554376356405101" lon="-8.44282989572871">
    </trkpt>
    <trkpt lat="40.553831355917602" lon="-8.44316608373931">
    </trkpt>
    <trkpt lat="40.553635402153397" lon="-8.44324432405109">
    </trkpt>
    <trkpt lat="40.552577368796001" lon="-8.443373674371349">
    </trkpt>
    <trkpt lat="40.552023998181198" lon="-8.44466693434631">
    </trkpt>
    <trkpt lat="40.552209628647603" lon="-8.445146028924141">
    </trkpt>
    <trkpt lat="40.551899349856001" lon="-8.445434024727991">
    </trkpt>
    <trkpt lat="40.551824556532502" lon="-8.4457437641345">
    </trkpt>
    <trkpt lat="40.551872906681801" lon="-8.44586197057555">
    </trkpt>
    <trkpt lat="40.551773453609698" lon="-8.445985373276709">
    </trkpt>
    <trkpt lat="40.551465675914301" lon="-8.447309418586441">
    </trkpt>
    <trkpt lat="40.551099833533797" lon="-8.45102425262805">
    </trkpt>
    <trkpt lat="40.550982435771999" lon="-8.45100408474128">
    </trkpt>
    <trkpt lat="40.550931849645501" lon="-8.45130486983456">
    </trkpt>
    <trkpt lat="40.550865378101797" lon="-8.451229323795561">
    </trkpt>
    <trkpt lat="40.550743503138101" lon="-8.45120780085446">
    </trkpt>
    <trkpt lat="40.550762333530997" lon="-8.45146414602099">
    </trkpt>
    <trkpt lat="40.550740604769203" lon="-8.45164539530688">
    </trkpt>
    <trkpt lat="40.550490569798001" lon="-8.45178457753422">
    </trkpt>
    <trkpt lat="40.5491853056906" lon="-8.45222902285709">
    </trkpt>
    <trkpt lat="40.549066658046101" lon="-8.45214073872881">
    </trkpt>
    <trkpt lat="40.548997285094501" lon="-8.452152631520271">
    </trkpt>
    <trkpt lat="40.549036056046397" lon="-8.45225847912203">
    </trkpt>
    <trkpt lat="40.547633183692099" lon="-8.452680284899211">
    </trkpt>
    <trkpt lat="40.546035734707303" lon="-8.453159979992019">
    </trkpt>
    <trkpt lat="40.545964410445599" lon="-8.45356330397513">
    </trkpt>
    <trkpt lat="40.545884058314201" lon="-8.453779146249699">
    </trkpt>
    <trkpt lat="40.545554473969702" lon="-8.453618696299049">
    </trkpt>
    <trkpt lat="40.544832495839401" lon="-8.45353598575619">
    </trkpt>
    <trkpt lat="40.5437415539539" lon="-8.45377492488546">
    </trkpt>
    <trkpt lat="40.5436709443251" lon="-8.453655797376531">
    </trkpt>
    <trkpt lat="40.543602522656002" lon="-8.45369257652877">
    </trkpt>
    <trkpt lat="40.543508045323698" lon="-8.45385159522537">
    </trkpt>
    <trkpt lat="40.538532810905501" lon="-8.455199002285561">
    </trkpt>
    <trkpt lat="40.538116517492099" lon="-8.45526750512551">
    </trkpt>
    <trkpt lat="40.5367141832931" lon="-8.455184504150621">
    </trkpt>
    <trkpt lat="40.536629008922901" lon="-8.455057887653689">
    </trkpt>
    <trkpt lat="40.536628198504502" lon="-8.454931434229019">
    </trkpt>
    <trkpt lat="40.536537016849799" lon="-8.45493064991884">
    </trkpt>
    <trkpt lat="40.536459087290602" lon="-8.455135630455519">
    </trkpt>
    <trkpt lat="40.536240660426898" lon="-8.45518953315826">
    </trkpt>
    <trkpt lat="40.535629829260699" lon="-8.45528282077624">
    </trkpt>
    <trkpt lat="40.535317176160603" lon="-8.455314212385391">
    </trkpt>
    <trkpt lat="40.534683526638098" lon="-8.4550996505687">
    </trkpt>
    <trkpt lat="40.534373942920901" lon="-8.454824541801351">
    </trkpt>
    <trkpt lat="40.534227995424096" lon="-8.45458526150154">
    </trkpt>
    <trkpt lat="40.534124747588102" lon="-8.45458764009128">
    </trkpt>
    <trkpt lat="40.533465393938897" lon="-8.453929046377709">
    </trkpt>
    <trkpt lat="40.532249194780498" lon="-8.452832783206009">
    </trkpt>
    <trkpt lat="40.531352954202703" lon="-8.452411288779819">
    </trkpt>
    <trkpt lat="40.530601246950802" lon="-8.45214211754775">
    </trkpt>
    <trkpt lat="40.530084079510999" lon="-8.451891305238011">
    </trkpt>
    <trkpt lat="40.529934719352902" lon="-8.45173227720516">
    </trkpt>
    <trkpt lat="40.529746246702302" lon="-8.45140799084079">
    </trkpt>
    <trkpt lat="40.529654136329498" lon="-8.45139115672696">
    </trkpt>
    <trkpt lat="40.529134589316897" lon="-8.4557816488434">
    </trkpt>
    <trkpt lat="40.529074311450699" lon="-8.456323454312519">
    </trkpt>
    <trkpt lat="40.528900821565102" lon="-8.45634380152223">
    </trkpt>
    <trkpt lat="40.527481764074999" lon="-8.456408105644771">
    </trkpt>
    <trkpt lat="40.527123947373902" lon="-8.456413487949851">
    </trkpt>
    <trkpt lat="40.526333918034602" lon="-8.45645380383697">
    </trkpt>
    <trkpt lat="40.5256349948015" lon="-8.456673535261819">
    </trkpt>
    <trkpt lat="40.525129345848697" lon="-8.456817856175411">
    </trkpt>
    <trkpt lat="40.524329956353199" lon="-8.45690839020684">
    </trkpt>
    <trkpt lat="40.5239923970544" lon="-8.456833842439179">
    </trkpt>
    <trkpt lat="40.523415222482299" lon="-8.45666256575592">
    </trkpt>
    <trkpt lat="40.522969180223001" lon="-8.4566009354567">
    </trkpt>
    <trkpt lat="40.522611928588198" lon="-8.45660864989742">
    </trkpt>
    <trkpt lat="40.521466794457801" lon="-8.45649870170406">
    </trkpt>
    <trkpt lat="40.520909785090801" lon="-8.456666615757239">
    </trkpt>
    <trkpt lat="40.520291790897197" lon="-8.45697985827122">
    </trkpt>
    <trkpt lat="40.519919359668698" lon="-8.45698349179149">
    </trkpt>
    <trkpt lat="40.519379301066401" lon="-8.456896397785741">
    </trkpt>
    <trkpt lat="40.519063044719502" lon="-8.456336889706609">
    </trkpt>
    <trkpt lat="40.518686787023199" lon="-8.455747506237479">
    </trkpt>
    <trkpt lat="40.517950621475499" lon="-8.455468029714449">
    </trkpt>
    <trkpt lat="40.517970736499599" lon="-8.45522294195313">
    </trkpt>
    <trkpt lat="40.517918318844103" lon="-8.455084641539139">
    </trkpt>
    <trkpt lat="40.5177574749436" lon="-8.45532108735582">
    </trkpt>
    <trkpt lat="40.517623586776303" lon="-8.455442542263301">
    </trkpt>
    <trkpt lat="40.517073255626102" lon="-8.455269283480421">
    </trkpt>
    <trkpt lat="40.515790625643803" lon="-8.45489159972853">
    </trkpt>
    <trkpt lat="40.515751430556499" lon="-8.454778396852911">
    </trkpt>
    <trkpt lat="40.515685153276401" lon="-8.454733029357429">
    </trkpt>
    <trkpt lat="40.5155965054999" lon="-8.454802437995459">
    </trkpt>
    <trkpt lat="40.515348224765603" lon="-8.45478709309914">
    </trkpt>
    <trkpt lat="40.5140355177329" lon="-8.45446749074536">
    </trkpt>
    <trkpt lat="40.513917943020601" lon="-8.454384298103649">
    </trkpt>
    <trkpt lat="40.513693544884298" lon="-8.45402879182507">
    </trkpt>
    <trkpt lat="40.513303074918099" lon="-8.45375860050552">
    </trkpt>
    <trkpt lat="40.513280082255498" lon="-8.453650392479281">
    </trkpt>
    <trkpt lat="40.5131839081698" lon="-8.453650708472439">
    </trkpt>
    <trkpt lat="40.513024942048901" lon="-8.45367530906665">
    </trkpt>
    <trkpt lat="40.512467726881802" lon="-8.45358437940031">
    </trkpt>
    <trkpt lat="40.512092627155802" lon="-8.45351413121548">
    </trkpt>
    <trkpt lat="40.512019653066197" lon="-8.45339710768412">
    </trkpt>
    <trkpt lat="40.511966684495697" lon="-8.453510677898709">
    </trkpt>
    <trkpt lat="40.511553268094801" lon="-8.453340332734751">
    </trkpt>
    <trkpt lat="40.5113667111087" lon="-8.45320628381654">
    </trkpt>
    <trkpt lat="40.5111062155569" lon="-8.453191177010771">
    </trkpt>
    <trkpt lat="40.510591502455398" lon="-8.453123720459301">
    </trkpt>
    <trkpt lat="40.510059007688803" lon="-8.45291378493831">
    </trkpt>
    <trkpt lat="40.509965825627901" lon="-8.452766447459039">
    </trkpt>
    <trkpt lat="40.509919483217303" lon="-8.452880480489499">
    </trkpt>
    <trkpt lat="40.509655074391901" lon="-8.452858187912">
    </trkpt>
    <trkpt lat="40.5093959393568" lon="-8.452825870610191">
    </trkpt>
    <trkpt lat="40.508846957205598" lon="-8.45322037619705">
    </trkpt>
    <trkpt lat="40.508024528264102" lon="-8.45349223765027">
    </trkpt>
    <trkpt lat="40.507469462164202" lon="-8.45358987593154">
    </trkpt>
    <trkpt lat="40.507216857356902" lon="-8.453490911412731">
    </trkpt>
    <trkpt lat="40.506885497549703" lon="-8.45324244678886">
    </trkpt>
    <trkpt lat="40.506790665908902" lon="-8.45313057809407">
    </trkpt>
    <trkpt lat="40.506729765471398" lon="-8.45304886807074">
    </trkpt>
    <trkpt lat="40.506661916200997" lon="-8.453127196361329">
    </trkpt>
    <trkpt lat="40.506300147438402" lon="-8.452814363659391">
    </trkpt>
    <trkpt lat="40.505724216263502" lon="-8.452738351151339">
    </trkpt>
    <trkpt lat="40.505663954297603" lon="-8.452631439929331">
    </trkpt>
    <trkpt lat="40.505617848859202" lon="-8.452728246237459">
    </trkpt>
    <trkpt lat="40.504945045964497" lon="-8.45270319184807">
    </trkpt>
    <trkpt lat="40.5048371814474" lon="-8.45260556176971">
    </trkpt>
    <trkpt lat="40.504757991924002" lon="-8.452694783235939">
    </trkpt>
    <trkpt lat="40.504040112681203" lon="-8.45273576978196">
    </trkpt>
    <trkpt lat="40.503928855617602" lon="-8.452770407204261">
    </trkpt>
    <trkpt lat="40.503351610649702" lon="-8.452935417696461">
    </trkpt>
    <trkpt lat="40.503224713344501" lon="-8.452834280699721">
    </trkpt>
    <trkpt lat="40.503174533625597" lon="-8.452926777997821">
    </trkpt>
    <trkpt lat="40.503152066236503" lon="-8.4530548400451">
    </trkpt>
    <trkpt lat="40.501097206656802" lon="-8.454632128069839">
    </trkpt>
    <trkpt lat="40.500275701898303" lon="-8.45560546284935">
    </trkpt>
    <trkpt lat="40.499725199924498" lon="-8.455809100803849">
    </trkpt>
    <trkpt lat="40.498661796418901" lon="-8.45506800060287">
    </trkpt>
    <trkpt lat="40.497742560673998" lon="-8.45443348253877">
    </trkpt>
    <trkpt lat="40.497051189337803" lon="-8.454160049521491">
    </trkpt>
    <trkpt lat="40.4965622314066" lon="-8.453956608052639">
    </trkpt>
    <trkpt lat="40.495254420465102" lon="-8.453768071134">
    </trkpt>
    <trkpt lat="40.494810986803003" lon="-8.454028956832101">
    </trkpt>
    <trkpt lat="40.494387730325698" lon="-8.454150456114419">
    </trkpt>
    <trkpt lat="40.494108512947101" lon="-8.45416378238091">
    </trkpt>
    <trkpt lat="40.493971849917301" lon="-8.45403705667472">
    </trkpt>
    <trkpt lat="40.493881521470499" lon="-8.454060593538239">
    </trkpt>
    <trkpt lat="40.493878801822497" lon="-8.454214231991511">
    </trkpt>
    <trkpt lat="40.492456681735398" lon="-8.454531089348">
    </trkpt>
    <trkpt lat="40.491292162087703" lon="-8.45483517754518">
    </trkpt>
    <trkpt lat="40.490754848472001" lon="-8.45498545177284">
    </trkpt>
    <trkpt lat="40.4905273365044" lon="-8.45502332422079">
    </trkpt>
    <trkpt lat="40.490425238596004" lon="-8.45497358017013">
    </trkpt>
    <trkpt lat="40.490385368564603" lon="-8.45511997619079">
    </trkpt>
    <trkpt lat="40.4886325350828" lon="-8.45557377176821">
    </trkpt>
    <trkpt lat="40.488175239032302" lon="-8.455487078789449">
    </trkpt>
    <trkpt lat="40.487476392439497" lon="-8.45524037820546">
    </trkpt>
    <trkpt lat="40.486530995018498" lon="-8.45498084016223">
    </trkpt>
    <trkpt lat="40.485954539071599" lon="-8.454772383651489">
    </trkpt>
    <trkpt lat="40.485588955568701" lon="-8.4545683967368">
    </trkpt>
    <trkpt lat="40.485164365865998" lon="-8.45432395838376">
    </trkpt>
    <trkpt lat="40.484819914433601" lon="-8.45407590097982">
    </trkpt>
    <trkpt lat="40.484786345252999" lon="-8.453964367244">
    </trkpt>
    <trkpt lat="40.4846262195869" lon="-8.4539841029606">
    </trkpt>
    <trkpt lat="40.484060617145303" lon="-8.45361300512335">
    </trkpt>
    <trkpt lat="40.483548020584998" lon="-8.453470535309171">
    </trkpt>
    <trkpt lat="40.481957977208502" lon="-8.45339511694019">
    </trkpt>
    <trkpt lat="40.480815426346197" lon="-8.45336392971358">
    </trkpt>
    <trkpt lat="40.480788380796" lon="-8.453502926408531">
    </trkpt>
    <trkpt lat="40.480293650043102" lon="-8.4534527151301">
    </trkpt>
    <trkpt lat="40.479120409587097" lon="-8.45367470640716">
    </trkpt>
    <trkpt lat="40.477723125282303" lon="-8.45385531288653">
    </trkpt>
    <trkpt lat="40.477021756908698" lon="-8.453868984692839">
    </trkpt>
    <trkpt lat="40.476016477572898" lon="-8.453854622517751">
    </trkpt>
    <trkpt lat="40.474435759730099" lon="-8.45397218000773">
    </trkpt>
    <trkpt lat="40.473312161370501" lon="-8.45416802291688">
    </trkpt>
    <trkpt lat="40.471000863438597" lon="-8.45453389255197">
    </trkpt>
    <trkpt lat="40.470156617918498" lon="-8.45464093734283">
    </trkpt>
    <trkpt lat="40.469516674677699" lon="-8.454804876118089">
    </trkpt>
    <trkpt lat="40.469580683325503" lon="-8.455506090846081">
    </trkpt>
    <trkpt lat="40.469534514733702" lon="-8.456164015168721">
    </trkpt>
    <trkpt lat="40.469467803408001" lon="-8.456415658913549">
    </trkpt>
    <trkpt lat="40.469565812118098" lon="-8.456936906129981">
    </trkpt>
    <trkpt lat="40.469365350762999" lon="-8.45713714419203">
    </trkpt>
    <trkpt lat="40.468885562231399" lon="-8.457234336880839">
    </trkpt>
    <trkpt lat="40.468541493567997" lon="-8.45719368014907">
    </trkpt>
    <trkpt lat="40.468276923316097" lon="-8.45709682127864">
    </trkpt>
    <trkpt lat="40.468054614663799" lon="-8.4569801197154">
    </trkpt>
    <trkpt lat="40.467910915420497" lon="-8.4570387810968">
    </trkpt>
    <trkpt lat="40.467855204767801" lon="-8.457168364155301">
    </trkpt>
    <trkpt lat="40.4677150524167" lon="-8.457411230768161">
    </trkpt>
    <trkpt lat="40.4674565522375" lon="-8.457709463035631">
    </trkpt>
    <trkpt lat="40.467291825906798" lon="-8.45784208570069">
    </trkpt>
    <trkpt lat="40.466939188195703" lon="-8.458031136357389">
    </trkpt>
    <trkpt lat="40.466703443517602" lon="-8.45817736806514">
    </trkpt>
    <trkpt lat="40.466428017220203" lon="-8.45841842441811">
    </trkpt>
    <trkpt lat="40.466102716694401" lon="-8.4587572397083">
    </trkpt>
    <trkpt lat="40.4658427407673" lon="-8.458963947057009">
    </trkpt>
    <trkpt lat="40.4655293536998" lon="-8.45941377387825">
    </trkpt>
    <trkpt lat="40.465232943460897" lon="-8.45961266152106">
    </trkpt>
    <trkpt lat="40.464952993384301" lon="-8.459788574938219">
    </trkpt>
    <trkpt lat="40.464628710170501" lon="-8.459840002022659">
    </trkpt>
    <trkpt lat="40.464103165399102" lon="-8.459879985674361">
    </trkpt>
    <trkpt lat="40.463906777189898" lon="-8.459942110812969">
    </trkpt>
    <trkpt lat="40.463722859532702" lon="-8.46023877807186">
    </trkpt>
    <trkpt lat="40.4633996101892" lon="-8.461138328689589">
    </trkpt>
    <trkpt lat="40.462983974157503" lon="-8.46192769536427">
    </trkpt>
    <trkpt lat="40.462464902833702" lon="-8.462039898279439">
    </trkpt>
    <trkpt lat="40.462088111118497" lon="-8.46186077642902">
    </trkpt>
    <trkpt lat="40.461811357878602" lon="-8.46177528606823">
    </trkpt>
    <trkpt lat="40.461638870050002" lon="-8.46158254449387">
    </trkpt>
    <trkpt lat="40.4611045228527" lon="-8.46085264771992">
    </trkpt>
    <trkpt lat="40.460608310833798" lon="-8.460626287061361">
    </trkpt>
    <trkpt lat="40.460274542290399" lon="-8.460531710664551">
    </trkpt>
    <trkpt lat="40.460141691723301" lon="-8.460381826465809">
    </trkpt>
    <trkpt lat="40.4600259214386" lon="-8.46026769346056">
    </trkpt>
    <trkpt lat="40.459909481699299" lon="-8.45973239364575">
    </trkpt>
    <trkpt lat="40.459753357685798" lon="-8.45953538790782">
    </trkpt>
    <trkpt lat="40.4595807703313" lon="-8.459369256159601">
    </trkpt>
    <trkpt lat="40.459193469905301" lon="-8.45915838291463">
    </trkpt>
    <trkpt lat="40.458855143892499" lon="-8.4590877595167">
    </trkpt>
    <trkpt lat="40.458353920414297" lon="-8.458999127249649">
    </trkpt>
    <trkpt lat="40.458022503522002" lon="-8.458751963093031">
    </trkpt>
    <trkpt lat="40.457838174556898" lon="-8.45852628552985">
    </trkpt>
    <trkpt lat="40.457421904989403" lon="-8.458006173600429">
    </trkpt>
    <trkpt lat="40.456880924607702" lon="-8.457817949368611">
    </trkpt>
    <trkpt lat="40.456462290942703" lon="-8.457588598579459">
    </trkpt>
    <trkpt lat="40.456259099083503" lon="-8.45729989646567">
    </trkpt>
    <trkpt lat="40.456125303615998" lon="-8.45722803891257">
    </trkpt>
    <trkpt lat="40.455850942901201" lon="-8.45737842603557">
    </trkpt>
    <trkpt lat="40.455126363861403" lon="-8.458485855372921">
    </trkpt>
    <trkpt lat="40.454760969940203" lon="-8.458923148528809">
    </trkpt>
    <trkpt lat="40.454571099799502" lon="-8.45889939216093">
    </trkpt>
    <trkpt lat="40.454283605627801" lon="-8.458782174068119">
    </trkpt>
    <trkpt lat="40.454188354089801" lon="-8.458558357633921">
    </trkpt>
    <trkpt lat="40.454045529801398" lon="-8.45841221554058">
    </trkpt>
    <trkpt lat="40.453810954906899" lon="-8.45822875947014">
    </trkpt>
    <trkpt lat="40.453609676928401" lon="-8.458257657244481">
    </trkpt>
    <trkpt lat="40.453017807931801" lon="-8.45857754050278">
    </trkpt>
    <trkpt lat="40.452552829148097" lon="-8.458892235115171">
    </trkpt>
    <trkpt lat="40.452373107648498" lon="-8.459071102151681">
    </trkpt>
    <trkpt lat="40.452373190652203" lon="-8.45950451860257">
    </trkpt>
    <trkpt lat="40.452250243355302" lon="-8.45958177834364">
    </trkpt>
    <trkpt lat="40.452232760406503" lon="-8.45914808448337">
    </trkpt>
    <trkpt lat="40.451947875106697" lon="-8.45910668799065">
    </trkpt>
    <trkpt lat="40.451574238985302" lon="-8.45886601627978">
    </trkpt>
    <trkpt lat="40.451257516596101" lon="-8.458442749258779">
    </trkpt>
    <trkpt lat="40.450775866394999" lon="-8.458144787207001">
    </trkpt>
    <trkpt lat="40.450280341852903" lon="-8.457701125013919">
    </trkpt>
    <trkpt lat="40.449982465521501" lon="-8.45727178813592">
    </trkpt>
    <trkpt lat="40.449365236575602" lon="-8.45630401178169">
    </trkpt>
    <trkpt lat="40.4491602029576" lon="-8.45591460489158">
    </trkpt>
    <trkpt lat="40.448685193154397" lon="-8.45486311782428">
    </trkpt>
    <trkpt lat="40.448468272909203" lon="-8.454812304974491">
    </trkpt>
    <trkpt lat="40.447974435496398" lon="-8.45454931726186">
    </trkpt>
    <trkpt lat="40.447448340738198" lon="-8.45437283841806">
    </trkpt>
    <trkpt lat="40.447315462675" lon="-8.45431918980174">
    </trkpt>
    <trkpt lat="40.447144850253203" lon="-8.454401978946059">
    </trkpt>
    <trkpt lat="40.446869412590097" lon="-8.4543288041975">
    </trkpt>
    <trkpt lat="40.4464291098692" lon="-8.454095293543419">
    </trkpt>
    <trkpt lat="40.446193801184599" lon="-8.45400478209495">
    </trkpt>
    <trkpt lat="40.446108302536899" lon="-8.45456272686174">
    </trkpt>
    <trkpt lat="40.444826473683797" lon="-8.45461481121681">
    </trkpt>
    <trkpt lat="40.444834519232202" lon="-8.454716024074891">
    </trkpt>
    <trkpt lat="40.444626617974201" lon="-8.45482515873589">
    </trkpt>
    <trkpt lat="40.444564261139497" lon="-8.45507474574452">
    </trkpt>
    <trkpt lat="40.444758178324399" lon="-8.457797354825789">
    </trkpt>
    <trkpt lat="40.444637493850799" lon="-8.457819786303981">
    </trkpt>
    <trkpt lat="40.444531957306097" lon="-8.457970359597169">
    </trkpt>
    <trkpt lat="40.444356175219497" lon="-8.457908778034071">
    </trkpt>
    <trkpt lat="40.444057212790803" lon="-8.457807452574469">
    </trkpt>
    <trkpt lat="40.443656771820599" lon="-8.45766897885084">
    </trkpt>
    <trkpt lat="40.442205388006201" lon="-8.45767535291524">
    </trkpt>
    <trkpt lat="40.441359907153497" lon="-8.458099747265599">
    </trkpt>
    <trkpt lat="40.440926180140899" lon="-8.45812772420436">
    </trkpt>
    <trkpt lat="40.440461948192699" lon="-8.45810144429055">
    </trkpt>
    <trkpt lat="40.440072875229802" lon="-8.458131981422209">
    </trkpt>
    <trkpt lat="40.439735908310503" lon="-8.45823351298951">
    </trkpt>
    <trkpt lat="40.439659289369899" lon="-8.458324295956521">
    </trkpt>
    <trkpt lat="40.439615349409301" lon="-8.458122127090199">
    </trkpt>
    <trkpt lat="40.4395414906786" lon="-8.45828140324727">
    </trkpt>
    <trkpt lat="40.439487847820402" lon="-8.458375582699119">
    </trkpt>
    <trkpt lat="40.439082525995403" lon="-8.458512361190101">
    </trkpt>
    <trkpt lat="40.439084184979798" lon="-8.45834636660039">
    </trkpt>
    <trkpt lat="40.439020265867299" lon="-8.458311312826771">
    </trkpt>
    <trkpt lat="40.438900416543902" lon="-8.45842200455675">
    </trkpt>
    <trkpt lat="40.438767367271502" lon="-8.45866201462173">
    </trkpt>
    <trkpt lat="40.438415011380002" lon="-8.45883667500007">
    </trkpt>
    <trkpt lat="40.438000389428503" lon="-8.458937912986199">
    </trkpt>
    <trkpt lat="40.437490350685103" lon="-8.458939055174611">
    </trkpt>
    <trkpt lat="40.437345102833298" lon="-8.45887954049241">
    </trkpt>
    <trkpt lat="40.437060629359102" lon="-8.459045351094421">
    </trkpt>
    <trkpt lat="40.436480549346598" lon="-8.459531035831249">
    </trkpt>
    <trkpt lat="40.435923304780097" lon="-8.45965575640558">
    </trkpt>
    <trkpt lat="40.435369417437698" lon="-8.459591299077861">
    </trkpt>
    <trkpt lat="40.434632404512399" lon="-8.459584675880841">
    </trkpt>
    <trkpt lat="40.434023550629902" lon="-8.459859219011619">
    </trkpt>
    <trkpt lat="40.433321991802302" lon="-8.460221317476581">
    </trkpt>
    <trkpt lat="40.432852964438403" lon="-8.460490310888231">
    </trkpt>
    <trkpt lat="40.432580572004397" lon="-8.460720046651719">
    </trkpt>
    <trkpt lat="40.432303936066702" lon="-8.46081289456165">
    </trkpt>
    <trkpt lat="40.4318297435156" lon="-8.460868182303861">
    </trkpt>
    <trkpt lat="40.431393042988297" lon="-8.460836080302149">
    </trkpt>
    <trkpt lat="40.4310520929319" lon="-8.460943149853771">
    </trkpt>
    <trkpt lat="40.430627034255103" lon="-8.461065977574959">
    </trkpt>
    <trkpt lat="40.429757482948403" lon="-8.46141265348499">
    </trkpt>
    <trkpt lat="40.429269269512403" lon="-8.461586726166979">
    </trkpt>
    <trkpt lat="40.428379604514603" lon="-8.462010967295679">
    </trkpt>
    <trkpt lat="40.427768768226898" lon="-8.462317004725429">
    </trkpt>
    <trkpt lat="40.427351576200302" lon="-8.462602758496541">
    </trkpt>
    <trkpt lat="40.426892365538897" lon="-8.46303895349425">
    </trkpt>
    <trkpt lat="40.425870622847398" lon="-8.46308093667858">
    </trkpt>
    <trkpt lat="40.425757377254698" lon="-8.462864192501851">
    </trkpt>
    <trkpt lat="40.4256051361997" lon="-8.462804573885499">
    </trkpt>
    <trkpt lat="40.425538532351098" lon="-8.462670457235021">
    </trkpt>
    <trkpt lat="40.425461407813899" lon="-8.46275651792959">
    </trkpt>
    <trkpt lat="40.425395734587298" lon="-8.462934177547609">
    </trkpt>
    <trkpt lat="40.425153956442799" lon="-8.46301403095922">
    </trkpt>
    <trkpt lat="40.424775258831303" lon="-8.463031173880101">
    </trkpt>
    <trkpt lat="40.4244278503609" lon="-8.463033840300399">
    </trkpt>
    <trkpt lat="40.4233305668673" lon="-8.46290236849374">
    </trkpt>
    <trkpt lat="40.422298289528001" lon="-8.46305211355328">
    </trkpt>
    <trkpt lat="40.421336022756599" lon="-8.463180213844799">
    </trkpt>
    <trkpt lat="40.420486768270699" lon="-8.463063941240369">
    </trkpt>
    <trkpt lat="40.4201164317303" lon="-8.46296198447021">
    </trkpt>
    <trkpt lat="40.420084387750201" lon="-8.46303892531335">
    </trkpt>
    <trkpt lat="40.419718045184503" lon="-8.463358088366631">
    </trkpt>
    <trkpt lat="40.419152598961098" lon="-8.463988300646269">
    </trkpt>
    <trkpt lat="40.418073519531603" lon="-8.46477102439921">
    </trkpt>
    <trkpt lat="40.417986310151697" lon="-8.464855114446699">
    </trkpt>
    <trkpt lat="40.4160782871379" lon="-8.465902096454929">
    </trkpt>
    <trkpt lat="40.4159426211884" lon="-8.46609582732564">
    </trkpt>
    <trkpt lat="40.415949243474699" lon="-8.466260296074269">
    </trkpt>
    <trkpt lat="40.4161634285039" lon="-8.467021494486531">
    </trkpt>
    <trkpt lat="40.416094044982998" lon="-8.46706744859608">
    </trkpt>
    <trkpt lat="40.416182216626297" lon="-8.46785576983228">
    </trkpt>
    <trkpt lat="40.416136205985701" lon="-8.468314663725989">
    </trkpt>
    <trkpt lat="40.415993001164303" lon="-8.46874524942606">
    </trkpt>
    <trkpt lat="40.415614273371297" lon="-8.46908127402984">
    </trkpt>
    <trkpt lat="40.414890021695903" lon="-8.470145364109699">
    </trkpt>
    <trkpt lat="40.413926008704003" lon="-8.471576672449871">
    </trkpt>
    <trkpt lat="40.4133622297974" lon="-8.47203712673833">
    </trkpt>
    <trkpt lat="40.4123148958328" lon="-8.472423348084209">
    </trkpt>
    <trkpt lat="40.411289816443897" lon="-8.47309413798965">
    </trkpt>
    <trkpt lat="40.410137225946102" lon="-8.47377682415067">
    </trkpt>
    <trkpt lat="40.409487819379002" lon="-8.47421514222235">
    </trkpt>
    <trkpt lat="40.407908554784903" lon="-8.47537405199208">
    </trkpt>
    <trkpt lat="40.4067638110429" lon="-8.47640595367268">
    </trkpt>
    <trkpt lat="40.405616197357197" lon="-8.47741678687432">
    </trkpt>
    <trkpt lat="40.4048220614998" lon="-8.478131030682819">
    </trkpt>
    <trkpt lat="40.40441683801" lon="-8.47888905439814">
    </trkpt>
    <trkpt lat="40.404178153099402" lon="-8.4793182153484">
    </trkpt>
    <trkpt lat="40.4038393835202" lon="-8.479676033980519">
    </trkpt>
    <trkpt lat="40.4033078097154" lon="-8.48008732960375">
    </trkpt>
    <trkpt lat="40.402554018047901" lon="-8.480488553496601">
    </trkpt>
    <trkpt lat="40.401864232138202" lon="-8.48086473014164">
    </trkpt>
    <trkpt lat="40.401636033152101" lon="-8.48097224111206">
    </trkpt>
    <trkpt lat="40.401412839421397" lon="-8.48141009701598">
    </trkpt>
    <trkpt lat="40.4011070231806" lon="-8.481979673301179">
    </trkpt>
    <trkpt lat="40.400802018048601" lon="-8.48242276586692">
    </trkpt>
    <trkpt lat="40.400545803499099" lon="-8.482297065091741">
    </trkpt>
    <trkpt lat="40.400466280223" lon="-8.4823869565693">
    </trkpt>
    <trkpt lat="40.399883897808202" lon="-8.48223158787926">
    </trkpt>
    <trkpt lat="40.399340133634901" lon="-8.481794468242089">
    </trkpt>
    <trkpt lat="40.399239207487398" lon="-8.481890606586809">
    </trkpt>
    <trkpt lat="40.399222068402402" lon="-8.481759789538691">
    </trkpt>
    <trkpt lat="40.399177099804298" lon="-8.481611125285671">
    </trkpt>
    <trkpt lat="40.399127850514297" lon="-8.481566069167529">
    </trkpt>
    <trkpt lat="40.399169858203003" lon="-8.48148726913249">
    </trkpt>
    <trkpt lat="40.398937301573" lon="-8.481293283380969">
    </trkpt>
    <trkpt lat="40.398973141987298" lon="-8.48126777245519">
    </trkpt>
    <trkpt lat="40.398938594972201" lon="-8.48120137263192">
    </trkpt>
    <trkpt lat="40.3988584708475" lon="-8.48122909448966">
    </trkpt>
    <trkpt lat="40.398577405713198" lon="-8.481038702150819">
    </trkpt>
    <trkpt lat="40.398518379236201" lon="-8.48090247985874">
    </trkpt>
    <trkpt lat="40.398469793391698" lon="-8.48093838399353">
    </trkpt>
    <trkpt lat="40.398262545813502" lon="-8.48082309169571">
    </trkpt>
    <trkpt lat="40.398209794185902" lon="-8.4807839593665">
    </trkpt>
    <trkpt lat="40.398205654334397" lon="-8.48072706092313">
    </trkpt>
    <trkpt lat="40.398146411974103" lon="-8.480694967142631">
    </trkpt>
    <trkpt lat="40.398114347554298" lon="-8.48073129443217">
    </trkpt>
    <trkpt lat="40.3980684033275" lon="-8.48073040196862">
    </trkpt>
    <trkpt lat="40.397804617788601" lon="-8.480488216243369">
    </trkpt>
    <trkpt lat="40.397476683367998" lon="-8.480155964930949">
    </trkpt>
    <trkpt lat="40.396607729906698" lon="-8.479296681088471">
    </trkpt>
    <trkpt lat="40.396524812733702" lon="-8.479223874840329">
    </trkpt>
    <trkpt lat="40.396487695612699" lon="-8.479156010616061">
    </trkpt>
    <trkpt lat="40.396441877905602" lon="-8.47916201679992">
    </trkpt>
    <trkpt lat="40.396440554258398" lon="-8.479206031355091">
    </trkpt>
    <trkpt lat="40.396410665557497" lon="-8.479221516693711">
    </trkpt>
    <trkpt lat="40.396086434872899" lon="-8.47914543202393">
    </trkpt>
    <trkpt lat="40.395919404935803" lon="-8.479073855024451">
    </trkpt>
    <trkpt lat="40.395257292019302" lon="-8.47860745533319">
    </trkpt>
    <trkpt lat="40.3949584009207" lon="-8.478401033048939">
    </trkpt>
    <trkpt lat="40.3940257654234" lon="-8.477953976811531">
    </trkpt>
    <trkpt lat="40.3934151045978" lon="-8.477670147605011">
    </trkpt>
    <trkpt lat="40.392412735951503" lon="-8.4771955828208">
    </trkpt>
    <trkpt lat="40.391872035417897" lon="-8.47672455480622">
    </trkpt>
    <trkpt lat="40.391702053261902" lon="-8.47657923858578">
    </trkpt>
    <trkpt lat="40.391494533262197" lon="-8.47644597304167">
    </trkpt>
    <trkpt lat="40.391272437039802" lon="-8.47631944607701">
    </trkpt>
    <trkpt lat="40.391040872444101" lon="-8.47618580610898">
    </trkpt>
    <trkpt lat="40.389800117915797" lon="-8.475839342709641">
    </trkpt>
    <trkpt lat="40.389535012955797" lon="-8.47580322052176">
    </trkpt>
    <trkpt lat="40.389472717257298" lon="-8.47579639769646">
    </trkpt>
    <trkpt lat="40.389403676822099" lon="-8.475788300159049">
    </trkpt>
    <trkpt lat="40.388810838209103" lon="-8.47594704434329">
    </trkpt>
    <trkpt lat="40.388411486452" lon="-8.47606911987819">
    </trkpt>
    <trkpt lat="40.388089284285698" lon="-8.47617265708338">
    </trkpt>
    <trkpt lat="40.387806865969601" lon="-8.47623920390039">
    </trkpt>
    <trkpt lat="40.3874887842357" lon="-8.476274347359039">
    </trkpt>
    <trkpt lat="40.387204500048398" lon="-8.476272698104429">
    </trkpt>
    <trkpt lat="40.386949974580297" lon="-8.47625542684653">
    </trkpt>
    <trkpt lat="40.386856671634099" lon="-8.47620829696069">
    </trkpt>
    <trkpt lat="40.386845276850899" lon="-8.476138981970109">
    </trkpt>
    <trkpt lat="40.386805912995499" lon="-8.47611895565511">
    </trkpt>
    <trkpt lat="40.386758852670297" lon="-8.47618684103286">
    </trkpt>
    <trkpt lat="40.386718121793002" lon="-8.47618803503711">
    </trkpt>
    <trkpt lat="40.386165672921301" lon="-8.475984187967031">
    </trkpt>
    <trkpt lat="40.386069997708198" lon="-8.47594179706938">
    </trkpt>
    <trkpt lat="40.386069406959898" lon="-8.475873234191249">
    </trkpt>
    <trkpt lat="40.386020636219001" lon="-8.47587069430824">
    </trkpt>
    <trkpt lat="40.3860014089543" lon="-8.475924919424481">
    </trkpt>
    <trkpt lat="40.3857742886238" lon="-8.475825128237">
    </trkpt>
    <trkpt lat="40.385544537163497" lon="-8.475737058430189">
    </trkpt>
    <trkpt lat="40.385247347308898" lon="-8.475607466611249">
    </trkpt>
    <trkpt lat="40.384773493497299" lon="-8.47552819328129">
    </trkpt>
    <trkpt lat="40.384439208156699" lon="-8.47547477252991">
    </trkpt>
    <trkpt lat="40.383819614516902" lon="-8.475394282187111">
    </trkpt>
    <trkpt lat="40.383652132654397" lon="-8.47537768126532">
    </trkpt>
    <trkpt lat="40.383642348841803" lon="-8.475288772892471">
    </trkpt>
    <trkpt lat="40.383589955351503" lon="-8.475263505192309">
    </trkpt>
    <trkpt lat="40.383539765941499" lon="-8.4753276354412">
    </trkpt>
    <trkpt lat="40.382965491531401" lon="-8.47535173479255">
    </trkpt>
    <trkpt lat="40.382844706171703" lon="-8.474861297010211">
    </trkpt>
    <trkpt lat="40.3826805317997" lon="-8.474179356046911">
    </trkpt>
    <trkpt lat="40.382557406674898" lon="-8.47371425630597">
    </trkpt>
    <trkpt lat="40.382346675491803" lon="-8.47293415212205">
    </trkpt>
    <trkpt lat="40.382292359525501" lon="-8.472960350834009">
    </trkpt>
    <trkpt lat="40.381627913708101" lon="-8.472745183050179">
    </trkpt>
    <trkpt lat="40.381243044677902" lon="-8.472382288541411">
    </trkpt>
    <trkpt lat="40.380974823858502" lon="-8.472182351450851">
    </trkpt>
    <trkpt lat="40.380812565994198" lon="-8.472061034142669">
    </trkpt>
    <trkpt lat="40.380385703476897" lon="-8.471716232116631">
    </trkpt>
    <trkpt lat="40.379986869716497" lon="-8.47153363564459">
    </trkpt>
    <trkpt lat="40.379359215469201" lon="-8.471533367606099">
    </trkpt>
    <trkpt lat="40.379135159469797" lon="-8.471535420239331">
    </trkpt>
    <trkpt lat="40.3789503064149" lon="-8.47140681166864">
    </trkpt>
    <trkpt lat="40.3786060813039" lon="-8.470980808778339">
    </trkpt>
    <trkpt lat="40.378468042279103" lon="-8.470598908699261">
    </trkpt>
    <trkpt lat="40.378430731234403" lon="-8.47049318230288">
    </trkpt>
    <trkpt lat="40.378281151004103" lon="-8.47027003544755">
    </trkpt>
    <trkpt lat="40.378172525341398" lon="-8.47001050271702">
    </trkpt>
    <trkpt lat="40.378110182566999" lon="-8.469962231587751">
    </trkpt>
    <trkpt lat="40.378027708763703" lon="-8.46990193529169">
    </trkpt>
    <trkpt lat="40.377832884498503" lon="-8.46989068886036">
    </trkpt>
    <trkpt lat="40.377647909853202" lon="-8.469866243029051">
    </trkpt>
    <trkpt lat="40.377557336307198" lon="-8.46985830743643">
    </trkpt>
    <trkpt lat="40.376734170952503" lon="-8.46961018420072">
    </trkpt>
    <trkpt lat="40.376675335043203" lon="-8.469658047065071">
    </trkpt>
    <trkpt lat="40.376375522072003" lon="-8.4695781151107">
    </trkpt>
    <trkpt lat="40.373604856232198" lon="-8.468847144618531">
    </trkpt>
    <trkpt lat="40.373498129088503" lon="-8.468777910216691">
    </trkpt>
    <trkpt lat="40.372818923919098" lon="-8.46857171794875">
    </trkpt>
    <trkpt lat="40.372582883628702" lon="-8.46854911374885">
    </trkpt>
    <trkpt lat="40.372287344788603" lon="-8.468463019172299">
    </trkpt>
    <trkpt lat="40.3720802439395" lon="-8.46837262240752">
    </trkpt>
    <trkpt lat="40.371595454551297" lon="-8.468144749141979">
    </trkpt>
    <trkpt lat="40.371465651810198" lon="-8.46809664258182">
    </trkpt>
    <trkpt lat="40.371379824923402" lon="-8.46808172777321">
    </trkpt>
    <trkpt lat="40.3713193476028" lon="-8.46813902154271">
    </trkpt>
    <trkpt lat="40.371268368037299" lon="-8.46821326449022">
    </trkpt>
    <trkpt lat="40.371252251898099" lon="-8.468358678815131">
    </trkpt>
    <trkpt lat="40.371237261283298" lon="-8.46851600194719">
    </trkpt>
    <trkpt lat="40.371203824197003" lon="-8.468560746194131">
    </trkpt>
    <trkpt lat="40.371159923331703" lon="-8.468601004738471">
    </trkpt>
    <trkpt lat="40.371092712474002" lon="-8.46860436411653">
    </trkpt>
    <trkpt lat="40.371042373741702" lon="-8.468603578370089">
    </trkpt>
    <trkpt lat="40.370971253296098" lon="-8.468575403377921">
    </trkpt>
    <trkpt lat="40.370935134148802" lon="-8.46858696337771">
    </trkpt>
    <trkpt lat="40.370855820172899" lon="-8.468568271877441">
    </trkpt>
    <trkpt lat="40.370763980534001" lon="-8.468424977641661">
    </trkpt>
    <trkpt lat="40.370620033322602" lon="-8.46822867229794">
    </trkpt>
    <trkpt lat="40.370527650112102" lon="-8.46837884815629">
    </trkpt>
    <trkpt lat="40.370444708773697" lon="-8.46838801197751">
    </trkpt>
    <trkpt lat="40.369830473272501" lon="-8.468602206460771">
    </trkpt>
    <trkpt lat="40.369475234043101" lon="-8.468659924027151">
    </trkpt>
    <trkpt lat="40.369308244752602" lon="-8.468718232661571">
    </trkpt>
    <trkpt lat="40.3688222125989" lon="-8.46873629157005">
    </trkpt>
    <trkpt lat="40.368542143521502" lon="-8.468739269484781">
    </trkpt>
    <trkpt lat="40.368253961814403" lon="-8.46874090156034">
    </trkpt>
    <trkpt lat="40.368122417198201" lon="-8.46874525675663">
    </trkpt>
    <trkpt lat="40.367853061611697" lon="-8.468205084177621">
    </trkpt>
    <trkpt lat="40.367745554763999" lon="-8.468026242888159">
    </trkpt>
    <trkpt lat="40.367620873867402" lon="-8.46784635203641">
    </trkpt>
    <trkpt lat="40.3675601785081" lon="-8.467854170038651">
    </trkpt>
    <trkpt lat="40.367454624466099" lon="-8.46779493033854">
    </trkpt>
    <trkpt lat="40.367110813675602" lon="-8.46752041175888">
    </trkpt>
    <trkpt lat="40.366786238147903" lon="-8.467419751897079">
    </trkpt>
    <trkpt lat="40.366727984819299" lon="-8.46722193799067">
    </trkpt>
    <trkpt lat="40.366635262688902" lon="-8.467244081464891">
    </trkpt>
    <trkpt lat="40.366513537764803" lon="-8.467231893668551">
    </trkpt>
    <trkpt lat="40.366367165902197" lon="-8.466930160297011">
    </trkpt>
    <trkpt lat="40.366055766830797" lon="-8.46672349949956">
    </trkpt>
    <trkpt lat="40.365977563891498" lon="-8.466671426428819">
    </trkpt>
    <trkpt lat="40.365785449422297" lon="-8.46660111387361">
    </trkpt>
    <trkpt lat="40.365584603239" lon="-8.46655559882573">
    </trkpt>
    <trkpt lat="40.365138751462197" lon="-8.46645056775867">
    </trkpt>
    <trkpt lat="40.364944071953097" lon="-8.466421052674439">
    </trkpt>
    <trkpt lat="40.364813955058302" lon="-8.46639479178978">
    </trkpt>
    <trkpt lat="40.364272411970603" lon="-8.46626106624343">
    </trkpt>
    <trkpt lat="40.364016248528102" lon="-8.46618958541147">
    </trkpt>
    <trkpt lat="40.363817900554899" lon="-8.46614701927742">
    </trkpt>
    <trkpt lat="40.363310203973199" lon="-8.46601930125909">
    </trkpt>
    <trkpt lat="40.363109684458401" lon="-8.465875834080871">
    </trkpt>
    <trkpt lat="40.3630688035459" lon="-8.46596021238129">
    </trkpt>
    <trkpt lat="40.363038658816102" lon="-8.466055917236799">
    </trkpt>
    <trkpt lat="40.362866881816998" lon="-8.466060872839369">
    </trkpt>
    <trkpt lat="40.3619259081077" lon="-8.46608259550581">
    </trkpt>
    <trkpt lat="40.361344121645203" lon="-8.46610785470159">
    </trkpt>
    <trkpt lat="40.360864515491599" lon="-8.46612643507823">
    </trkpt>
    <trkpt lat="40.360693822316897" lon="-8.46617004386013">
    </trkpt>
    <trkpt lat="40.360497526401197" lon="-8.466208598567439">
    </trkpt>
    <trkpt lat="40.360056778139203" lon="-8.46630090180401">
    </trkpt>
    <trkpt lat="40.359882572387797" lon="-8.46633240286006">
    </trkpt>
    <trkpt lat="40.3595325341795" lon="-8.466375447863131">
    </trkpt>
    <trkpt lat="40.359303814958999" lon="-8.46635699586243">
    </trkpt>
    <trkpt lat="40.359219041804302" lon="-8.466338975435891">
    </trkpt>
    <trkpt lat="40.359062992542199" lon="-8.46630120171578">
    </trkpt>
    <trkpt lat="40.358819768719698" lon="-8.466254629273971">
    </trkpt>
    <trkpt lat="40.358644486558397" lon="-8.466215750508031">
    </trkpt>
    <trkpt lat="40.358215432531097" lon="-8.46611989862881">
    </trkpt>
    <trkpt lat="40.357974759478502" lon="-8.466060948036599">
    </trkpt>
    <trkpt lat="40.357596437192598" lon="-8.465871436238841">
    </trkpt>
    <trkpt lat="40.357111928020402" lon="-8.465599976888379">
    </trkpt>
    <trkpt lat="40.35684930779" lon="-8.46543226108316">
    </trkpt>
    <trkpt lat="40.3568541658436" lon="-8.46538108616766">
    </trkpt>
    <trkpt lat="40.356802489505696" lon="-8.46533984479581">
    </trkpt>
    <trkpt lat="40.356785087587902" lon="-8.46539358135518">
    </trkpt>
    <trkpt lat="40.356534698500198" lon="-8.465129405396739">
    </trkpt>
    <trkpt lat="40.356081017748402" lon="-8.46463051915458">
    </trkpt>
    <trkpt lat="40.355697030824501" lon="-8.464335219429531">
    </trkpt>
    <trkpt lat="40.3555408655101" lon="-8.464218163779719">
    </trkpt>
    <trkpt lat="40.355132448582403" lon="-8.463939756581251">
    </trkpt>
    <trkpt lat="40.354992586803903" lon="-8.463809438023141">
    </trkpt>
    <trkpt lat="40.354911562216103" lon="-8.46391971194341">
    </trkpt>
    <trkpt lat="40.354779897498801" lon="-8.46389484711473">
    </trkpt>
    <trkpt lat="40.354591628372901" lon="-8.46387918665889">
    </trkpt>
    <trkpt lat="40.3544529080472" lon="-8.463861731073139">
    </trkpt>
    <trkpt lat="40.354278024037797" lon="-8.46383712227219">
    </trkpt>
    <trkpt lat="40.354293173667799" lon="-8.463812903534761">
    </trkpt>
    <trkpt lat="40.354271364384402" lon="-8.46375198528632">
    </trkpt>
    <trkpt lat="40.354142342070503" lon="-8.463821103901431">
    </trkpt>
    <trkpt lat="40.353739128037198" lon="-8.463730712780141">
    </trkpt>
    <trkpt lat="40.3532322627673" lon="-8.46363146397235">
    </trkpt>
    <trkpt lat="40.352844687824003" lon="-8.463552609380571">
    </trkpt>
    <trkpt lat="40.352533244652001" lon="-8.46348843117276">
    </trkpt>
    <trkpt lat="40.352258827639403" lon="-8.4635008426308">
    </trkpt>
    <trkpt lat="40.3520032994318" lon="-8.463501172676009">
    </trkpt>
    <trkpt lat="40.351815573288597" lon="-8.463525462349111">
    </trkpt>
    <trkpt lat="40.351731661510897" lon="-8.463536646441939">
    </trkpt>
    <trkpt lat="40.351113927211898" lon="-8.463654436281869">
    </trkpt>
    <trkpt lat="40.351038692318603" lon="-8.463648097867569">
    </trkpt>
    <trkpt lat="40.350906247608698" lon="-8.4636403020221">
    </trkpt>
    <trkpt lat="40.350816722536102" lon="-8.46357290264841">
    </trkpt>
    <trkpt lat="40.350766013698902" lon="-8.46362716590826">
    </trkpt>
    <trkpt lat="40.350784521470899" lon="-8.46368030074553">
    </trkpt>
    <trkpt lat="40.350729399160599" lon="-8.463711408935071">
    </trkpt>
    <trkpt lat="40.3506390023514" lon="-8.46371480895041">
    </trkpt>
    <trkpt lat="40.350296612813601" lon="-8.46371678107416">
    </trkpt>
    <trkpt lat="40.350181029525402" lon="-8.463703197332331">
    </trkpt>
    <trkpt lat="40.350176098573499" lon="-8.463701264868829">
    </trkpt>
    <trkpt lat="40.350161222026799" lon="-8.46369887014365">
    </trkpt>
    <trkpt lat="40.350156261651698" lon="-8.463698636662521">
    </trkpt>
    <trkpt lat="40.350143910055401" lon="-8.463698055122521">
    </trkpt>
    <trkpt lat="40.350142678784202" lon="-8.46369799719155">
    </trkpt>
    <trkpt lat="40.350115158958602" lon="-8.46370849433508">
    </trkpt>
    <trkpt lat="40.349546981080501" lon="-8.46364317727892">
    </trkpt>
    <trkpt lat="40.349422127851703" lon="-8.46362529132403">
    </trkpt>
    <trkpt lat="40.349251360170399" lon="-8.46364873132632">
    </trkpt>
    <trkpt lat="40.348720679772299" lon="-8.463696712117921">
    </trkpt>
    <trkpt lat="40.348503028911999" lon="-8.4636783896946">
    </trkpt>
    <trkpt lat="40.348183885177399" lon="-8.46348968554379">
    </trkpt>
    <trkpt lat="40.348161479493101" lon="-8.46347650357299">
    </trkpt>
    <trkpt lat="40.348161096457297" lon="-8.463400893542589">
    </trkpt>
    <trkpt lat="40.348100423859201" lon="-8.46339606756786">
    </trkpt>
    <trkpt lat="40.348070613568602" lon="-8.46346811703966">
    </trkpt>
    <trkpt lat="40.348015171358597" lon="-8.463454120711161">
    </trkpt>
    <trkpt lat="40.347959577006797" lon="-8.46342485116257">
    </trkpt>
    <trkpt lat="40.347622680340102" lon="-8.463295348188471">
    </trkpt>
    <trkpt lat="40.3474416046569" lon="-8.463254478920829">
    </trkpt>
    <trkpt lat="40.347252196114297" lon="-8.46325239848022">
    </trkpt>
    <trkpt lat="40.346964034586101" lon="-8.46323423897794">
    </trkpt>
    <trkpt lat="40.346859696557203" lon="-8.46322287107847">
    </trkpt>
    <trkpt lat="40.346223292098301" lon="-8.463184241487379">
    </trkpt>
    <trkpt lat="40.3461438100219" lon="-8.463121911005921">
    </trkpt>
    <trkpt lat="40.346133351600301" lon="-8.46304937877364">
    </trkpt>
    <trkpt lat="40.346078721093598" lon="-8.46296736861111">
    </trkpt>
    <trkpt lat="40.345963411903298" lon="-8.463130123263619">
    </trkpt>
    <trkpt lat="40.3458787774914" lon="-8.46320043409289">
    </trkpt>
    <trkpt lat="40.3458056323786" lon="-8.46321077717761">
    </trkpt>
    <trkpt lat="40.345716393383597" lon="-8.463222365591809">
    </trkpt>
    <trkpt lat="40.345299797308101" lon="-8.463307147116179">
    </trkpt>
    <trkpt lat="40.3449625711254" lon="-8.46329367612325">
    </trkpt>
    <trkpt lat="40.344633934264401" lon="-8.46327237016655">
    </trkpt>
    <trkpt lat="40.344443141949199" lon="-8.46326619420365">
    </trkpt>
    <trkpt lat="40.3443886339454" lon="-8.46325916324329">
    </trkpt>
    <trkpt lat="40.344066610773503" lon="-8.46323598752535">
    </trkpt>
    <trkpt lat="40.343888138899999" lon="-8.46326327490204">
    </trkpt>
    <trkpt lat="40.343493125600602" lon="-8.463292711605771">
    </trkpt>
    <trkpt lat="40.343292144465202" lon="-8.463252764116181">
    </trkpt>
    <trkpt lat="40.3428925132188" lon="-8.463192801594371">
    </trkpt>
    <trkpt lat="40.3427939256486" lon="-8.463202092891651">
    </trkpt>
    <trkpt lat="40.342456971528797" lon="-8.46318486255495">
    </trkpt>
    <trkpt lat="40.342248109539902" lon="-8.46325548221456">
    </trkpt>
    <trkpt lat="40.342042546893801" lon="-8.46330319490095">
    </trkpt>
    <trkpt lat="40.341854332974101" lon="-8.463304477245019">
    </trkpt>
    <trkpt lat="40.341760831326901" lon="-8.463283684479279">
    </trkpt>
    <trkpt lat="40.341714225195702" lon="-8.463272497676179">
    </trkpt>
    <trkpt lat="40.341340196095203" lon="-8.462914709433299">
    </trkpt>
    <trkpt lat="40.341113314139903" lon="-8.46270469386236">
    </trkpt>
    <trkpt lat="40.3400166497632" lon="-8.461752135183071">
    </trkpt>
    <trkpt lat="40.339670218821901" lon="-8.461470471801171">
    </trkpt>
    <trkpt lat="40.3396342820621" lon="-8.4613759564464">
    </trkpt>
    <trkpt lat="40.339628375951797" lon="-8.46134812956219">
    </trkpt>
    <trkpt lat="40.339558032049197" lon="-8.461319293798869">
    </trkpt>
    <trkpt lat="40.3395540888326" lon="-8.46144940844041">
    </trkpt>
    <trkpt lat="40.339516500044802" lon="-8.46154946701995">
    </trkpt>
    <trkpt lat="40.339420112584797" lon="-8.46166333401538">
    </trkpt>
    <trkpt lat="40.3390628522925" lon="-8.461876428604659">
    </trkpt>
    <trkpt lat="40.338859961625701" lon="-8.46200530694953">
    </trkpt>
    <trkpt lat="40.337993439195401" lon="-8.46269399961963">
    </trkpt>
    <trkpt lat="40.337850230041802" lon="-8.462796932052701">
    </trkpt>
    <trkpt lat="40.337726517699899" lon="-8.462835547230309">
    </trkpt>
    <trkpt lat="40.337527359168298" lon="-8.46287097190681">
    </trkpt>
    <trkpt lat="40.337288555047898" lon="-8.462879035923359">
    </trkpt>
    <trkpt lat="40.337049938932402" lon="-8.462861780264459">
    </trkpt>
    <trkpt lat="40.336896833632601" lon="-8.462871259630059">
    </trkpt>
    <trkpt lat="40.336887574111799" lon="-8.46293789939555">
    </trkpt>
    <trkpt lat="40.336931911705598" lon="-8.462982593296219">
    </trkpt>
    <trkpt lat="40.3369411373764" lon="-8.46303236437865">
    </trkpt>
    <trkpt lat="40.3368670846097" lon="-8.463225556482209">
    </trkpt>
    <trkpt lat="40.3366208700524" lon="-8.463692436288079">
    </trkpt>
    <trkpt lat="40.336479952132301" lon="-8.463889341730679">
    </trkpt>
    <trkpt lat="40.336348823206599" lon="-8.46401047184751">
    </trkpt>
    <trkpt lat="40.336301048968899" lon="-8.464057336226951">
    </trkpt>
    <trkpt lat="40.336151670843698" lon="-8.464139561703581">
    </trkpt>
    <trkpt lat="40.336012645659302" lon="-8.46416140087215">
    </trkpt>
    <trkpt lat="40.335904351087599" lon="-8.464149234243029">
    </trkpt>
    <trkpt lat="40.335872349336398" lon="-8.464205791000291">
    </trkpt>
    <trkpt lat="40.3358123849912" lon="-8.46419940788598">
    </trkpt>
    <trkpt lat="40.335762775041403" lon="-8.46416959166886">
    </trkpt>
    <trkpt lat="40.335743107140502" lon="-8.464184756477801">
    </trkpt>
    <trkpt lat="40.335665630536198" lon="-8.464330957896189">
    </trkpt>
    <trkpt lat="40.3356187484383" lon="-8.46430208192232">
    </trkpt>
    <trkpt lat="40.335591532821702" lon="-8.46434595909888">
    </trkpt>
    <trkpt lat="40.335632279878702" lon="-8.46438320277773">
    </trkpt>
    <trkpt lat="40.335493621871699" lon="-8.464573995701681">
    </trkpt>
    <trkpt lat="40.335368177425799" lon="-8.464608694884101">
    </trkpt>
    <trkpt lat="40.335264254950502" lon="-8.464656960564231">
    </trkpt>
    <trkpt lat="40.335050176743898" lon="-8.464696250945471">
    </trkpt>
    <trkpt lat="40.334894546401998" lon="-8.46474987868026">
    </trkpt>
    <trkpt lat="40.334778137441397" lon="-8.46479658137739">
    </trkpt>
    <trkpt lat="40.334642024271297" lon="-8.464895406672021">
    </trkpt>
    <trkpt lat="40.334524640930901" lon="-8.46500793665545">
    </trkpt>
    <trkpt lat="40.334407415543197" lon="-8.465195368272621">
    </trkpt>
    <trkpt lat="40.334310836475801" lon="-8.465390075346701">
    </trkpt>
    <trkpt lat="40.334227965777202" lon="-8.46551502310821">
    </trkpt>
    <trkpt lat="40.334083350225598" lon="-8.465699429602999">
    </trkpt>
    <trkpt lat="40.3338965315858" lon="-8.4658819362954">
    </trkpt>
    <trkpt lat="40.333675937021503" lon="-8.46606738673073">
    </trkpt>
    <trkpt lat="40.333478634994599" lon="-8.466187588034581">
    </trkpt>
    <trkpt lat="40.333326040143199" lon="-8.466283520497781">
    </trkpt>
    <trkpt lat="40.3331005495358" lon="-8.46641611239532">
    </trkpt>
    <trkpt lat="40.332998357139402" lon="-8.466479820817581">
    </trkpt>
    <trkpt lat="40.332565234991002" lon="-8.466648121992851">
    </trkpt>
    <trkpt lat="40.332341635932998" lon="-8.466737223458569">
    </trkpt>
    <trkpt lat="40.332068334463401" lon="-8.46684552639609">
    </trkpt>
    <trkpt lat="40.331902162442603" lon="-8.46689769120719">
    </trkpt>
    <trkpt lat="40.331637443220899" lon="-8.46700214110545">
    </trkpt>
    <trkpt lat="40.3311538936684" lon="-8.46717339250961">
    </trkpt>
    <trkpt lat="40.330728000002097" lon="-8.467332616632831">
    </trkpt>
    <trkpt lat="40.330215462674197" lon="-8.467303186038929">
    </trkpt>
    <trkpt lat="40.330152127012902" lon="-8.467297747479151">
    </trkpt>
    <trkpt lat="40.329135369205801" lon="-8.46726278540565">
    </trkpt>
    <trkpt lat="40.328608034677302" lon="-8.46722721951509">
    </trkpt>
    <trkpt lat="40.326197840850398" lon="-8.46700630056638">
    </trkpt>
    <trkpt lat="40.325951545189497" lon="-8.46711556603724">
    </trkpt>
    <trkpt lat="40.325632301903198" lon="-8.467294724221381">
    </trkpt>
    <trkpt lat="40.325306932200498" lon="-8.467584512276311">
    </trkpt>
    <trkpt lat="40.325091009824398" lon="-8.46785904666072">
    </trkpt>
    <trkpt lat="40.324558543998002" lon="-8.46866902522201">
    </trkpt>
    <trkpt lat="40.323592810105097" lon="-8.470337354230571">
    </trkpt>
    <trkpt lat="40.323342047950099" lon="-8.470707621700249">
    </trkpt>
    <trkpt lat="40.323241657024198" lon="-8.47084943512348">
    </trkpt>
    <trkpt lat="40.322148759092798" lon="-8.472559334940581">
    </trkpt>
    <trkpt lat="40.3218544220992" lon="-8.47301611973961">
    </trkpt>
    <trkpt lat="40.321762659232" lon="-8.473133269576049">
    </trkpt>
    <trkpt lat="40.3209048551848" lon="-8.47390668030793">
    </trkpt>
    <trkpt lat="40.320556613021402" lon="-8.474363474595391">
    </trkpt>
    <trkpt lat="40.320321241377798" lon="-8.47475022738622">
    </trkpt>
    <trkpt lat="40.3195987402841" lon="-8.47596112459626">
    </trkpt>
    <trkpt lat="40.319217492519499" lon="-8.47655719303031">
    </trkpt>
    <trkpt lat="40.318921027265901" lon="-8.477221005129829">
    </trkpt>
    <trkpt lat="40.318781784675799" lon="-8.477847297243519">
    </trkpt>
    <trkpt lat="40.318642734920502" lon="-8.47806653994455">
    </trkpt>
    <trkpt lat="40.3183798036045" lon="-8.4783049913777">
    </trkpt>
    <trkpt lat="40.317873211886997" lon="-8.478628124411349">
    </trkpt>
    <trkpt lat="40.317680097628298" lon="-8.47868764584746">
    </trkpt>
    <trkpt lat="40.317606434138099" lon="-8.47869283917731">
    </trkpt>
    <trkpt lat="40.317326130818302" lon="-8.478653446902261">
    </trkpt>
    <trkpt lat="40.317126748130903" lon="-8.478531819457549">
    </trkpt>
    <trkpt lat="40.316800360804997" lon="-8.47815273578051">
    </trkpt>
    <trkpt lat="40.316514529935397" lon="-8.47786845946719">
    </trkpt>
    <trkpt lat="40.316282955881398" lon="-8.477614853587101">
    </trkpt>
    <trkpt lat="40.316183757640403" lon="-8.47750815020707">
    </trkpt>
    <trkpt lat="40.315696135666201" lon="-8.477006676470999">
    </trkpt>
    <trkpt lat="40.315320837480002" lon="-8.476776518114971">
    </trkpt>
    <trkpt lat="40.314962009275902" lon="-8.476632311525449">
    </trkpt>
    <trkpt lat="40.314797351996198" lon="-8.476584419488169">
    </trkpt>
    <trkpt lat="40.314128942062297" lon="-8.476470541050491">
    </trkpt>
    <trkpt lat="40.313611124344703" lon="-8.476381470440829">
    </trkpt>
    <trkpt lat="40.313436419455599" lon="-8.476349970749821">
    </trkpt>
    <trkpt lat="40.312965448981103" lon="-8.47627874584005">
    </trkpt>
    <trkpt lat="40.312798791176" lon="-8.47628490587187">
    </trkpt>
    <trkpt lat="40.312437738002899" lon="-8.47632362297537">
    </trkpt>
    <trkpt lat="40.312236197087103" lon="-8.476328103358259">
    </trkpt>
    <trkpt lat="40.312148269828903" lon="-8.476290110246589">
    </trkpt>
    <trkpt lat="40.311719720317001" lon="-8.47610930762063">
    </trkpt>
    <trkpt lat="40.311504914348703" lon="-8.4760517858222">
    </trkpt>
    <trkpt lat="40.311268578779497" lon="-8.475990286365381">
    </trkpt>
    <trkpt lat="40.311226888616503" lon="-8.4759774044525">
    </trkpt>
    <trkpt lat="40.3111933298037" lon="-8.475970491291569">
    </trkpt>
    <trkpt lat="40.310819536214701" lon="-8.475972104489459">
    </trkpt>
    <trkpt lat="40.310558545937603" lon="-8.47606626926385">
    </trkpt>
    <trkpt lat="40.310204452121503" lon="-8.476199456849301">
    </trkpt>
    <trkpt lat="40.3100773833633" lon="-8.47625936732009">
    </trkpt>
    <trkpt lat="40.3099182456072" lon="-8.476302168371831">
    </trkpt>
    <trkpt lat="40.309831080678997" lon="-8.476279634379599">
    </trkpt>
    <trkpt lat="40.309678981491103" lon="-8.47614934474864">
    </trkpt>
    <trkpt lat="40.309621632214203" lon="-8.476223687687829">
    </trkpt>
    <trkpt lat="40.309737879807201" lon="-8.47646163199008">
    </trkpt>
    <trkpt lat="40.3097220553149" lon="-8.47649071289128">
    </trkpt>
    <trkpt lat="40.309369174716103" lon="-8.476640336156359">
    </trkpt>
    <trkpt lat="40.309105831115403" lon="-8.47670528980286">
    </trkpt>
    <trkpt lat="40.309039908378601" lon="-8.47670906301353">
    </trkpt>
    <trkpt lat="40.309041032718298" lon="-8.47670778662502">
    </trkpt>
    <trkpt lat="40.3088538526899" lon="-8.4767037518594">
    </trkpt>
    <trkpt lat="40.308695617639998" lon="-8.476648997688169">
    </trkpt>
    <trkpt lat="40.308540017882599" lon="-8.476612865163331">
    </trkpt>
    <trkpt lat="40.3082874518769" lon="-8.476459200644319">
    </trkpt>
    <trkpt lat="40.308037761076399" lon="-8.47622739706236">
    </trkpt>
    <trkpt lat="40.307999504401003" lon="-8.476186639382069">
    </trkpt>
    <trkpt lat="40.307067058198697" lon="-8.47529685581668">
    </trkpt>
    <trkpt lat="40.306919836912499" lon="-8.475161505192769">
    </trkpt>
    <trkpt lat="40.306885054578999" lon="-8.475135569399329">
    </trkpt>
    <trkpt lat="40.3067859187775" lon="-8.47506381681877">
    </trkpt>
    <trkpt lat="40.3066583312186" lon="-8.47495702192467">
    </trkpt>
    <trkpt lat="40.3065059817595" lon="-8.474901216736511">
    </trkpt>
    <trkpt lat="40.3064276760051" lon="-8.474882212238461">
    </trkpt>
    <trkpt lat="40.306330518974001" lon="-8.474878251382369">
    </trkpt>
    <trkpt lat="40.306178498984103" lon="-8.47488394868663">
    </trkpt>
    <trkpt lat="40.306112474939198" lon="-8.474899176257789">
    </trkpt>
    <trkpt lat="40.306015495878498" lon="-8.47491199868967">
    </trkpt>
    <trkpt lat="40.3053832854389" lon="-8.475318692770889">
    </trkpt>
    <trkpt lat="40.305298337488999" lon="-8.47530009360754">
    </trkpt>
    <trkpt lat="40.305224180275303" lon="-8.475222170809539">
    </trkpt>
    <trkpt lat="40.3051714999403" lon="-8.47528043518313">
    </trkpt>
    <trkpt lat="40.3051805942507" lon="-8.47536130268155">
    </trkpt>
    <trkpt lat="40.3051512305166" lon="-8.475458592825561">
    </trkpt>
    <trkpt lat="40.305041509738203" lon="-8.475537138042631">
    </trkpt>
    <trkpt lat="40.304807302382002" lon="-8.47567353806523">
    </trkpt>
    <trkpt lat="40.304329585803401" lon="-8.47595737675652">
    </trkpt>
    <trkpt lat="40.304082040425797" lon="-8.47614939422543">
    </trkpt>
    <trkpt lat="40.303971892359002" lon="-8.476330970668821">
    </trkpt>
    <trkpt lat="40.3038983324846" lon="-8.476610046510149">
    </trkpt>
    <trkpt lat="40.303845445920302" lon="-8.47711309472078">
    </trkpt>
    <trkpt lat="40.303831234919002" lon="-8.47725521819568">
    </trkpt>
    <trkpt lat="40.303798108735997" lon="-8.47740689329558">
    </trkpt>
    <trkpt lat="40.303677362680098" lon="-8.477623111148899">
    </trkpt>
    <trkpt lat="40.3035638703535" lon="-8.477704168138461">
    </trkpt>
    <trkpt lat="40.303506188574701" lon="-8.477697952489329">
    </trkpt>
    <trkpt lat="40.303458513498803" lon="-8.477643477532739">
    </trkpt>
    <trkpt lat="40.303436309671" lon="-8.47758571960253">
    </trkpt>
    <trkpt lat="40.3034566340136" lon="-8.477440934199089">
    </trkpt>
    <trkpt lat="40.303413582760101" lon="-8.477421312083941">
    </trkpt>
    <trkpt lat="40.303383458491702" lon="-8.477500904673761">
    </trkpt>
    <trkpt lat="40.303330529872902" lon="-8.477538473322589">
    </trkpt>
    <trkpt lat="40.303293824594903" lon="-8.47753124295371">
    </trkpt>
    <trkpt lat="40.303250980675699" lon="-8.477505004226989">
    </trkpt>
    <trkpt lat="40.303219844044598" lon="-8.477547799677639">
    </trkpt>
    <trkpt lat="40.303238665421702" lon="-8.47758877654678">
    </trkpt>
    <trkpt lat="40.303226311609002" lon="-8.477635384421299">
    </trkpt>
    <trkpt lat="40.303179538881402" lon="-8.47772181164957">
    </trkpt>
    <trkpt lat="40.303126148384699" lon="-8.477730708305851">
    </trkpt>
    <trkpt lat="40.303065645957602" lon="-8.477744855435709">
    </trkpt>
    <trkpt lat="40.302877110454197" lon="-8.477718456799749">
    </trkpt>
    <trkpt lat="40.302420347100998" lon="-8.477660625554689">
    </trkpt>
    <trkpt lat="40.3021231410087" lon="-8.477626074862121">
    </trkpt>
    <trkpt lat="40.301930527474298" lon="-8.477611382742589">
    </trkpt>
    <trkpt lat="40.301660614224602" lon="-8.477482780201489">
    </trkpt>
    <trkpt lat="40.301505092196997" lon="-8.47741832160864">
    </trkpt>
    <trkpt lat="40.301018421259201" lon="-8.47720853970449">
    </trkpt>
    <trkpt lat="40.300752954272703" lon="-8.47718030014633">
    </trkpt>
    <trkpt lat="40.300392013363698" lon="-8.477212297100071">
    </trkpt>
    <trkpt lat="40.300125262014703" lon="-8.477232485174239">
    </trkpt>
    <trkpt lat="40.299961423539401" lon="-8.47725192960762">
    </trkpt>
    <trkpt lat="40.299843302936303" lon="-8.477285356028849">
    </trkpt>
    <trkpt lat="40.298637046608903" lon="-8.477528487744751">
    </trkpt>
    <trkpt lat="40.298505157195798" lon="-8.47746719684344">
    </trkpt>
    <trkpt lat="40.298317527433397" lon="-8.47732800653824">
    </trkpt>
    <trkpt lat="40.298048949132102" lon="-8.47693059268609">
    </trkpt>
    <trkpt lat="40.297929584275103" lon="-8.47658217636188">
    </trkpt>
    <trkpt lat="40.297754231054398" lon="-8.475912561712111">
    </trkpt>
    <trkpt lat="40.297387654620998" lon="-8.47505946260406">
    </trkpt>
    <trkpt lat="40.297069883828001" lon="-8.47463916969156">
    </trkpt>
    <trkpt lat="40.296520689703399" lon="-8.474222169255309">
    </trkpt>
    <trkpt lat="40.2962020370082" lon="-8.47380513724076">
    </trkpt>
    <trkpt lat="40.296107750332098" lon="-8.473661520965919">
    </trkpt>
    <trkpt lat="40.296008914344903" lon="-8.47324457390269">
    </trkpt>
    <trkpt lat="40.2958803266188" lon="-8.472781262260391">
    </trkpt>
    <trkpt lat="40.295870290188098" lon="-8.47266067637166">
    </trkpt>
    <trkpt lat="40.295884266124801" lon="-8.47169031083193">
    </trkpt>
    <trkpt lat="40.2957965051503" lon="-8.47126535103221">
    </trkpt>
    <trkpt lat="40.295718172526101" lon="-8.471067810658649">
    </trkpt>
    <trkpt lat="40.2955771563933" lon="-8.470751262092691">
    </trkpt>
    <trkpt lat="40.295399182976901" lon="-8.4702788825459">
    </trkpt>
    <trkpt lat="40.295310991721003" lon="-8.46988484453173">
    </trkpt>
    <trkpt lat="40.295170699890001" lon="-8.469572471133191">
    </trkpt>
    <trkpt lat="40.294908728019003" lon="-8.46920185635401">
    </trkpt>
    <trkpt lat="40.2947373248332" lon="-8.468651748741619">
    </trkpt>
    <trkpt lat="40.294553613019502" lon="-8.467960148326689">
    </trkpt>
    <trkpt lat="40.294484271755501" lon="-8.46767865823805">
    </trkpt>
    <trkpt lat="40.294439275065599" lon="-8.46671197427658">
    </trkpt>
    <trkpt lat="40.294428134914199" lon="-8.466554545500481">
    </trkpt>
    <trkpt lat="40.294356521878797" lon="-8.466394976967861">
    </trkpt>
    <trkpt lat="40.294334992692399" lon="-8.46635365679893">
    </trkpt>
    <trkpt lat="40.2940238614894" lon="-8.46599752143219">
    </trkpt>
    <trkpt lat="40.293745442380697" lon="-8.465367318561171">
    </trkpt>
    <trkpt lat="40.293478782533001" lon="-8.464772946644629">
    </trkpt>
    <trkpt lat="40.293288752517398" lon="-8.46459999323201">
    </trkpt>
    <trkpt lat="40.293000284322403" lon="-8.46446547467461">
    </trkpt>
    <trkpt lat="40.292952277279099" lon="-8.46445829929154">
    </trkpt>
    <trkpt lat="40.292754814014799" lon="-8.464390112750021">
    </trkpt>
    <trkpt lat="40.292517341239403" lon="-8.4641472720454">
    </trkpt>
    <trkpt lat="40.292223686405201" lon="-8.463518085761629">
    </trkpt>
    <trkpt lat="40.291976237640696" lon="-8.46304915925719">
    </trkpt>
    <trkpt lat="40.291740827167601" lon="-8.462731711166519">
    </trkpt>
    <trkpt lat="40.291332321370398" lon="-8.46224802394055">
    </trkpt>
    <trkpt lat="40.291244428331503" lon="-8.46211905632555">
    </trkpt>
    <trkpt lat="40.2911579093631" lon="-8.4618892685557">
    </trkpt>
    <trkpt lat="40.291079618311201" lon="-8.461291585187629">
    </trkpt>
    <trkpt lat="40.291052920511603" lon="-8.46065281815253">
    </trkpt>
    <trkpt lat="40.290985932771697" lon="-8.46029283694261">
    </trkpt>
    <trkpt lat="40.290890948080701" lon="-8.460053370619679">
    </trkpt>
    <trkpt lat="40.290768681934601" lon="-8.459898674665149">
    </trkpt>
    <trkpt lat="40.290525175437502" lon="-8.45962303904088">
    </trkpt>
    <trkpt lat="40.290451261079603" lon="-8.45951400146666">
    </trkpt>
    <trkpt lat="40.290032845773602" lon="-8.45899891422213">
    </trkpt>
    <trkpt lat="40.2897955932279" lon="-8.458792187864439">
    </trkpt>
    <trkpt lat="40.2895482591708" lon="-8.4586124604466">
    </trkpt>
    <trkpt lat="40.289306095290797" lon="-8.4584561306991">
    </trkpt>
    <trkpt lat="40.289203223319902" lon="-8.45839004090773">
    </trkpt>
    <trkpt lat="40.2890091875243" lon="-8.45821316310189">
    </trkpt>
    <trkpt lat="40.288919307002999" lon="-8.45811412434068">
    </trkpt>
    <trkpt lat="40.288920423824997" lon="-8.45792441591043">
    </trkpt>
    <trkpt lat="40.288922365665897" lon="-8.45789951650052">
    </trkpt>
    <trkpt lat="40.288860720272403" lon="-8.457826029029411">
    </trkpt>
    <trkpt lat="40.288776527436198" lon="-8.457929655957759">
    </trkpt>
    <trkpt lat="40.288692265766898" lon="-8.45785750917398">
    </trkpt>
    <trkpt lat="40.2886092123426" lon="-8.457669133684471">
    </trkpt>
    <trkpt lat="40.288469227367997" lon="-8.457449744389891">
    </trkpt>
    <trkpt lat="40.288225144846997" lon="-8.45715563577186">
    </trkpt>
    <trkpt lat="40.287533480603301" lon="-8.45653094855194">
    </trkpt>
    <trkpt lat="40.2867871017989" lon="-8.455990304121009">
    </trkpt>
    <trkpt lat="40.286207485498302" lon="-8.455627559000479">
    </trkpt>
    <trkpt lat="40.285927873935897" lon="-8.45546734073838">
    </trkpt>
    <trkpt lat="40.285824879610402" lon="-8.455407891085899">
    </trkpt>
    <trkpt lat="40.2847960550613" lon="-8.454715519523109">
    </trkpt>
    <trkpt lat="40.284059228464898" lon="-8.454107428432909">
    </trkpt>
    <trkpt lat="40.283933104644497" lon="-8.453998300703869">
    </trkpt>
    <trkpt lat="40.283775562394403" lon="-8.453948959230839">
    </trkpt>
    <trkpt lat="40.283622871332803" lon="-8.453932534817801">
    </trkpt>
    <trkpt lat="40.283442800293699" lon="-8.45393943994371">
    </trkpt>
    <trkpt lat="40.283318330819199" lon="-8.45393411705486">
    </trkpt>
    <trkpt lat="40.2831881176865" lon="-8.453880499034559">
    </trkpt>
    <trkpt lat="40.283082929301798" lon="-8.45381370057552">
    </trkpt>
    <trkpt lat="40.282348657893998" lon="-8.45331680086907">
    </trkpt>
    <trkpt lat="40.282165238864103" lon="-8.45329501172241">
    </trkpt>
    <trkpt lat="40.2820634746869" lon="-8.453282560306601">
    </trkpt>
    <trkpt lat="40.2819632032868" lon="-8.453344072483469">
    </trkpt>
    <trkpt lat="40.2818002289589" lon="-8.453457364877011">
    </trkpt>
    <trkpt lat="40.281672630182399" lon="-8.45342727407245">
    </trkpt>
    <trkpt lat="40.2815917498869" lon="-8.453397980451459">
    </trkpt>
    <trkpt lat="40.281527843011098" lon="-8.45359483137546">
    </trkpt>
    <trkpt lat="40.2814008454028" lon="-8.45365703827826">
    </trkpt>
    <trkpt lat="40.281278215431598" lon="-8.453738382834789">
    </trkpt>
    <trkpt lat="40.281081211068397" lon="-8.453790106305091">
    </trkpt>
    <trkpt lat="40.2808692931333" lon="-8.453852430949251">
    </trkpt>
    <trkpt lat="40.2808222030758" lon="-8.45385529608328">
    </trkpt>
    <trkpt lat="40.2800507761253" lon="-8.45406396587361">
    </trkpt>
    <trkpt lat="40.279839461129697" lon="-8.454101443541781">
    </trkpt>
    <trkpt lat="40.2797580879786" lon="-8.45410593384905">
    </trkpt>
    <trkpt lat="40.279716916948502" lon="-8.45408606288507">
    </trkpt>
    <trkpt lat="40.279619909018798" lon="-8.454109526928139">
    </trkpt>
    <trkpt lat="40.279347139009502" lon="-8.454149293564191">
    </trkpt>
    <trkpt lat="40.2791599837864" lon="-8.454173960047161">
    </trkpt>
    <trkpt lat="40.279064335308902" lon="-8.45419108744275">
    </trkpt>
    <trkpt lat="40.279024356621399" lon="-8.45423294541472">
    </trkpt>
    <trkpt lat="40.278909817157398" lon="-8.45425461123831">
    </trkpt>
    <trkpt lat="40.278660784278003" lon="-8.45427912359958">
    </trkpt>
    <trkpt lat="40.278503857846999" lon="-8.45425554617446">
    </trkpt>
    <trkpt lat="40.278095095436498" lon="-8.454208434334809">
    </trkpt>
    <trkpt lat="40.2779992675218" lon="-8.45420741884624">
    </trkpt>
    <trkpt lat="40.277955149082104" lon="-8.454162008670959">
    </trkpt>
    <trkpt lat="40.277807443518697" lon="-8.45418274254733">
    </trkpt>
    <trkpt lat="40.276630584402298" lon="-8.45444346676355">
    </trkpt>
    <trkpt lat="40.276384842830801" lon="-8.454467596507911">
    </trkpt>
    <trkpt lat="40.276187423683503" lon="-8.454432149914959">
    </trkpt>
    <trkpt lat="40.275936204501598" lon="-8.45436926947789">
    </trkpt>
    <trkpt lat="40.275824465055997" lon="-8.45433159211624">
    </trkpt>
    <trkpt lat="40.275497150341998" lon="-8.454253249492821">
    </trkpt>
    <trkpt lat="40.2753816242504" lon="-8.45416288084512">
    </trkpt>
    <trkpt lat="40.275393399157799" lon="-8.45411179510894">
    </trkpt>
    <trkpt lat="40.275329146279098" lon="-8.45406147648732">
    </trkpt>
    <trkpt lat="40.275095796517299" lon="-8.453827155483401">
    </trkpt>
    <trkpt lat="40.275029666053499" lon="-8.453746874793611">
    </trkpt>
    <trkpt lat="40.274994403656599" lon="-8.45372474926744">
    </trkpt>
    <trkpt lat="40.274898361146398" lon="-8.45357199929269">
    </trkpt>
    <trkpt lat="40.274829949592501" lon="-8.45335412918786">
    </trkpt>
    <trkpt lat="40.274689405487401" lon="-8.453093893222009">
    </trkpt>
    <trkpt lat="40.274623089718098" lon="-8.452980165131811">
    </trkpt>
    <trkpt lat="40.274632047285998" lon="-8.452930812234291">
    </trkpt>
    <trkpt lat="40.274611357286503" lon="-8.45289040618106">
    </trkpt>
    <trkpt lat="40.274435062332898" lon="-8.45281250009119">
    </trkpt>
    <trkpt lat="40.274320959974197" lon="-8.452730594317391">
    </trkpt>
    <trkpt lat="40.274231628632002" lon="-8.452622197780959">
    </trkpt>
    <trkpt lat="40.274139895510601" lon="-8.4524405381691">
    </trkpt>
    <trkpt lat="40.274026325568997" lon="-8.452197119040299">
    </trkpt>
    <trkpt lat="40.273934018093001" lon="-8.45192785604957">
    </trkpt>
    <trkpt lat="40.273901886619903" lon="-8.451813493254701">
    </trkpt>
    <trkpt lat="40.273836675626498" lon="-8.451833563041641">
    </trkpt>
    <trkpt lat="40.273827533379198" lon="-8.45199295374646">
    </trkpt>
    <trkpt lat="40.273779112047798" lon="-8.4521246751024">
    </trkpt>
    <trkpt lat="40.273558194853202" lon="-8.45176435278186">
    </trkpt>
    <trkpt lat="40.272763803218297" lon="-8.450261733358349">
    </trkpt>
    <trkpt lat="40.272384928213" lon="-8.449816656287441">
    </trkpt>
    <trkpt lat="40.272200577447798" lon="-8.44963850243176">
    </trkpt>
    <trkpt lat="40.271441772246099" lon="-8.449309194384099">
    </trkpt>
    <trkpt lat="40.2709748539191" lon="-8.449121620790271">
    </trkpt>
    <trkpt lat="40.270839830096101" lon="-8.449011067728661">
    </trkpt>
    <trkpt lat="40.270640579770799" lon="-8.44874700497706">
    </trkpt>
    <trkpt lat="40.270593342725597" lon="-8.44846089572863">
    </trkpt>
    <trkpt lat="40.270568245817003" lon="-8.448209244957489">
    </trkpt>
    <trkpt lat="40.270567847517299" lon="-8.44792223219002">
    </trkpt>
    <trkpt lat="40.270570400183601" lon="-8.447794718782291">
    </trkpt>
    <trkpt lat="40.270561178982803" lon="-8.446924536767281">
    </trkpt>
    <trkpt lat="40.2705036840688" lon="-8.446578395219641">
    </trkpt>
    <trkpt lat="40.270471238187703" lon="-8.446452907088471">
    </trkpt>
    <trkpt lat="40.270243156404497" lon="-8.445938016756781">
    </trkpt>
    <trkpt lat="40.269887095128603" lon="-8.445236494454059">
    </trkpt>
    <trkpt lat="40.269645139484197" lon="-8.44488947463876">
    </trkpt>
    <trkpt lat="40.269478868309498" lon="-8.444771941763349">
    </trkpt>
    <trkpt lat="40.269195856214601" lon="-8.44460126081265">
    </trkpt>
    <trkpt lat="40.269138536268699" lon="-8.444589345758599">
    </trkpt>
    <trkpt lat="40.2683502973034" lon="-8.444493481252779">
    </trkpt>
    <trkpt lat="40.268041449912999" lon="-8.444461043405511">
    </trkpt>
    <trkpt lat="40.267754686857899" lon="-8.44436277365268">
    </trkpt>
    <trkpt lat="40.267722358847003" lon="-8.44436533171738">
    </trkpt>
    <trkpt lat="40.267700041782803" lon="-8.44446917784353">
    </trkpt>
    <trkpt lat="40.2676914236919" lon="-8.444581431155751">
    </trkpt>
    <trkpt lat="40.267561152417002" lon="-8.44463745653664">
    </trkpt>
    <trkpt lat="40.267414815245203" lon="-8.44489146021164">
    </trkpt>
    <trkpt lat="40.267305613243998" lon="-8.444886109603971">
    </trkpt>
    <trkpt lat="40.267235288092998" lon="-8.44488089796851">
    </trkpt>
    <trkpt lat="40.267121056161798" lon="-8.444930288385519">
    </trkpt>
    <trkpt lat="40.266932523077799" lon="-8.44485072976568">
    </trkpt>
    <trkpt lat="40.266362715647702" lon="-8.444620201390141">
    </trkpt>
    <trkpt lat="40.266348699381901" lon="-8.44453158053617">
    </trkpt>
    <trkpt lat="40.266384763190899" lon="-8.444466603556609">
    </trkpt>
    <trkpt lat="40.266341833361899" lon="-8.44442863784411">
    </trkpt>
    <trkpt lat="40.266175872017499" lon="-8.44447407135644">
    </trkpt>
    <trkpt lat="40.266038429547997" lon="-8.444442526162931">
    </trkpt>
    <trkpt lat="40.2659630979702" lon="-8.444457329404839">
    </trkpt>
    <trkpt lat="40.265840481355802" lon="-8.44450443787605">
    </trkpt>
    <trkpt lat="40.264944898264801" lon="-8.444780196017581">
    </trkpt>
    <trkpt lat="40.264882660651899" lon="-8.44478686554814">
    </trkpt>
    <trkpt lat="40.264848087466397" lon="-8.444754188434599">
    </trkpt>
    <trkpt lat="40.264836419243998" lon="-8.44472353888454">
    </trkpt>
    <trkpt lat="40.264689541571897" lon="-8.44486346326217">
    </trkpt>
    <trkpt lat="40.264401534239802" lon="-8.445013032382841">
    </trkpt>
    <trkpt lat="40.263935536814301" lon="-8.445263196199351">
    </trkpt>
    <trkpt lat="40.263468796645199" lon="-8.44537882138121">
    </trkpt>
    <trkpt lat="40.263048550924999" lon="-8.44562649493411">
    </trkpt>
    <trkpt lat="40.2627683465494" lon="-8.445692695078661">
    </trkpt>
    <trkpt lat="40.262013043453102" lon="-8.445968175715491">
    </trkpt>
    <trkpt lat="40.261602313057402" lon="-8.44619163847721">
    </trkpt>
    <trkpt lat="40.261348505101502" lon="-8.44653576703938">
    </trkpt>
    <trkpt lat="40.261109118876099" lon="-8.447189197701491">
    </trkpt>
    <trkpt lat="40.260810847334099" lon="-8.44805103542207">
    </trkpt>
    <trkpt lat="40.260437129607602" lon="-8.448791426870971">
    </trkpt>
    <trkpt lat="40.2599173079712" lon="-8.449126102721159">
    </trkpt>
    <trkpt lat="40.259627962315101" lon="-8.44923828812016">
    </trkpt>
    <trkpt lat="40.259420448276401" lon="-8.44936017750469">
    </trkpt>
    <trkpt lat="40.259250081775399" lon="-8.449570783313749">
    </trkpt>
    <trkpt lat="40.258719630182199" lon="-8.450999941821051">
    </trkpt>
    <trkpt lat="40.258558768469797" lon="-8.451344035814239">
    </trkpt>
    <trkpt lat="40.258327352982597" lon="-8.45152201380837">
    </trkpt>
    <trkpt lat="40.257671238854698" lon="-8.451975578119869">
    </trkpt>
    <trkpt lat="40.2575842885866" lon="-8.45198673615212">
    </trkpt>
    <trkpt lat="40.256322225459101" lon="-8.4520291425185">
    </trkpt>
    <trkpt lat="40.256040553001803" lon="-8.4520270880084">
    </trkpt>
    <trkpt lat="40.255919529152301" lon="-8.45204781490115">
    </trkpt>
    <trkpt lat="40.2557246443737" lon="-8.451969454656229">
    </trkpt>
    <trkpt lat="40.254628909904" lon="-8.45142287118674">
    </trkpt>
    <trkpt lat="40.254352764740602" lon="-8.45127592544312">
    </trkpt>
    <trkpt lat="40.253222207718103" lon="-8.45079962340048">
    </trkpt>
    <trkpt lat="40.253175203396999" lon="-8.45077244487079">
    </trkpt>
    <trkpt lat="40.253138868319702" lon="-8.450753040953201">
    </trkpt>
    <trkpt lat="40.252830310171099" lon="-8.4513059754676">
    </trkpt>
    <trkpt lat="40.252173459721902" lon="-8.45190629327079">
    </trkpt>
    <trkpt lat="40.251751276643297" lon="-8.452216145560509">
    </trkpt>
    <trkpt lat="40.251264624386103" lon="-8.45287770861643">
    </trkpt>
    <trkpt lat="40.251075236983198" lon="-8.452690804260101">
    </trkpt>
    <trkpt lat="40.250914663164899" lon="-8.453170118006961">
    </trkpt>
    <trkpt lat="40.250913110989202" lon="-8.45320423294382">
    </trkpt>
    <trkpt lat="40.250829873536503" lon="-8.453219201638269">
    </trkpt>
    <trkpt lat="40.250833182524801" lon="-8.453316971242209">
    </trkpt>
    <trkpt lat="40.250746300832702" lon="-8.453490698146441">
    </trkpt>
    <trkpt lat="40.250496830650697" lon="-8.453753415994679">
    </trkpt>
    <trkpt lat="40.250202924792099" lon="-8.45391947272633">
    </trkpt>
    <trkpt lat="40.249869242163903" lon="-8.454026132084691">
    </trkpt>
    <trkpt lat="40.2497446591235" lon="-8.45407032522885">
    </trkpt>
    <trkpt lat="40.249156223590603" lon="-8.45423605709731">
    </trkpt>
    <trkpt lat="40.249083295201501" lon="-8.454179388346789">
    </trkpt>
    <trkpt lat="40.249039256245801" lon="-8.45403985157097">
    </trkpt>
    <trkpt lat="40.248985324645098" lon="-8.45404571510988">
    </trkpt>
    <trkpt lat="40.248669871944799" lon="-8.452735167627029">
    </trkpt>
    <trkpt lat="40.248522042613601" lon="-8.4524190694308">
    </trkpt>
    <trkpt lat="40.2483495809769" lon="-8.452209229008851">
    </trkpt>
    <trkpt lat="40.248248396458401" lon="-8.452129718204">
    </trkpt>
    <trkpt lat="40.248127536503603" lon="-8.4520707572622">
    </trkpt>
    <trkpt lat="40.247886728960999" lon="-8.452025908116619">
    </trkpt>
    <trkpt lat="40.2476481657108" lon="-8.452058483269459">
    </trkpt>
    <trkpt lat="40.2472979540034" lon="-8.45211168811819">
    </trkpt>
    <trkpt lat="40.246942498091101" lon="-8.45219680190254">
    </trkpt>
    <trkpt lat="40.246705933724897" lon="-8.452254757255719">
    </trkpt>
    <trkpt lat="40.246506717229103" lon="-8.452296721993971">
    </trkpt>
    <trkpt lat="40.246325204467603" lon="-8.45229323993925">
    </trkpt>
    <trkpt lat="40.245805366967403" lon="-8.45228019397857">
    </trkpt>
    <trkpt lat="40.244971328827198" lon="-8.452225699626091">
    </trkpt>
    <trkpt lat="40.244479625818897" lon="-8.452201128088801">
    </trkpt>
    <trkpt lat="40.243759205566498" lon="-8.45219228716266">
    </trkpt>
    <trkpt lat="40.243202401326897" lon="-8.452170575418579">
    </trkpt>
    <trkpt lat="40.242825259892101" lon="-8.45215318066273">
    </trkpt>
    <trkpt lat="40.240597356557899" lon="-8.45213287790498">
    </trkpt>
    <trkpt lat="40.240155412843201" lon="-8.4520832016575">
    </trkpt>
    <trkpt lat="40.239935999678501" lon="-8.452004240976031">
    </trkpt>
    <trkpt lat="40.239671934904202" lon="-8.45186381392455">
    </trkpt>
    <trkpt lat="40.237988977443599" lon="-8.450833287539361">
    </trkpt>
    <trkpt lat="40.2374966789166" lon="-8.45051339168208">
    </trkpt>
    <trkpt lat="40.235388085392898" lon="-8.44947630568497">
    </trkpt>
    <trkpt lat="40.234721724301203" lon="-8.449199106387731">
    </trkpt>
    <trkpt lat="40.2342590590371" lon="-8.449056195193119">
    </trkpt>
    <trkpt lat="40.233994530633801" lon="-8.448982483742251">
    </trkpt>
    <trkpt lat="40.233739302500702" lon="-8.448918203666031">
    </trkpt>
    <trkpt lat="40.2331727625374" lon="-8.448610264319029">
    </trkpt>
    <trkpt lat="40.232839153894602" lon="-8.448372082912581">
    </trkpt>
    <trkpt lat="40.231185320138501" lon="-8.447116657579089">
    </trkpt>
    <trkpt lat="40.230850993054403" lon="-8.44686159848915">
    </trkpt>
    <trkpt lat="40.228432761290797" lon="-8.44502428801634">
    </trkpt>
    <trkpt lat="40.228185895345597" lon="-8.444847166579249">
    </trkpt>
    <trkpt lat="40.228064026288202" lon="-8.44479611805486">
    </trkpt>
    <trkpt lat="40.227981388207802" lon="-8.44482430660018">
    </trkpt>
    <trkpt lat="40.227962078548401" lon="-8.44484102146777">
    </trkpt>
    <trkpt lat="40.227910990521998" lon="-8.44479402641314">
    </trkpt>
    <trkpt lat="40.227922540120097" lon="-8.44471682494726">
    </trkpt>
    <trkpt lat="40.227859218088497" lon="-8.44461059270626">
    </trkpt>
    <trkpt lat="40.2276033474852" lon="-8.44447424255597">
    </trkpt>
    <trkpt lat="40.227010259061103" lon="-8.444227351200849">
    </trkpt>
    <trkpt lat="40.226793577103003" lon="-8.444134447418429">
    </trkpt>
    <trkpt lat="40.226624720629601" lon="-8.444071809554019">
    </trkpt>
    <trkpt lat="40.226635479403001" lon="-8.443981243705389">
    </trkpt>
    <trkpt lat="40.226347883560599" lon="-8.44389245596788">
    </trkpt>
    <trkpt lat="40.2261859493779" lon="-8.443409153692111">
    </trkpt>
    <trkpt lat="40.226021767318798" lon="-8.44311165151108">
    </trkpt>
    <trkpt lat="40.225802843457103" lon="-8.442844667107121">
    </trkpt>
    <trkpt lat="40.225735880695098" lon="-8.44288684775454">
    </trkpt>
    <trkpt lat="40.225072045216599" lon="-8.44263546071409">
    </trkpt>
    <trkpt lat="40.224634520491101" lon="-8.442463665546359">
    </trkpt>
    <trkpt lat="40.224574188262999" lon="-8.442376975717661">
    </trkpt>
    <trkpt lat="40.224461965830599" lon="-8.44236585116788">
    </trkpt>
    <trkpt lat="40.224295196576598" lon="-8.4421750104251">
    </trkpt>
    <trkpt lat="40.224151502706" lon="-8.44179342587652">
    </trkpt>
    <trkpt lat="40.224070391422799" lon="-8.44182965818989">
    </trkpt>
    <trkpt lat="40.223972304526797" lon="-8.441802731182831">
    </trkpt>
    <trkpt lat="40.223928016780803" lon="-8.44198015504017">
    </trkpt>
    <trkpt lat="40.223821039304802" lon="-8.44209691492448">
    </trkpt>
    <trkpt lat="40.2236889699467" lon="-8.44214880616815">
    </trkpt>
    <trkpt lat="40.2231427146085" lon="-8.442090914246821">
    </trkpt>
    <trkpt lat="40.221978930783102" lon="-8.441568509986061">
    </trkpt>
    <trkpt lat="40.221229983228902" lon="-8.441376916822399">
    </trkpt>
    <trkpt lat="40.220775375852398" lon="-8.44128225108836">
    </trkpt>
    <trkpt lat="40.220521334051" lon="-8.44116903625441">
    </trkpt>
    <trkpt lat="40.220337162812598" lon="-8.44104780900426">
    </trkpt>
    <trkpt lat="40.219999762741402" lon="-8.44079536969882">
    </trkpt>
    <trkpt lat="40.219775035084702" lon="-8.440629063544471">
    </trkpt>
    <trkpt lat="40.219295234724001" lon="-8.44030353094584">
    </trkpt>
    <trkpt lat="40.218748141416" lon="-8.44002652614015">
    </trkpt>
    <trkpt lat="40.218500149516302" lon="-8.439918888605821">
    </trkpt>
    <trkpt lat="40.217260208942598" lon="-8.439352780836639">
    </trkpt>
    <trkpt lat="40.217218739537898" lon="-8.43924726984709">
    </trkpt>
    <trkpt lat="40.217203894367401" lon="-8.43920437553512">
    </trkpt>
    <trkpt lat="40.217142567771504" lon="-8.439167968020611">
    </trkpt>
    <trkpt lat="40.217108324480101" lon="-8.43920169367375">
    </trkpt>
    <trkpt lat="40.217054692953702" lon="-8.43921621975989">
    </trkpt>
    <trkpt lat="40.216985341302497" lon="-8.439241224077319">
    </trkpt>
    <trkpt lat="40.216906657543802" lon="-8.439213054520691">
    </trkpt>
    <trkpt lat="40.216705787567598" lon="-8.439119230148499">
    </trkpt>
    <trkpt lat="40.216580973365701" lon="-8.439040791865789">
    </trkpt>
    <trkpt lat="40.215960719513802" lon="-8.43874924785934">
    </trkpt>
    <trkpt lat="40.215959781734497" lon="-8.439213960824221">
    </trkpt>
    <trkpt lat="40.2158582031227" lon="-8.439428343661911">
    </trkpt>
    <trkpt lat="40.215657942179" lon="-8.4397921373178">
    </trkpt>
    <trkpt lat="40.215386338169701" lon="-8.4402901944091">
    </trkpt>
    <trkpt lat="40.215168070447902" lon="-8.44060922061797">
    </trkpt>
    <trkpt lat="40.215021018967597" lon="-8.440908017852591">
    </trkpt>
    <trkpt lat="40.214812851897101" lon="-8.44114168487196">
    </trkpt>
    <trkpt lat="40.214681360584898" lon="-8.44125929955678">
    </trkpt>
    <trkpt lat="40.214579100405103" lon="-8.44122552150807">
    </trkpt>
    <trkpt lat="40.213589078831902" lon="-8.44093568935746">
    </trkpt>
    <trkpt lat="40.213080626374001" lon="-8.440677333121821">
    </trkpt>
    <trkpt lat="40.212752778549998" lon="-8.440470046091351">
    </trkpt>
    <trkpt lat="40.212596548744798" lon="-8.440314587753511">
    </trkpt>
    <trkpt lat="40.212124565640799" lon="-8.43983900476894">
    </trkpt>
    <trkpt lat="40.211994687923102" lon="-8.439643442460021">
    </trkpt>
    <trkpt lat="40.211713763847797" lon="-8.43941867648627">
    </trkpt>
    <trkpt lat="40.211531093899602" lon="-8.439423936154119">
    </trkpt>
    <trkpt lat="40.211491776914997" lon="-8.43932713956019">
    </trkpt>
    <trkpt lat="40.2113728960313" lon="-8.438900148941469">
    </trkpt>
    <trkpt lat="40.211371923785201" lon="-8.438446716231519">
    </trkpt>
    <trkpt lat="40.211357239141101" lon="-8.43819465962269">
    </trkpt>
    <trkpt lat="40.211240375154098" lon="-8.437911575561641">
    </trkpt>
    <trkpt lat="40.211159537724903" lon="-8.437827774276681">
    </trkpt>
    <trkpt lat="40.211151687346003" lon="-8.437726081037731">
    </trkpt>
    <trkpt lat="40.211136516302702" lon="-8.437690220852501">
    </trkpt>
    <trkpt lat="40.209666906429" lon="-8.4364298762031">
    </trkpt>
    <trkpt lat="40.2083176027703" lon="-8.43509114658081">
    </trkpt>
    <trkpt lat="40.207721861467597" lon="-8.434381826460401">
    </trkpt>
    <trkpt lat="40.207009407780298" lon="-8.43350852782315">
    </trkpt>
    <trkpt lat="40.206746182209102" lon="-8.43316556298204">
    </trkpt>
    <trkpt lat="40.205325872512702" lon="-8.4314376821964">
    </trkpt>
    <trkpt lat="40.205143805829401" lon="-8.431489371248681">
    </trkpt>
    <trkpt lat="40.205109709461802" lon="-8.431632121351811">
    </trkpt>
    <trkpt lat="40.205024173640602" lon="-8.431626370636961">
    </trkpt>
    <trkpt lat="40.204666362586899" lon="-8.431960424114299">
    </trkpt>
    <trkpt lat="40.204553264933601" lon="-8.43209934999876">
    </trkpt>
    <trkpt lat="40.204439849204498" lon="-8.432328798209831">
    </trkpt>
    <trkpt lat="40.203660659841802" lon="-8.433436403787701">
    </trkpt>
    <trkpt lat="40.203509142291402" lon="-8.43332975710584">
    </trkpt>
    <trkpt lat="40.203180260905803" lon="-8.434338252289081">
    </trkpt>
    <trkpt lat="40.203110292846098" lon="-8.434353600195481">
    </trkpt>
    <trkpt lat="40.203091602869499" lon="-8.43444557609077">
    </trkpt>
    <trkpt lat="40.203112999859499" lon="-8.43460854505433">
    </trkpt>
    <trkpt lat="40.203066031448003" lon="-8.43500107200502">
    </trkpt>
    <trkpt lat="40.202924258040802" lon="-8.435382663771589">
    </trkpt>
    <trkpt lat="40.2027729502623" lon="-8.43550606571004">
    </trkpt>
    <trkpt lat="40.202615786350002" lon="-8.435551388689539">
    </trkpt>
    <trkpt lat="40.201280904022397" lon="-8.43579736749113">
    </trkpt>
    <trkpt lat="40.200845046860003" lon="-8.435892162109701">
    </trkpt>
    <trkpt lat="40.200778594288998" lon="-8.43588606651802">
    </trkpt>
    <trkpt lat="40.200380207996702" lon="-8.435884494359451">
    </trkpt>
    <trkpt lat="40.199867463308301" lon="-8.43576712364559">
    </trkpt>
    <trkpt lat="40.199480911570802" lon="-8.435680754520201">
    </trkpt>
    <trkpt lat="40.1993438189999" lon="-8.43563719334227">
    </trkpt>
    <trkpt lat="40.199217907934099" lon="-8.43560620071267">
    </trkpt>
    <trkpt lat="40.198968477815498" lon="-8.43559088506658">
    </trkpt>
    <trkpt lat="40.198574190600198" lon="-8.43565984837374">
    </trkpt>
    <trkpt lat="40.198333630213703" lon="-8.43577692906104">
    </trkpt>
    <trkpt lat="40.197457452137101" lon="-8.43614921513872">
    </trkpt>
    <trkpt lat="40.1972120801953" lon="-8.436202834407849">
    </trkpt>
    <trkpt lat="40.197008883093503" lon="-8.43637071066097">
    </trkpt>
    <trkpt lat="40.196801408491602" lon="-8.436594518426361">
    </trkpt>
    <trkpt lat="40.196684958039903" lon="-8.43671482405975">
    </trkpt>
    <trkpt lat="40.1966073719205" lon="-8.436812829001459">
    </trkpt>
    <trkpt lat="40.196411365328899" lon="-8.43694512471389">
    </trkpt>
    <trkpt lat="40.196242464642502" lon="-8.436945155141601">
    </trkpt>
    <trkpt lat="40.196098021917798" lon="-8.436892194620841">
    </trkpt>
    <trkpt lat="40.195869611758297" lon="-8.43669998680555">
    </trkpt>
    <trkpt lat="40.195706995773598" lon="-8.436462135388579">
    </trkpt>
    <trkpt lat="40.195612894875403" lon="-8.436330478924621">
    </trkpt>
    <trkpt lat="40.1953922403722" lon="-8.43618089653255">
    </trkpt>
    <trkpt lat="40.195216850956498" lon="-8.43609618549851">
    </trkpt>
    <trkpt lat="40.195180445722599" lon="-8.43602702416023">
    </trkpt>
    <trkpt lat="40.195129649447502" lon="-8.436026461250369">
    </trkpt>
    <trkpt lat="40.195109464605999" lon="-8.436080455962029">
    </trkpt>
    <trkpt lat="40.195058929267802" lon="-8.43609947645364">
    </trkpt>
    <trkpt lat="40.194904717619004" lon="-8.43612651620966">
    </trkpt>
    <trkpt lat="40.194727996630498" lon="-8.43620564776033">
    </trkpt>
    <trkpt lat="40.1945946242245" lon="-8.43629925310853">
    </trkpt>
    <trkpt lat="40.194483495228098" lon="-8.43639150946648">
    </trkpt>
    <trkpt lat="40.193968675750199" lon="-8.436716812589321">
    </trkpt>
    <trkpt lat="40.193792347618498" lon="-8.436743836599399">
    </trkpt>
    <trkpt lat="40.193599444204402" lon="-8.43668825568043">
    </trkpt>
    <trkpt lat="40.193455800377102" lon="-8.43657183063112">
    </trkpt>
    <trkpt lat="40.193369453441797" lon="-8.436465771944921">
    </trkpt>
    <trkpt lat="40.193250648944897" lon="-8.43603430218862">
    </trkpt>
    <trkpt lat="40.193203713505099" lon="-8.435856628851781">
    </trkpt>
    <trkpt lat="40.193105975215602" lon="-8.435666811424049">
    </trkpt>
    <trkpt lat="40.192979732650201" lon="-8.43545791191281">
    </trkpt>
    <trkpt lat="40.192856222992098" lon="-8.435351511176711">
    </trkpt>
    <trkpt lat="40.192732791683" lon="-8.4352208160399">
    </trkpt>
    <trkpt lat="40.192639321044602" lon="-8.435160537308271">
    </trkpt>
    <trkpt lat="40.192154291174297" lon="-8.434829386138929">
    </trkpt>
    <trkpt lat="40.191861460183397" lon="-8.434605661621919">
    </trkpt>
    <trkpt lat="40.191554395461303" lon="-8.43433474133386">
    </trkpt>
    <trkpt lat="40.1911763327115" lon="-8.43398403441668">
    </trkpt>
    <trkpt lat="40.190929279033" lon="-8.433714747958669">
    </trkpt>
    <trkpt lat="40.190650719810797" lon="-8.433424757451739">
    </trkpt>
    <trkpt lat="40.190457181320298" lon="-8.433170955912219">
    </trkpt>
    <trkpt lat="40.190246553411001" lon="-8.43295712866011">
    </trkpt>
    <trkpt lat="40.1900009061658" lon="-8.43278856671578">
    </trkpt>
    <trkpt lat="40.189870738793303" lon="-8.432772017860851">
    </trkpt>
    <trkpt lat="40.189722355062401" lon="-8.432771597414121">
    </trkpt>
    <trkpt lat="40.189638669256297" lon="-8.432788970025531">
    </trkpt>
    <trkpt lat="40.189561381254798" lon="-8.432881499229911">
    </trkpt>
    <trkpt lat="40.189365293022" lon="-8.43306957757294">
    </trkpt>
    <trkpt lat="40.189231215448402" lon="-8.43338232786628">
    </trkpt>
    <trkpt lat="40.189168353624702" lon="-8.43354166228114">
    </trkpt>
    <trkpt lat="40.189121234562101" lon="-8.433646130687659">
    </trkpt>
    <trkpt lat="40.189053691524599" lon="-8.43366407363623">
    </trkpt>
    <trkpt lat="40.188973068728103" lon="-8.433658953686701">
    </trkpt>
    <trkpt lat="40.188946721338297" lon="-8.43376897768697">
    </trkpt>
    <trkpt lat="40.189000053428799" lon="-8.43386865352857">
    </trkpt>
    <trkpt lat="40.189002013023" lon="-8.433977625794959">
    </trkpt>
    <trkpt lat="40.188991288133401" lon="-8.43411153302295">
    </trkpt>
    <trkpt lat="40.188926920408001" lon="-8.434265707175189">
    </trkpt>
    <trkpt lat="40.1888871838132" lon="-8.4344013576524">
    </trkpt>
    <trkpt lat="40.188770045208003" lon="-8.43461231199351">
    </trkpt>
    <trkpt lat="40.188619132838497" lon="-8.434842648861061">
    </trkpt>
    <trkpt lat="40.1884796935826" lon="-8.43500402366287">
    </trkpt>
    <trkpt lat="40.188310181991497" lon="-8.435191297893491">
    </trkpt>
    <trkpt lat="40.1882097420335" lon="-8.435326930311231">
    </trkpt>
    <trkpt lat="40.188083981278503" lon="-8.435466356556629">
    </trkpt>
    <trkpt lat="40.1878364432403" lon="-8.43574130598441">
    </trkpt>
    <trkpt lat="40.187631535716001" lon="-8.435913552934529">
    </trkpt>
    <trkpt lat="40.187381423167999" lon="-8.43601564311189">
    </trkpt>
    <trkpt lat="40.187214126203799" lon="-8.436006247066061">
    </trkpt>
    <trkpt lat="40.187014385771903" lon="-8.43596996144805">
    </trkpt>
    <trkpt lat="40.186914070075801" lon="-8.43590362629944">
    </trkpt>
    <trkpt lat="40.186808236975899" lon="-8.435834175078">
    </trkpt>
    <trkpt lat="40.186360415160799" lon="-8.43552716032249">
    </trkpt>
    <trkpt lat="40.186256214316501" lon="-8.435498411582831">
    </trkpt>
    <trkpt lat="40.186083449147702" lon="-8.43545915185811">
    </trkpt>
    <trkpt lat="40.185936075424898" lon="-8.43546212871331">
    </trkpt>
    <trkpt lat="40.185865624242801" lon="-8.43548824480372">
    </trkpt>
    <trkpt lat="40.185609696623402" lon="-8.435627368885971">
    </trkpt>
    <trkpt lat="40.185525448758099" lon="-8.43572298145194">
    </trkpt>
    <trkpt lat="40.185479020101702" lon="-8.435740967970689">
    </trkpt>
    <trkpt lat="40.185411645593902" lon="-8.43574701337131">
    </trkpt>
    <trkpt lat="40.185329409279603" lon="-8.43574349773972">
    </trkpt>
    <trkpt lat="40.185308723151202" lon="-8.435712345602861">
    </trkpt>
    <trkpt lat="40.185292167941803" lon="-8.43573420322528">
    </trkpt>
    <trkpt lat="40.185249232402199" lon="-8.4357852986422">
    </trkpt>
    <trkpt lat="40.185261694250499" lon="-8.435851109775269">
    </trkpt>
    <trkpt lat="40.185277393983199" lon="-8.43592339087099">
    </trkpt>
    <trkpt lat="40.185285964844503" lon="-8.43600866234374">
    </trkpt>
    <trkpt lat="40.185292302496102" lon="-8.43606134389759">
    </trkpt>
    <trkpt lat="40.185267061214503" lon="-8.43614300559803">
    </trkpt>
    <trkpt lat="40.1852025304403" lon="-8.43639199117221">
    </trkpt>
    <trkpt lat="40.185185589773802" lon="-8.43656074564308">
    </trkpt>
    <trkpt lat="40.185183236168001" lon="-8.436800237398259">
    </trkpt>
    <trkpt lat="40.185218255623099" lon="-8.437050712775971">
    </trkpt>
    <trkpt lat="40.1853103883061" lon="-8.43738447314697">
    </trkpt>
    <trkpt lat="40.185433437589701" lon="-8.437790057701889">
    </trkpt>
    <trkpt lat="40.185536765329999" lon="-8.43803974006728">
    </trkpt>
    <trkpt lat="40.185997526836303" lon="-8.439071037127849">
    </trkpt>
    <trkpt lat="40.186046532033998" lon="-8.439383285377151">
    </trkpt>
    <trkpt lat="40.186022539754603" lon="-8.439929535534169">
    </trkpt>
    <trkpt lat="40.185962297266599" lon="-8.440276905811521">
    </trkpt>
    <trkpt lat="40.1858446013972" lon="-8.440891439733671">
    </trkpt>
    <trkpt lat="40.185794856539196" lon="-8.441096029730019">
    </trkpt>
    <trkpt lat="40.185592717695499" lon="-8.441672138473759">
    </trkpt>
    <trkpt lat="40.185518771430999" lon="-8.4417949838928">
    </trkpt>
    <trkpt lat="40.185411165125501" lon="-8.44193911017013">
    </trkpt>
    <trkpt lat="40.185325549334401" lon="-8.442025824400091">
    </trkpt>
    <trkpt lat="40.185059697474998" lon="-8.44223926858422">
    </trkpt>
    <trkpt lat="40.184882207437497" lon="-8.44242602878859">
    </trkpt>
    <trkpt lat="40.184738793241998" lon="-8.44250222578305">
    </trkpt>
    <trkpt lat="40.184533364034003" lon="-8.442666110566471">
    </trkpt>
    <trkpt lat="40.184421080395197" lon="-8.442769341460391">
    </trkpt>
    <trkpt lat="40.184103540341503" lon="-8.443105560198511">
    </trkpt>
    <trkpt lat="40.183849471113398" lon="-8.44353901353008">
    </trkpt>
    <trkpt lat="40.1834770294655" lon="-8.44432535755025">
    </trkpt>
    <trkpt lat="40.183264610215403" lon="-8.44487541683891">
    </trkpt>
    <trkpt lat="40.183239813341501" lon="-8.44496473174771">
    </trkpt>
    <trkpt lat="40.183131112573598" lon="-8.445764831103901">
    </trkpt>
    <trkpt lat="40.183095601329697" lon="-8.446141716788761">
    </trkpt>
    <trkpt lat="40.183010475242497" lon="-8.44706786125095">
    </trkpt>
    <trkpt lat="40.182896707098699" lon="-8.447384906267169">
    </trkpt>
    <trkpt lat="40.182840093139802" lon="-8.44748473438667">
    </trkpt>
    <trkpt lat="40.182636044252803" lon="-8.44757620991007">
    </trkpt>
    <trkpt lat="40.182598322667303" lon="-8.4476824821504">
    </trkpt>
    <trkpt lat="40.182670562264001" lon="-8.447696417473161">
    </trkpt>
    <trkpt lat="40.182594093874997" lon="-8.44779135421733">
    </trkpt>
    <trkpt lat="40.182125766956197" lon="-8.44840976578781">
    </trkpt>
    <trkpt lat="40.181939140781402" lon="-8.44842534162583">
    </trkpt>
    <trkpt lat="40.181833809681898" lon="-8.44857994688126">
    </trkpt>
    <trkpt lat="40.181803192629097" lon="-8.448748526434329">
    </trkpt>
    <trkpt lat="40.181623088840297" lon="-8.44883058303043">
    </trkpt>
    <trkpt lat="40.181421493445498" lon="-8.44891170725897">
    </trkpt>
    <trkpt lat="40.181233881996803" lon="-8.4489555350717">
    </trkpt>
    <trkpt lat="40.181060567501298" lon="-8.44897488981203">
    </trkpt>
    <trkpt lat="40.180945403067597" lon="-8.448981372592019">
    </trkpt>
    <trkpt lat="40.180561790178302" lon="-8.44899574736352">
    </trkpt>
    <trkpt lat="40.180400149792902" lon="-8.44905973318382">
    </trkpt>
    <trkpt lat="40.180121252012199" lon="-8.449175551488031">
    </trkpt>
    <trkpt lat="40.179950382363998" lon="-8.449245072940551">
    </trkpt>
    <trkpt lat="40.179701424641301" lon="-8.449338925912921">
    </trkpt>
    <trkpt lat="40.179471418941297" lon="-8.449545390627719">
    </trkpt>
    <trkpt lat="40.179365930306901" lon="-8.44959653765817">
    </trkpt>
    <trkpt lat="40.179182677840899" lon="-8.449718000534761">
    </trkpt>
    <trkpt lat="40.1784610520385" lon="-8.450195992327201">
    </trkpt>
    <trkpt lat="40.178232933534197" lon="-8.4504667710217">
    </trkpt>
    <trkpt lat="40.178101160145097" lon="-8.45061298258679">
    </trkpt>
    <trkpt lat="40.177864076776203" lon="-8.450889602594019">
    </trkpt>
    <trkpt lat="40.177807873570401" lon="-8.45087262627993">
    </trkpt>
    <trkpt lat="40.177729336401399" lon="-8.45084817176469">
    </trkpt>
    <trkpt lat="40.1777284247555" lon="-8.45072883249096">
    </trkpt>
    <trkpt lat="40.1777293762878" lon="-8.45071425366965">
    </trkpt>
    <trkpt lat="40.177715419587301" lon="-8.450714638394651">
    </trkpt>
    <trkpt lat="40.177644884121001" lon="-8.4507178063674">
    </trkpt>
    <trkpt lat="40.177639049185998" lon="-8.45100466125186">
    </trkpt>
    <trkpt lat="40.177595879387397" lon="-8.451205936537679">
    </trkpt>
    <trkpt lat="40.177562132568802" lon="-8.45120824584286">
    </trkpt>
    <trkpt lat="40.1775407301973" lon="-8.451252873026419">
    </trkpt>
    <trkpt lat="40.177564297507701" lon="-8.45128475377105">
    </trkpt>
    <trkpt lat="40.177517574670503" lon="-8.451376388961821">
    </trkpt>
    <trkpt lat="40.177460535207302" lon="-8.451866482930731">
    </trkpt>
    <trkpt lat="40.177455440126302" lon="-8.45217941193666">
    </trkpt>
    <trkpt lat="40.177451567940999" lon="-8.452240343471461">
    </trkpt>
    <trkpt lat="40.177449925848499" lon="-8.45274197594463">
    </trkpt>
    <trkpt lat="40.177418369665098" lon="-8.452828840772851">
    </trkpt>
    <trkpt lat="40.177387189413402" lon="-8.45288649149999">
    </trkpt>
    <trkpt lat="40.177350042118199" lon="-8.452934914824841">
    </trkpt>
    <trkpt lat="40.177282698405797" lon="-8.453039580901549">
    </trkpt>
    <trkpt lat="40.1772675982577" lon="-8.453217337616961">
    </trkpt>
    <trkpt lat="40.177281156312901" lon="-8.45329688776769">
    </trkpt>
    <trkpt lat="40.177281721255497" lon="-8.453403881289059">
    </trkpt>
    <trkpt lat="40.1772524885534" lon="-8.45350959485021">
    </trkpt>
    <trkpt lat="40.177215674710901" lon="-8.45357935210744">
    </trkpt>
    <trkpt lat="40.177137529830503" lon="-8.45366573812427">
    </trkpt>
    <trkpt lat="40.177078444566398" lon="-8.453712866849539">
    </trkpt>
    <trkpt lat="40.176992659102702" lon="-8.453770618292911">
    </trkpt>
    <trkpt lat="40.176948173911001" lon="-8.45378781809355">
    </trkpt>
    <trkpt lat="40.176887912810102" lon="-8.453805688561729">
    </trkpt>
    <trkpt lat="40.176712765486698" lon="-8.45382432279904">
    </trkpt>
    <trkpt lat="40.176600784029901" lon="-8.45382507633796">
    </trkpt>
    <trkpt lat="40.176518772079" lon="-8.45381856973176">
    </trkpt>
    <trkpt lat="40.176384525181703" lon="-8.4538096497675">
    </trkpt>
    <trkpt lat="40.176302777504901" lon="-8.453799623214399">
    </trkpt>
    <trkpt lat="40.175960741019303" lon="-8.45375496189863">
    </trkpt>
    <trkpt lat="40.175883630937697" lon="-8.45373093816487">
    </trkpt>
    <trkpt lat="40.175719353263602" lon="-8.453729842073111">
    </trkpt>
    <trkpt lat="40.175717267935497" lon="-8.45366133721666">
    </trkpt>
    <trkpt lat="40.1756590215616" lon="-8.45362069926507">
    </trkpt>
    <trkpt lat="40.175579608584599" lon="-8.453709261994341">
    </trkpt>
    <trkpt lat="40.175509851212702" lon="-8.45373371263787">
    </trkpt>
    <trkpt lat="40.175397881902697" lon="-8.45371393720235">
    </trkpt>
    <trkpt lat="40.174992909291603" lon="-8.45370174516094">
    </trkpt>
    <trkpt lat="40.1747301351716" lon="-8.4538051781481">
    </trkpt>
    <trkpt lat="40.174506433166101" lon="-8.453918344450891">
    </trkpt>
    <trkpt lat="40.1740367311928" lon="-8.454141224012339">
    </trkpt>
    <trkpt lat="40.173916952454398" lon="-8.454174392056309">
    </trkpt>
    <trkpt lat="40.1738153657518" lon="-8.45419594397422">
    </trkpt>
    <trkpt lat="40.173734710830203" lon="-8.45419182530229">
    </trkpt>
    <trkpt lat="40.173536958234003" lon="-8.454188181532841">
    </trkpt>
    <trkpt lat="40.173430927809498" lon="-8.45417656981591">
    </trkpt>
    <trkpt lat="40.172782286927003" lon="-8.454139260138801">
    </trkpt>
    <trkpt lat="40.172693642998297" lon="-8.45412631334257">
    </trkpt>
    <trkpt lat="40.172592761908199" lon="-8.454159448468159">
    </trkpt>
    <trkpt lat="40.172459123349199" lon="-8.45419759477096">
    </trkpt>
    <trkpt lat="40.1723930730574" lon="-8.45421788085252">
    </trkpt>
    <trkpt lat="40.172327595501997" lon="-8.45420615923029">
    </trkpt>
    <trkpt lat="40.172294421062702" lon="-8.454165988904361">
    </trkpt>
    <trkpt lat="40.172282310679797" lon="-8.45416492314305">
    </trkpt>
    <trkpt lat="40.1722083509475" lon="-8.4541986553805">
    </trkpt>
    <trkpt lat="40.172212297233798" lon="-8.454199027089791">
    </trkpt>
    <trkpt lat="40.1722471176356" lon="-8.4543492519835">
    </trkpt>
    <trkpt lat="40.172203810202397" lon="-8.454370123553259">
    </trkpt>
    <trkpt lat="40.1707415587586" lon="-8.455669983664089">
    </trkpt>
    <trkpt lat="40.170477425478701" lon="-8.455892840092529">
    </trkpt>
    <trkpt lat="40.169857963752598" lon="-8.45635002183176">
    </trkpt>
    <trkpt lat="40.169430315540097" lon="-8.456618682337311">
    </trkpt>
    <trkpt lat="40.1693038915447" lon="-8.456743189076841">
    </trkpt>
    <trkpt lat="40.168402957810699" lon="-8.45768780626733">
    </trkpt>
    <trkpt lat="40.168140900777502" lon="-8.457994187548881">
    </trkpt>
    <trkpt lat="40.167762341659198" lon="-8.45840770742735">
    </trkpt>
    <trkpt lat="40.167324762015198" lon="-8.458898539844739">
    </trkpt>
    <trkpt lat="40.167131036277297" lon="-8.459136906365041">
    </trkpt>
    <trkpt lat="40.166955896084502" lon="-8.459298996164071">
    </trkpt>
    <trkpt lat="40.166682608490703" lon="-8.459467471731809">
    </trkpt>
    <trkpt lat="40.1665726594509" lon="-8.459487042556979">
    </trkpt>
    <trkpt lat="40.166551627080501" lon="-8.459466911192729">
    </trkpt>
    <trkpt lat="40.166550939362402" lon="-8.459424613420721">
    </trkpt>
    <trkpt lat="40.166490275105502" lon="-8.459412173697901">
    </trkpt>
    <trkpt lat="40.166410199581101" lon="-8.45954320208028">
    </trkpt>
    <trkpt lat="40.166360098812603" lon="-8.45955880527746">
    </trkpt>
    <trkpt lat="40.1662163665561" lon="-8.4596191975909">
    </trkpt>
    <trkpt lat="40.166102591116697" lon="-8.45963405271401">
    </trkpt>
    <trkpt lat="40.165568724194799" lon="-8.459776269282591">
    </trkpt>
    <trkpt lat="40.165564999006897" lon="-8.459863832644499">
    </trkpt>
    <trkpt lat="40.165516449643299" lon="-8.45994063257924">
    </trkpt>
    <trkpt lat="40.1654393517491" lon="-8.46009434031232">
    </trkpt>
    <trkpt lat="40.165377921652002" lon="-8.460328102512729">
    </trkpt>
    <trkpt lat="40.165283717689803" lon="-8.46031502630839">
    </trkpt>
    <trkpt lat="40.165238052215997" lon="-8.460091362356501">
    </trkpt>
    <trkpt lat="40.165199276615397" lon="-8.460057092438699">
    </trkpt>
    <trkpt lat="40.165070307881201" lon="-8.45998748245407">
    </trkpt>
    <trkpt lat="40.1649792635613" lon="-8.459986512382279">
    </trkpt>
    <trkpt lat="40.164711287592503" lon="-8.45997207486726">
    </trkpt>
    <trkpt lat="40.164709053613301" lon="-8.460026172458139">
    </trkpt>
    <trkpt lat="40.164650775243203" lon="-8.46009020314647">
    </trkpt>
    <trkpt lat="40.164504060337897" lon="-8.45996168724314">
    </trkpt>
    <trkpt lat="40.164447090510798" lon="-8.459957916990019">
    </trkpt>
    <trkpt lat="40.164420526061498" lon="-8.45998084487956">
    </trkpt>
    <trkpt lat="40.164402189716903" lon="-8.46001376260031">
    </trkpt>
    <trkpt lat="40.164343908303898" lon="-8.460138921763679">
    </trkpt>
    <trkpt lat="40.164287692080002" lon="-8.460124121568549">
    </trkpt>
    <trkpt lat="40.164270985892699" lon="-8.46009272240258">
    </trkpt>
    <trkpt lat="40.164175339180197" lon="-8.4600653695926">
    </trkpt>
    <trkpt lat="40.164110996440797" lon="-8.46012413988773">
    </trkpt>
    <trkpt lat="40.164075244107302" lon="-8.460092123406501">
    </trkpt>
    <trkpt lat="40.1640736832111" lon="-8.460060217439709">
    </trkpt>
    <trkpt lat="40.164031478164098" lon="-8.46004889336024">
    </trkpt>
    <trkpt lat="40.163849739841403" lon="-8.46001632166147">
    </trkpt>
    <trkpt lat="40.163838002049303" lon="-8.459974564948039">
    </trkpt>
    <trkpt lat="40.163720086025599" lon="-8.459994675489691">
    </trkpt>
    <trkpt lat="40.163571416299" lon="-8.46001926240786">
    </trkpt>
    <trkpt lat="40.163465707096798" lon="-8.460087352456959">
    </trkpt>
    <trkpt lat="40.163341652535998" lon="-8.460176277155149">
    </trkpt>
    <trkpt lat="40.163255077093602" lon="-8.4602259868715">
    </trkpt>
    <trkpt lat="40.163206175967296" lon="-8.460108199623001">
    </trkpt>
    <trkpt lat="40.162386294499498" lon="-8.460847644970521">
    </trkpt>
    <trkpt lat="40.1622938294881" lon="-8.460877765770491">
    </trkpt>
    <trkpt lat="40.162209119683702" lon="-8.460860958813781">
    </trkpt>
    <trkpt lat="40.1621860742463" lon="-8.460852027937779">
    </trkpt>
    <trkpt lat="40.162118877502998" lon="-8.46094622835661">
    </trkpt>
    <trkpt lat="40.162150256415799" lon="-8.46100986368717">
    </trkpt>
    <trkpt lat="40.1621459201506" lon="-8.461091596160079">
    </trkpt>
    <trkpt lat="40.162124018316298" lon="-8.46116967608555">
    </trkpt>
    <trkpt lat="40.162045590562897" lon="-8.46127443503554">
    </trkpt>
    <trkpt lat="40.161625445713703" lon="-8.461862104155781">
    </trkpt>
    <trkpt lat="40.1614056488825" lon="-8.46203621701698">
    </trkpt>
    <trkpt lat="40.161186222488801" lon="-8.462180822969341">
    </trkpt>
    <trkpt lat="40.160980647097603" lon="-8.46227568235326">
    </trkpt>
    <trkpt lat="40.1602582432457" lon="-8.46254581564874">
    </trkpt>
    <trkpt lat="40.16006787741" lon="-8.462569254842659">
    </trkpt>
    <trkpt lat="40.159795194446197" lon="-8.462607991059359">
    </trkpt>
    <trkpt lat="40.159162706824198" lon="-8.46269559245823">
    </trkpt>
    <trkpt lat="40.158972137767599" lon="-8.46276509572038">
    </trkpt>
    <trkpt lat="40.158775350936601" lon="-8.46282502808989">
    </trkpt>
    <trkpt lat="40.158635971818597" lon="-8.46286162781885">
    </trkpt>
    <trkpt lat="40.1584892487747" lon="-8.46294002422588">
    </trkpt>
    <trkpt lat="40.157927104192602" lon="-8.46321992558355">
    </trkpt>
    <trkpt lat="40.157149214869101" lon="-8.46359886864334">
    </trkpt>
    <trkpt lat="40.156781606731499" lon="-8.46376161791766">
    </trkpt>
    <trkpt lat="40.156273341400301" lon="-8.463982218520179">
    </trkpt>
    <trkpt lat="40.155833736150598" lon="-8.464047680861">
    </trkpt>
    <trkpt lat="40.1556663995311" lon="-8.46404993868209">
    </trkpt>
    <trkpt lat="40.155422530408003" lon="-8.46403856156171">
    </trkpt>
    <trkpt lat="40.155217069962902" lon="-8.46398002420751">
    </trkpt>
    <trkpt lat="40.155086195439701" lon="-8.463934871732119">
    </trkpt>
    <trkpt lat="40.154943394015397" lon="-8.46383853992562">
    </trkpt>
    <trkpt lat="40.154853137556003" lon="-8.4637708756919">
    </trkpt>
    <trkpt lat="40.154369016885703" lon="-8.46336071521946">
    </trkpt>
    <trkpt lat="40.154344352089403" lon="-8.46332894205397">
    </trkpt>
    <trkpt lat="40.154317016373" lon="-8.463207104574909">
    </trkpt>
    <trkpt lat="40.154325500113202" lon="-8.46319192648893">
    </trkpt>
    <trkpt lat="40.154227527918202" lon="-8.46312107586396">
    </trkpt>
    <trkpt lat="40.154195005250898" lon="-8.46320059580585">
    </trkpt>
    <trkpt lat="40.154156525467897" lon="-8.463254825337479">
    </trkpt>
    <trkpt lat="40.154094430644101" lon="-8.46325365922392">
    </trkpt>
    <trkpt lat="40.154006544553702" lon="-8.463254527613699">
    </trkpt>
    <trkpt lat="40.153920652707697" lon="-8.46323200054089">
    </trkpt>
    <trkpt lat="40.153890412137898" lon="-8.46323541141318">
    </trkpt>
    <trkpt lat="40.153845442553198" lon="-8.463208565932771">
    </trkpt>
    <trkpt lat="40.153745844732597" lon="-8.463149495833481">
    </trkpt>
    <trkpt lat="40.153710147878698" lon="-8.46324479436556">
    </trkpt>
    <trkpt lat="40.153639823384999" lon="-8.463281421838319">
    </trkpt>
    <trkpt lat="40.153390516176003" lon="-8.463409132197301">
    </trkpt>
    <trkpt lat="40.153232547333097" lon="-8.463489161388861">
    </trkpt>
    <trkpt lat="40.152849233355902" lon="-8.46367461021171">
    </trkpt>
    <trkpt lat="40.1524906486516" lon="-8.463802798685069">
    </trkpt>
    <trkpt lat="40.1521591765895" lon="-8.463887216942741">
    </trkpt>
    <trkpt lat="40.151940123358798" lon="-8.463942754954649">
    </trkpt>
    <trkpt lat="40.151609557667598" lon="-8.464084938185319">
    </trkpt>
    <trkpt lat="40.151339678883502" lon="-8.464278247173331">
    </trkpt>
    <trkpt lat="40.150898228860001" lon="-8.464651194731561">
    </trkpt>
    <trkpt lat="40.150442144037001" lon="-8.46501699524457">
    </trkpt>
    <trkpt lat="40.150287257860597" lon="-8.46513240897777">
    </trkpt>
    <trkpt lat="40.149116473993899" lon="-8.46574129983356">
    </trkpt>
    <trkpt lat="40.1487386743771" lon="-8.465910753490849">
    </trkpt>
    <trkpt lat="40.148511002074898" lon="-8.466020931141911">
    </trkpt>
    <trkpt lat="40.147292865467101" lon="-8.466626253584961">
    </trkpt>
    <trkpt lat="40.146980974940199" lon="-8.466808557937441">
    </trkpt>
    <trkpt lat="40.146743118511303" lon="-8.467062195687619">
    </trkpt>
    <trkpt lat="40.146498628554603" lon="-8.467311781752789">
    </trkpt>
    <trkpt lat="40.146092822801897" lon="-8.467561979596329">
    </trkpt>
    <trkpt lat="40.145889680768597" lon="-8.46762192428772">
    </trkpt>
    <trkpt lat="40.145298910910498" lon="-8.46749564876003">
    </trkpt>
    <trkpt lat="40.144943922012502" lon="-8.467471010682511">
    </trkpt>
    <trkpt lat="40.144762449192903" lon="-8.467461425784901">
    </trkpt>
    <trkpt lat="40.144609999382801" lon="-8.46747427861923">
    </trkpt>
    <trkpt lat="40.143500268037201" lon="-8.467744005914099">
    </trkpt>
    <trkpt lat="40.143212655925801" lon="-8.4678055198309">
    </trkpt>
    <trkpt lat="40.1430313333124" lon="-8.467849048486279">
    </trkpt>
    <trkpt lat="40.143015876267498" lon="-8.467789294821561">
    </trkpt>
    <trkpt lat="40.142994771559998" lon="-8.467785332326811">
    </trkpt>
    <trkpt lat="40.142949144037203" lon="-8.4678660699226">
    </trkpt>
    <trkpt lat="40.142109161420102" lon="-8.468023838903621">
    </trkpt>
    <trkpt lat="40.142136207674902" lon="-8.4681268878662">
    </trkpt>
    <trkpt lat="40.141397292867801" lon="-8.468291770916601">
    </trkpt>
    <trkpt lat="40.140542605265203" lon="-8.468267992462801">
    </trkpt>
    <trkpt lat="40.140248506212302" lon="-8.468291367103999">
    </trkpt>
    <trkpt lat="40.139667517305398" lon="-8.468526273787139">
    </trkpt>
    <trkpt lat="40.138712527603303" lon="-8.46933155732995">
    </trkpt>
    <trkpt lat="40.138681602699201" lon="-8.46956992667031">
    </trkpt>
    <trkpt lat="40.1386935894554" lon="-8.46970808587009">
    </trkpt>
    <trkpt lat="40.1386489682289" lon="-8.46972970115127">
    </trkpt>
    <trkpt lat="40.138601609456202" lon="-8.46964830953676">
    </trkpt>
    <trkpt lat="40.138468379612497" lon="-8.469565305283441">
    </trkpt>
    <trkpt lat="40.138443928401102" lon="-8.46952849458402">
    </trkpt>
    <trkpt lat="40.138141764636899" lon="-8.469587327712141">
    </trkpt>
    <trkpt lat="40.1375847831047" lon="-8.469904355343649">
    </trkpt>
    <trkpt lat="40.137270392272001" lon="-8.469957677950161">
    </trkpt>
    <trkpt lat="40.137136302024501" lon="-8.470032431133269">
    </trkpt>
    <trkpt lat="40.1369878577203" lon="-8.470202225179211">
    </trkpt>
    <trkpt lat="40.136403844646502" lon="-8.470996039781999">
    </trkpt>
    <trkpt lat="40.1359951689506" lon="-8.47121877736684">
    </trkpt>
    <trkpt lat="40.135075535660398" lon="-8.47184142170623">
    </trkpt>
    <trkpt lat="40.134620507465897" lon="-8.472425033371779">
    </trkpt>
    <trkpt lat="40.134557447272897" lon="-8.47235922794947">
    </trkpt>
    <trkpt lat="40.134285143504101" lon="-8.47287831320217">
    </trkpt>
    <trkpt lat="40.134238333175603" lon="-8.47309968732076">
    </trkpt>
    <trkpt lat="40.1342446547092" lon="-8.47338548419628">
    </trkpt>
    <trkpt lat="40.1342409977457" lon="-8.47365221221742">
    </trkpt>
    <trkpt lat="40.134211755630503" lon="-8.473800190161819">
    </trkpt>
    <trkpt lat="40.134073079133998" lon="-8.47389470757139">
    </trkpt>
    <trkpt lat="40.133963456730903" lon="-8.47394070501009">
    </trkpt>
    <trkpt lat="40.133881063165298" lon="-8.47389870966439">
    </trkpt>
    <trkpt lat="40.133503020151203" lon="-8.473304100671591">
    </trkpt>
    <trkpt lat="40.133416128026496" lon="-8.47302200079204">
    </trkpt>
    <trkpt lat="40.133422103649103" lon="-8.47288676306291">
    </trkpt>
    <trkpt lat="40.133460952032003" lon="-8.472721461411711">
    </trkpt>
    <trkpt lat="40.133498320952" lon="-8.47252035247624">
    </trkpt>
    <trkpt lat="40.1335415759117" lon="-8.472370747841341">
    </trkpt>
    <trkpt lat="40.133579665626598" lon="-8.472187394986999">
    </trkpt>
    <trkpt lat="40.133597051800002" lon="-8.47213060413792">
    </trkpt>
    <trkpt lat="40.133516861707797" lon="-8.47209429760753">
    </trkpt>
    <trkpt lat="40.133454595607503" lon="-8.472034197171221">
    </trkpt>
    <trkpt lat="40.133104261668898" lon="-8.472101535798171">
    </trkpt>
    <trkpt lat="40.1330936574413" lon="-8.47202396662988">
    </trkpt>
    <trkpt lat="40.132400514709602" lon="-8.472090656286539">
    </trkpt>
    <trkpt lat="40.131820407164398" lon="-8.4720504180986">
    </trkpt>
    <trkpt lat="40.131602363236702" lon="-8.472026204446291">
    </trkpt>
    <trkpt lat="40.131340099256498" lon="-8.47194189224207">
    </trkpt>
    <trkpt lat="40.131068011839901" lon="-8.471691472146331">
    </trkpt>
    <trkpt lat="40.130871945939298" lon="-8.471692338673201">
    </trkpt>
    <trkpt lat="40.130608396363499" lon="-8.47175543423571">
    </trkpt>
    <trkpt lat="40.130571323403601" lon="-8.47176831093998">
    </trkpt>
    <trkpt lat="40.130418340614803" lon="-8.471692399608431">
    </trkpt>
    <trkpt lat="40.130199073762903" lon="-8.471436156070361">
    </trkpt>
    <trkpt lat="40.130169683838503" lon="-8.471373870384079">
    </trkpt>
    <trkpt lat="40.129751788677801" lon="-8.471064046188991">
    </trkpt>
    <trkpt lat="40.129579524513197" lon="-8.47094345823494">
    </trkpt>
    <trkpt lat="40.129390466551101" lon="-8.470900843609821">
    </trkpt>
    <trkpt lat="40.129213864178098" lon="-8.470881896771211">
    </trkpt>
    <trkpt lat="40.129045685288197" lon="-8.470877784145751">
    </trkpt>
    <trkpt lat="40.128850079245098" lon="-8.47088775907919">
    </trkpt>
    <trkpt lat="40.128756718703599" lon="-8.47094177584424">
    </trkpt>
    <trkpt lat="40.128699489497997" lon="-8.471023586521291">
    </trkpt>
    <trkpt lat="40.128650914794001" lon="-8.471118551953699">
    </trkpt>
    <trkpt lat="40.1286065800264" lon="-8.471249260302461">
    </trkpt>
    <trkpt lat="40.128601346110003" lon="-8.471375566251311">
    </trkpt>
    <trkpt lat="40.1285639045715" lon="-8.47163972806424">
    </trkpt>
    <trkpt lat="40.128414323940298" lon="-8.4719222864187">
    </trkpt>
    <trkpt lat="40.128269488316803" lon="-8.47209856304374">
    </trkpt>
    <trkpt lat="40.128232643270202" lon="-8.47237196852671">
    </trkpt>
    <trkpt lat="40.128143028779697" lon="-8.47269176249806">
    </trkpt>
    <trkpt lat="40.1279225579692" lon="-8.47351672650143">
    </trkpt>
    <trkpt lat="40.127578601246" lon="-8.474681094623911">
    </trkpt>
    <trkpt lat="40.127466723287803" lon="-8.474953545781201">
    </trkpt>
    <trkpt lat="40.127205963170198" lon="-8.47523437302792">
    </trkpt>
    <trkpt lat="40.127025062724798" lon="-8.47544255798136">
    </trkpt>
    <trkpt lat="40.127003515077099" lon="-8.475593547598351">
    </trkpt>
    <trkpt lat="40.127037829966902" lon="-8.4759737142316">
    </trkpt>
    <trkpt lat="40.127030574826797" lon="-8.47637454347942">
    </trkpt>
    <trkpt lat="40.126997582983698" lon="-8.47664209796911">
    </trkpt>
    <trkpt lat="40.1268511048333" lon="-8.476948864298629">
    </trkpt>
    <trkpt lat="40.126847287117698" lon="-8.477018365606201">
    </trkpt>
    <trkpt lat="40.127017988588399" lon="-8.477662257398141">
    </trkpt>
    <trkpt lat="40.126973100122498" lon="-8.477734401062749">
    </trkpt>
    <trkpt lat="40.127029421189597" lon="-8.477813537435351">
    </trkpt>
    <trkpt lat="40.127029033412398" lon="-8.477911923684459">
    </trkpt>
    <trkpt lat="40.1269371562705" lon="-8.47847451495117">
    </trkpt>
    <trkpt lat="40.126945684082997" lon="-8.47870202579989">
    </trkpt>
    <trkpt lat="40.126920327225299" lon="-8.479124554955289">
    </trkpt>
    <trkpt lat="40.1269486587315" lon="-8.47936485296488">
    </trkpt>
    <trkpt lat="40.1269625804564" lon="-8.479480791400141">
    </trkpt>
    <trkpt lat="40.126772776550602" lon="-8.48026680604044">
    </trkpt>
    <trkpt lat="40.126826757694097" lon="-8.48027805767112">
    </trkpt>
    <trkpt lat="40.126846765462801" lon="-8.48034687897543">
    </trkpt>
    <trkpt lat="40.127024158759298" lon="-8.480652614207891">
    </trkpt>
    <trkpt lat="40.126969180851397" lon="-8.480726891811591">
    </trkpt>
    <trkpt lat="40.126977513471502" lon="-8.48078877113163">
    </trkpt>
    <trkpt lat="40.126744601030303" lon="-8.48108021694223">
    </trkpt>
    <trkpt lat="40.126788515855402" lon="-8.481147441585581">
    </trkpt>
    <trkpt lat="40.126136314177401" lon="-8.481901215329909">
    </trkpt>
    <trkpt lat="40.125871264037201" lon="-8.48229206801787">
    </trkpt>
    <trkpt lat="40.125734569817503" lon="-8.48249281885056">
    </trkpt>
    <trkpt lat="40.125354173411402" lon="-8.483179053572989">
    </trkpt>
    <trkpt lat="40.125223695509803" lon="-8.483336517106141">
    </trkpt>
    <trkpt lat="40.125017077721203" lon="-8.48344485055863">
    </trkpt>
    <trkpt lat="40.124811162328399" lon="-8.48349417254768">
    </trkpt>
    <trkpt lat="40.1246459416164" lon="-8.483514403974331">
    </trkpt>
    <trkpt lat="40.124515313183302" lon="-8.48348449311699">
    </trkpt>
    <trkpt lat="40.124056724416597" lon="-8.48342692422189">
    </trkpt>
    <trkpt lat="40.123938536882697" lon="-8.483385888451">
    </trkpt>
    <trkpt lat="40.123754795850601" lon="-8.483354931354871">
    </trkpt>
    <trkpt lat="40.123511196457898" lon="-8.483330910833351">
    </trkpt>
    <trkpt lat="40.123380576381003" lon="-8.48332113987124">
    </trkpt>
    <trkpt lat="40.123113095135302" lon="-8.483347559006511">
    </trkpt>
    <trkpt lat="40.122848600551201" lon="-8.483413064699761">
    </trkpt>
    <trkpt lat="40.122568734260298" lon="-8.48360844510189">
    </trkpt>
    <trkpt lat="40.1224148091028" lon="-8.483847146427779">
    </trkpt>
    <trkpt lat="40.122321785793602" lon="-8.48409426361804">
    </trkpt>
    <trkpt lat="40.122225941746599" lon="-8.484442173166411">
    </trkpt>
    <trkpt lat="40.122125388491298" lon="-8.48472423236367">
    </trkpt>
    <trkpt lat="40.122063026482202" lon="-8.48498402437589">
    </trkpt>
    <trkpt lat="40.121545729081099" lon="-8.486678241595451">
    </trkpt>
    <trkpt lat="40.121470183804099" lon="-8.486647987329659">
    </trkpt>
    <trkpt lat="40.121129271992402" lon="-8.488079071529461">
    </trkpt>
    <trkpt lat="40.1210250274816" lon="-8.488884410486399">
    </trkpt>
    <trkpt lat="40.120995476635301" lon="-8.489351014536179">
    </trkpt>
    <trkpt lat="40.120988284600202" lon="-8.48960713590909">
    </trkpt>
    <trkpt lat="40.121000208292401" lon="-8.489779492963169">
    </trkpt>
    <trkpt lat="40.121094480731202" lon="-8.490288894000949">
    </trkpt>
    <trkpt lat="40.121208763887402" lon="-8.49058625739479">
    </trkpt>
    <trkpt lat="40.121325388911302" lon="-8.49086131167592">
    </trkpt>
    <trkpt lat="40.121270330879298" lon="-8.490976338935191">
    </trkpt>
    <trkpt lat="40.121443251726902" lon="-8.49112165549843">
    </trkpt>
    <trkpt lat="40.121475052469698" lon="-8.49123614376013">
    </trkpt>
    <trkpt lat="40.121563969639602" lon="-8.491477703799649">
    </trkpt>
    <trkpt lat="40.121587905285402" lon="-8.49173443745676">
    </trkpt>
    <trkpt lat="40.121608228770398" lon="-8.49192490437828">
    </trkpt>
    <trkpt lat="40.121600602905701" lon="-8.492133546314481">
    </trkpt>
    <trkpt lat="40.121559810939203" lon="-8.492296849343241">
    </trkpt>
    <trkpt lat="40.121565385070603" lon="-8.49234600842991">
    </trkpt>
    <trkpt lat="40.1216082769959" lon="-8.49237558308346">
    </trkpt>
    <trkpt lat="40.121626822647301" lon="-8.49232259237869">
    </trkpt>
    <trkpt lat="40.121633549723903" lon="-8.49249469460144">
    </trkpt>
    <trkpt lat="40.121595121324098" lon="-8.49286386940002">
    </trkpt>
    <trkpt lat="40.121620143868299" lon="-8.49352880735313">
    </trkpt>
    <trkpt lat="40.121580951932799" lon="-8.49367740012443">
    </trkpt>
    <trkpt lat="40.121572902912703" lon="-8.493775184156901">
    </trkpt>
    <trkpt lat="40.121597698362102" lon="-8.493892923730749">
    </trkpt>
    <trkpt lat="40.121608017562799" lon="-8.493989646377299">
    </trkpt>
    <trkpt lat="40.1216202051558" lon="-8.494030796282811">
    </trkpt>
    <trkpt lat="40.121661193659001" lon="-8.49447591290779">
    </trkpt>
    <trkpt lat="40.121639885554302" lon="-8.494655905788081">
    </trkpt>
    <trkpt lat="40.121592320155997" lon="-8.494830915711869">
    </trkpt>
    <trkpt lat="40.121389936234699" lon="-8.49520552334096">
    </trkpt>
    <trkpt lat="40.121140419156298" lon="-8.49562277850346">
    </trkpt>
    <trkpt lat="40.120704272195901" lon="-8.49611635062015">
    </trkpt>
    <trkpt lat="40.120314183504" lon="-8.49640260259269">
    </trkpt>
    <trkpt lat="40.120102520518302" lon="-8.496510775960809">
    </trkpt>
    <trkpt lat="40.119890291013199" lon="-8.4965081889028">
    </trkpt>
    <trkpt lat="40.119728975077997" lon="-8.49645576975724">
    </trkpt>
    <trkpt lat="40.119587733448398" lon="-8.496384454414621">
    </trkpt>
    <trkpt lat="40.119486692090803" lon="-8.496290989415559">
    </trkpt>
    <trkpt lat="40.119179578827499" lon="-8.49586421397953">
    </trkpt>
    <trkpt lat="40.119028362514399" lon="-8.495523398200911">
    </trkpt>
    <trkpt lat="40.119022807406097" lon="-8.495402721153351">
    </trkpt>
    <trkpt lat="40.1190270665535" lon="-8.49526111673142">
    </trkpt>
    <trkpt lat="40.119129491876102" lon="-8.49515678581197">
    </trkpt>
    <trkpt lat="40.119092412510398" lon="-8.495065949378571">
    </trkpt>
    <trkpt lat="40.118766568776302" lon="-8.49493825656022">
    </trkpt>
    <trkpt lat="40.118179410636003" lon="-8.49429150054273">
    </trkpt>
    <trkpt lat="40.117918688071903" lon="-8.49402625289477">
    </trkpt>
    <trkpt lat="40.117371817282802" lon="-8.49348429054433">
    </trkpt>
    <trkpt lat="40.1173366060641" lon="-8.493419414124871">
    </trkpt>
    <trkpt lat="40.117341022609502" lon="-8.493341396593459">
    </trkpt>
    <trkpt lat="40.117266947378702" lon="-8.493262177539521">
    </trkpt>
    <trkpt lat="40.117153205258802" lon="-8.493269359395031">
    </trkpt>
    <trkpt lat="40.116903418076497" lon="-8.4930338916375">
    </trkpt>
    <trkpt lat="40.116539060705698" lon="-8.49272016441035">
    </trkpt>
    <trkpt lat="40.116332058975402" lon="-8.492674317309101">
    </trkpt>
    <trkpt lat="40.116132560351701" lon="-8.492634142521769">
    </trkpt>
    <trkpt lat="40.115883856015799" lon="-8.49264770646673">
    </trkpt>
    <trkpt lat="40.115708885986002" lon="-8.492690062847281">
    </trkpt>
    <trkpt lat="40.115636427129402" lon="-8.49268996326215">
    </trkpt>
    <trkpt lat="40.115128992524198" lon="-8.492877261944241">
    </trkpt>
    <trkpt lat="40.114837324641599" lon="-8.49289697822149">
    </trkpt>
    <trkpt lat="40.1145951689033" lon="-8.49289657894299">
    </trkpt>
    <trkpt lat="40.113900793517999" lon="-8.492563545445551">
    </trkpt>
    <trkpt lat="40.113490289768897" lon="-8.4923687150416">
    </trkpt>
    <trkpt lat="40.113443180970798" lon="-8.49228459300693">
    </trkpt>
    <trkpt lat="40.113453294681101" lon="-8.49204404063487">
    </trkpt>
    <trkpt lat="40.113368588209198" lon="-8.49200328297097">
    </trkpt>
    <trkpt lat="40.113274889223902" lon="-8.492171769709991">
    </trkpt>
    <trkpt lat="40.113177027939301" lon="-8.492228409596571">
    </trkpt>
    <trkpt lat="40.112998102992698" lon="-8.49211610677451">
    </trkpt>
    <trkpt lat="40.112537402430902" lon="-8.49192627229724">
    </trkpt>
    <trkpt lat="40.112235969166001" lon="-8.491834284326909">
    </trkpt>
    <trkpt lat="40.111853592646497" lon="-8.49183985452434">
    </trkpt>
    <trkpt lat="40.1113813355907" lon="-8.491773873859371">
    </trkpt>
    <trkpt lat="40.111229319569397" lon="-8.49164238146753">
    </trkpt>
    <trkpt lat="40.111155676817198" lon="-8.491504527507161">
    </trkpt>
    <trkpt lat="40.111082401340603" lon="-8.49149364001385">
    </trkpt>
    <trkpt lat="40.111021995953401" lon="-8.49163920000144">
    </trkpt>
    <trkpt lat="40.110845770533501" lon="-8.491689384462051">
    </trkpt>
    <trkpt lat="40.110510703313999" lon="-8.4916569309379">
    </trkpt>
    <trkpt lat="40.109844597036499" lon="-8.491418818040369">
    </trkpt>
    <trkpt lat="40.1095266463103" lon="-8.491337954525809">
    </trkpt>
    <trkpt lat="40.109223957358402" lon="-8.49130500692605">
    </trkpt>
    <trkpt lat="40.109063377004098" lon="-8.49131092339357">
    </trkpt>
    <trkpt lat="40.108892588886199" lon="-8.49140686112124">
    </trkpt>
    <trkpt lat="40.108649350210797" lon="-8.491553875622101">
    </trkpt>
    <trkpt lat="40.108388134418298" lon="-8.491901857332699">
    </trkpt>
    <trkpt lat="40.1080109713713" lon="-8.4922818462026">
    </trkpt>
    <trkpt lat="40.107834831816099" lon="-8.49251416787863">
    </trkpt>
    <trkpt lat="40.107614008353302" lon="-8.492297869393481">
    </trkpt>
    <trkpt lat="40.107569280983199" lon="-8.4924429971449">
    </trkpt>
    <trkpt lat="40.107484576279901" lon="-8.49294070496031">
    </trkpt>
    <trkpt lat="40.107370101389698" lon="-8.49296639279282">
    </trkpt>
    <trkpt lat="40.1070490948279" lon="-8.492880041883589">
    </trkpt>
    <trkpt lat="40.106397738938497" lon="-8.4927173491738">
    </trkpt>
    <trkpt lat="40.106333571272899" lon="-8.49266519796778">
    </trkpt>
    <trkpt lat="40.105988524240999" lon="-8.492608108311551">
    </trkpt>
    <trkpt lat="40.105895364877703" lon="-8.492686673009979">
    </trkpt>
    <trkpt lat="40.105661764761003" lon="-8.49272963529264">
    </trkpt>
    <trkpt lat="40.105393699660198" lon="-8.49279477943155">
    </trkpt>
    <trkpt lat="40.104911148406302" lon="-8.493089530695411">
    </trkpt>
    <trkpt lat="40.104074511367102" lon="-8.49361153172339">
    </trkpt>
    <trkpt lat="40.103472987687901" lon="-8.49413988588096">
    </trkpt>
    <trkpt lat="40.102849222296101" lon="-8.494745488634861">
    </trkpt>
    <trkpt lat="40.102391047624401" lon="-8.49517783409431">
    </trkpt>
    <trkpt lat="40.1022291158177" lon="-8.49525053433822">
    </trkpt>
    <trkpt lat="40.102095981977399" lon="-8.495231812697501">
    </trkpt>
    <trkpt lat="40.102029721375203" lon="-8.49526964625823">
    </trkpt>
    <trkpt lat="40.102033764144203" lon="-8.49537660479845">
    </trkpt>
    <trkpt lat="40.101970520765001" lon="-8.49603971672898">
    </trkpt>
    <trkpt lat="40.101876666954801" lon="-8.49723703424212">
    </trkpt>
    <trkpt lat="40.101778597046099" lon="-8.49774734586939">
    </trkpt>
    <trkpt lat="40.101646384979801" lon="-8.498066076444079">
    </trkpt>
    <trkpt lat="40.1015618846831" lon="-8.49837950524077">
    </trkpt>
    <trkpt lat="40.101472384258699" lon="-8.498588317372009">
    </trkpt>
    <trkpt lat="40.101349434120102" lon="-8.49882260810659">
    </trkpt>
    <trkpt lat="40.101193850848297" lon="-8.49919083160697">
    </trkpt>
    <trkpt lat="40.101198859521901" lon="-8.499470612220909">
    </trkpt>
    <trkpt lat="40.101285361206799" lon="-8.499653354738649">
    </trkpt>
    <trkpt lat="40.101403739827298" lon="-8.49995760593645">
    </trkpt>
    <trkpt lat="40.101480390110503" lon="-8.500212709135861">
    </trkpt>
    <trkpt lat="40.101510060017198" lon="-8.500319342686311">
    </trkpt>
    <trkpt lat="40.101470519614502" lon="-8.50046881718135">
    </trkpt>
    <trkpt lat="40.101398197311198" lon="-8.500601010891041">
    </trkpt>
    <trkpt lat="40.101306122442601" lon="-8.50084183959207">
    </trkpt>
    <trkpt lat="40.101269542074597" lon="-8.50115895153419">
    </trkpt>
    <trkpt lat="40.101337506920601" lon="-8.501393163898429">
    </trkpt>
    <trkpt lat="40.101317300472601" lon="-8.50173046944461">
    </trkpt>
    <trkpt lat="40.101320174441398" lon="-8.50195427206547">
    </trkpt>
    <trkpt lat="40.101349837716597" lon="-8.502087083655439">
    </trkpt>
    <trkpt lat="40.101658203801598" lon="-8.502508940287701">
    </trkpt>
    <trkpt lat="40.101758356480502" lon="-8.50274701944601">
    </trkpt>
    <trkpt lat="40.101823459713799" lon="-8.502880088846331">
    </trkpt>
    <trkpt lat="40.1018682751006" lon="-8.50324429040278">
    </trkpt>
    <trkpt lat="40.101858991080597" lon="-8.503679070930049">
    </trkpt>
    <trkpt lat="40.101910182408098" lon="-8.50411871857912">
    </trkpt>
    <trkpt lat="40.101940166912001" lon="-8.50438124196118">
    </trkpt>
    <trkpt lat="40.101978441842597" lon="-8.50468355035561">
    </trkpt>
    <trkpt lat="40.102017107313998" lon="-8.50480315880281">
    </trkpt>
    <trkpt lat="40.102068244112502" lon="-8.505204937427759">
    </trkpt>
    <trkpt lat="40.102091115696197" lon="-8.50567580382549">
    </trkpt>
    <trkpt lat="40.102104198295898" lon="-8.50605431046359">
    </trkpt>
    <trkpt lat="40.101986514211099" lon="-8.50633105233133">
    </trkpt>
    <trkpt lat="40.101707785749603" lon="-8.506548567072389">
    </trkpt>
    <trkpt lat="40.101443304105302" lon="-8.506779201116901">
    </trkpt>
    <trkpt lat="40.101108766162398" lon="-8.506996178484799">
    </trkpt>
    <trkpt lat="40.100844745117897" lon="-8.507121323570891">
    </trkpt>
    <trkpt lat="40.100382356704301" lon="-8.50746061736292">
    </trkpt>
    <trkpt lat="40.099722916279099" lon="-8.50787350827445">
    </trkpt>
    <trkpt lat="40.097133569826298" lon="-8.50960431198752">
    </trkpt>
    <trkpt lat="40.096835117458099" lon="-8.50981762381778">
    </trkpt>
    <trkpt lat="40.0958169878825" lon="-8.510434670532311">
    </trkpt>
    <trkpt lat="40.095469007024903" lon="-8.510930108430239">
    </trkpt>
    <trkpt lat="40.094568895653097" lon="-8.5122975758962">
    </trkpt>
    <trkpt lat="40.094203423126999" lon="-8.512826788533349">
    </trkpt>
    <trkpt lat="40.094104817292603" lon="-8.51283125858687">
    </trkpt>
    <trkpt lat="40.094128705409901" lon="-8.512950135075981">
    </trkpt>
    <trkpt lat="40.092305311072003" lon="-8.5149298187212">
    </trkpt>
    <trkpt lat="40.0905999083895" lon="-8.51721176181967">
    </trkpt>
    <trkpt lat="40.089929462869399" lon="-8.517939157010399">
    </trkpt>
    <trkpt lat="40.0897289720643" lon="-8.51801683631933">
    </trkpt>
    <trkpt lat="40.089528322978701" lon="-8.517991887798161">
    </trkpt>
    <trkpt lat="40.0894753984307" lon="-8.51811473871928">
    </trkpt>
    <trkpt lat="40.089499348480601" lon="-8.518204654678311">
    </trkpt>
    <trkpt lat="40.0895706371752" lon="-8.518306512715309">
    </trkpt>
    <trkpt lat="40.089848377082397" lon="-8.518571783323971">
    </trkpt>
    <trkpt lat="40.090235189669102" lon="-8.518883009889599">
    </trkpt>
    <trkpt lat="40.090706555329596" lon="-8.519289557582811">
    </trkpt>
    <trkpt lat="40.091033221647898" lon="-8.519580399769641">
    </trkpt>
    <trkpt lat="40.091168829111702" lon="-8.51989708138864">
    </trkpt>
    <trkpt lat="40.091792549894201" lon="-8.52074744372748">
    </trkpt>
    <trkpt lat="40.0920077940102" lon="-8.521206463857659">
    </trkpt>
    <trkpt lat="40.092120143943397" lon="-8.52163847437429">
    </trkpt>
    <trkpt lat="40.092147491587397" lon="-8.52214189734749">
    </trkpt>
    <trkpt lat="40.092125292045097" lon="-8.52280627739461">
    </trkpt>
    <trkpt lat="40.092148720278701" lon="-8.52316794957779">
    </trkpt>
    <trkpt lat="40.092213229148904" lon="-8.52348883824255">
    </trkpt>
    <trkpt lat="40.092275781606801" lon="-8.52396664629241">
    </trkpt>
    <trkpt lat="40.092307693808898" lon="-8.52429936011387">
    </trkpt>
    <trkpt lat="40.092368117561698" lon="-8.52458084948346">
    </trkpt>
    <trkpt lat="40.0923506687" lon="-8.52493253340193">
    </trkpt>
    <trkpt lat="40.0922877934645" lon="-8.52535874731192">
    </trkpt>
    <trkpt lat="40.092269153101398" lon="-8.52570965838737">
    </trkpt>
    <trkpt lat="40.092430371385497" lon="-8.526248547495189">
    </trkpt>
    <trkpt lat="40.092588779624499" lon="-8.52676030217132">
    </trkpt>
    <trkpt lat="40.092605957980197" lon="-8.526961465320021">
    </trkpt>
    <trkpt lat="40.0924512866439" lon="-8.52734373955952">
    </trkpt>
    <trkpt lat="40.092248897561099" lon="-8.52778593408771">
    </trkpt>
    <trkpt lat="40.092299229368898" lon="-8.52849638463101">
    </trkpt>
    <trkpt lat="40.091994498829102" lon="-8.529643502138811">
    </trkpt>
    <trkpt lat="40.091809641896198" lon="-8.53029246696229">
    </trkpt>
    <trkpt lat="40.0917708398187" lon="-8.531061068530599">
    </trkpt>
    <trkpt lat="40.092131648336597" lon="-8.53178467861088">
    </trkpt>
    <trkpt lat="40.092289587609102" lon="-8.53256792046597">
    </trkpt>
    <trkpt lat="40.092710684697202" lon="-8.533342498749541">
    </trkpt>
    <trkpt lat="40.0927391828181" lon="-8.53373861932918">
    </trkpt>
    <trkpt lat="40.092695892268502" lon="-8.534444056514809">
    </trkpt>
    <trkpt lat="40.092742344885998" lon="-8.53483652137214">
    </trkpt>
    <trkpt lat="40.092853693894703" lon="-8.535266919362959">
    </trkpt>
    <trkpt lat="40.092982048274003" lon="-8.53558162653802">
    </trkpt>
    <trkpt lat="40.093059450412902" lon="-8.53601970467529">
    </trkpt>
    <trkpt lat="40.093076806785298" lon="-8.536433440027">
    </trkpt>
    <trkpt lat="40.093204390189797" lon="-8.53675680436926">
    </trkpt>
    <trkpt lat="40.093388707662001" lon="-8.5369806379622">
    </trkpt>
    <trkpt lat="40.093563312208403" lon="-8.537137929752721">
    </trkpt>
    <trkpt lat="40.093963682107798" lon="-8.537386022651461">
    </trkpt>
    <trkpt lat="40.093811568009997" lon="-8.53741375101146">
    </trkpt>
    <trkpt lat="40.093579533409702" lon="-8.537431843418959">
    </trkpt>
    <trkpt lat="40.093305623270098" lon="-8.537485853919931">
    </trkpt>
    <trkpt lat="40.092842125302198" lon="-8.537592616253949">
    </trkpt>
    <trkpt lat="40.092557113118097" lon="-8.53773876770626">
    </trkpt>
    <trkpt lat="40.092328286202097" lon="-8.538014799083721">
    </trkpt>
    <trkpt lat="40.092124192428599" lon="-8.538247511724499">
    </trkpt>
    <trkpt lat="40.0919038184173" lon="-8.53845605211697">
    </trkpt>
    <trkpt lat="40.091738452053697" lon="-8.53862392337256">
    </trkpt>
    <trkpt lat="40.091530476538502" lon="-8.538860608955581">
    </trkpt>
    <trkpt lat="40.0913430870797" lon="-8.539000187138431">
    </trkpt>
    <trkpt lat="40.0911511585292" lon="-8.539158340245271">
    </trkpt>
    <trkpt lat="40.0908435619016" lon="-8.539636269092449">
    </trkpt>
    <trkpt lat="40.090414021512899" lon="-8.54036404956387">
    </trkpt>
    <trkpt lat="40.090139855319599" lon="-8.540607559006069">
    </trkpt>
    <trkpt lat="40.089904100449303" lon="-8.540708250578209">
    </trkpt>
    <trkpt lat="40.0896382184402" lon="-8.54066420582782">
    </trkpt>
    <trkpt lat="40.0891481125553" lon="-8.54053608583982">
    </trkpt>
    <trkpt lat="40.0886792267695" lon="-8.54044876180015">
    </trkpt>
    <trkpt lat="40.088471875718902" lon="-8.540385362759171">
    </trkpt>
    <trkpt lat="40.088052298344103" lon="-8.54005117111805">
    </trkpt>
    <trkpt lat="40.087720490479001" lon="-8.539954273119641">
    </trkpt>
    <trkpt lat="40.0875848169484" lon="-8.53991085980131">
    </trkpt>
    <trkpt lat="40.087335777815397" lon="-8.539899635018861">
    </trkpt>
    <trkpt lat="40.087155545401899" lon="-8.539879956210029">
    </trkpt>
    <trkpt lat="40.086842155319999" lon="-8.53989847071538">
    </trkpt>
    <trkpt lat="40.086353610396301" lon="-8.54010895073994">
    </trkpt>
    <trkpt lat="40.086097515227998" lon="-8.54021228792368">
    </trkpt>
    <trkpt lat="40.085737045424302" lon="-8.540317909906451">
    </trkpt>
    <trkpt lat="40.085609288970403" lon="-8.540242399239331">
    </trkpt>
    <trkpt lat="40.085536208448303" lon="-8.5401355847457">
    </trkpt>
    <trkpt lat="40.085467962806902" lon="-8.53995152964948">
    </trkpt>
    <trkpt lat="40.085437527714603" lon="-8.53972838935843">
    </trkpt>
    <trkpt lat="40.085445391007902" lon="-8.53925396538188">
    </trkpt>
    <trkpt lat="40.085484338487703" lon="-8.539073587864291">
    </trkpt>
    <trkpt lat="40.085464534599701" lon="-8.538548398083689">
    </trkpt>
    <trkpt lat="40.085435389480402" lon="-8.53831557008577">
    </trkpt>
    <trkpt lat="40.085351434045798" lon="-8.538184321300021">
    </trkpt>
    <trkpt lat="40.085198903322301" lon="-8.53804187673467">
    </trkpt>
    <trkpt lat="40.085097542323503" lon="-8.538042017323329">
    </trkpt>
    <trkpt lat="40.084919450064902" lon="-8.53802867498961">
    </trkpt>
    <trkpt lat="40.084832733449701" lon="-8.538034957678031">
    </trkpt>
    <trkpt lat="40.084754982880298" lon="-8.53804136369618">
    </trkpt>
    <trkpt lat="40.0845564505696" lon="-8.538057716389391">
    </trkpt>
    <trkpt lat="40.084445184332203" lon="-8.538115674135449">
    </trkpt>
    <trkpt lat="40.084303713016801" lon="-8.53816332556975">
    </trkpt>
    <trkpt lat="40.084095143392901" lon="-8.538204253037369">
    </trkpt>
    <trkpt lat="40.0839470820139" lon="-8.538233244947749">
    </trkpt>
    <trkpt lat="40.083851589265301" lon="-8.53827463329136">
    </trkpt>
    <trkpt lat="40.083725081897697" lon="-8.538399303747861">
    </trkpt>
    <trkpt lat="40.0836290806946" lon="-8.538491016311569">
    </trkpt>
    <trkpt lat="40.083463032388899" lon="-8.538676415804639">
    </trkpt>
    <trkpt lat="40.083237767699302" lon="-8.53897786502027">
    </trkpt>
    <trkpt lat="40.0829743132171" lon="-8.539226283682041">
    </trkpt>
    <trkpt lat="40.082812941457497" lon="-8.53946611362327">
    </trkpt>
    <trkpt lat="40.082588746009002" lon="-8.539751913126871">
    </trkpt>
    <trkpt lat="40.0823543911714" lon="-8.539978926526549">
    </trkpt>
    <trkpt lat="40.082271125961398" lon="-8.54012380582229">
    </trkpt>
    <trkpt lat="40.082094059571901" lon="-8.54028379407244">
    </trkpt>
    <trkpt lat="40.081771370410301" lon="-8.540496754382991">
    </trkpt>
    <trkpt lat="40.0815677431154" lon="-8.540672074110169">
    </trkpt>
    <trkpt lat="40.081111561772502" lon="-8.54105433990182">
    </trkpt>
    <trkpt lat="40.080897476923901" lon="-8.54128860588337">
    </trkpt>
    <trkpt lat="40.080685059405198" lon="-8.54171209943236">
    </trkpt>
    <trkpt lat="40.0805039352677" lon="-8.542134062183811">
    </trkpt>
    <trkpt lat="40.080410194579898" lon="-8.54234529700649">
    </trkpt>
    <trkpt lat="40.080328207650503" lon="-8.54248904684346">
    </trkpt>
    <trkpt lat="40.079886199935302" lon="-8.54302156381295">
    </trkpt>
    <trkpt lat="40.079509042822103" lon="-8.54336611606595">
    </trkpt>
    <trkpt lat="40.078908511492799" lon="-8.544031553330759">
    </trkpt>
    <trkpt lat="40.078457937331798" lon="-8.544122643360311">
    </trkpt>
    <trkpt lat="40.078331157393499" lon="-8.544316813695239">
    </trkpt>
    <trkpt lat="40.078129012633397" lon="-8.54479206832835">
    </trkpt>
    <trkpt lat="40.078064182072602" lon="-8.54494501432548">
    </trkpt>
    <trkpt lat="40.077962938979702" lon="-8.54507618030526">
    </trkpt>
    <trkpt lat="40.077686904708898" lon="-8.545670763202329">
    </trkpt>
    <trkpt lat="40.077429313718802" lon="-8.54621880766325">
    </trkpt>
    <trkpt lat="40.077189242659301" lon="-8.54677511906069">
    </trkpt>
    <trkpt lat="40.076954450286003" lon="-8.547851114432399">
    </trkpt>
    <trkpt lat="40.0768891465639" lon="-8.54813887906607">
    </trkpt>
    <trkpt lat="40.076878685925699" lon="-8.54847325633798">
    </trkpt>
    <trkpt lat="40.076885315465098" lon="-8.54902983523799">
    </trkpt>
    <trkpt lat="40.076933914891001" lon="-8.549368156344871">
    </trkpt>
    <trkpt lat="40.076983158250599" lon="-8.549569007755689">
    </trkpt>
    <trkpt lat="40.076995945790003" lon="-8.549798378339769">
    </trkpt>
    <trkpt lat="40.076986025706901" lon="-8.54993851730266">
    </trkpt>
    <trkpt lat="40.076930963850899" lon="-8.550081848236291">
    </trkpt>
    <trkpt lat="40.076878117919598" lon="-8.550132698541249">
    </trkpt>
    <trkpt lat="40.076709482682197" lon="-8.550417367528469">
    </trkpt>
    <trkpt lat="40.076672136556198" lon="-8.55063402625332">
    </trkpt>
    <trkpt lat="40.076619472017697" lon="-8.550900285175519">
    </trkpt>
    <trkpt lat="40.0765445712128" lon="-8.551050936546311">
    </trkpt>
    <trkpt lat="40.076446080028198" lon="-8.55118072240062">
    </trkpt>
    <trkpt lat="40.076335559270802" lon="-8.551343866594101">
    </trkpt>
    <trkpt lat="40.076250780147603" lon="-8.551448399374079">
    </trkpt>
    <trkpt lat="40.076160820422601" lon="-8.551626827190161">
    </trkpt>
    <trkpt lat="40.076061103161599" lon="-8.551783925528531">
    </trkpt>
    <trkpt lat="40.075988962744702" lon="-8.55189541677257">
    </trkpt>
    <trkpt lat="40.075826194770798" lon="-8.552322828416539">
    </trkpt>
    <trkpt lat="40.075585158968998" lon="-8.552853204245659">
    </trkpt>
    <trkpt lat="40.075479928692502" lon="-8.553009621599591">
    </trkpt>
    <trkpt lat="40.075311204974703" lon="-8.55338603641369">
    </trkpt>
    <trkpt lat="40.075270549986698" lon="-8.553508294168591">
    </trkpt>
    <trkpt lat="40.0752586460017" lon="-8.553664464907969">
    </trkpt>
    <trkpt lat="40.075326901858602" lon="-8.554013248621439">
    </trkpt>
    <trkpt lat="40.0754158298693" lon="-8.554304399484719">
    </trkpt>
    <trkpt lat="40.075434173566101" lon="-8.5544583005302">
    </trkpt>
    <trkpt lat="40.075410229400497" lon="-8.55465122265217">
    </trkpt>
    <trkpt lat="40.075344772845099" lon="-8.554789816221771">
    </trkpt>
    <trkpt lat="40.075251177982999" lon="-8.554879932252">
    </trkpt>
    <trkpt lat="40.075148045776999" lon="-8.554949795830691">
    </trkpt>
    <trkpt lat="40.075056801589803" lon="-8.555045224032741">
    </trkpt>
    <trkpt lat="40.074931274672799" lon="-8.555110758644741">
    </trkpt>
    <trkpt lat="40.074497925509696" lon="-8.55555321008786">
    </trkpt>
    <trkpt lat="40.074422628700098" lon="-8.55551225388483">
    </trkpt>
    <trkpt lat="40.0743275370546" lon="-8.55547373954929">
    </trkpt>
    <trkpt lat="40.074268789689398" lon="-8.555453594320049">
    </trkpt>
    <trkpt lat="40.074214639465197" lon="-8.555456773337831">
    </trkpt>
    <trkpt lat="40.074097386920002" lon="-8.555549292020411">
    </trkpt>
    <trkpt lat="40.074015674812401" lon="-8.555639507131559">
    </trkpt>
    <trkpt lat="40.0739034647588" lon="-8.555850328396851">
    </trkpt>
    <trkpt lat="40.073808644022698" lon="-8.556089756628319">
    </trkpt>
    <trkpt lat="40.0737825196994" lon="-8.556243923887349">
    </trkpt>
    <trkpt lat="40.073761694176603" lon="-8.556457983782821">
    </trkpt>
    <trkpt lat="40.073685491344101" lon="-8.55652837466509">
    </trkpt>
    <trkpt lat="40.073474895869197" lon="-8.55681737627939">
    </trkpt>
    <trkpt lat="40.073290167559399" lon="-8.557016124113121">
    </trkpt>
    <trkpt lat="40.073125894954302" lon="-8.55718752278973">
    </trkpt>
    <trkpt lat="40.073022124632402" lon="-8.55753879414565">
    </trkpt>
    <trkpt lat="40.072891531807997" lon="-8.557919486659239">
    </trkpt>
    <trkpt lat="40.072507453569997" lon="-8.5589905251875">
    </trkpt>
    <trkpt lat="40.072458507371202" lon="-8.559125368265279">
    </trkpt>
    <trkpt lat="40.072357850424503" lon="-8.559320418090451">
    </trkpt>
    <trkpt lat="40.072348671564598" lon="-8.55933984891079">
    </trkpt>
    <trkpt lat="40.072327202499203" lon="-8.55937440211413">
    </trkpt>
    <trkpt lat="40.072306243963098" lon="-8.559405524757549">
    </trkpt>
    <trkpt lat="40.072287876684399" lon="-8.55943782678783">
    </trkpt>
    <trkpt lat="40.072272752108603" lon="-8.55946274971895">
    </trkpt>
    <trkpt lat="40.072249508029401" lon="-8.55950241274568">
    </trkpt>
    <trkpt lat="40.072235348654303" lon="-8.55954238049765">
    </trkpt>
    <trkpt lat="40.072219951162701" lon="-8.559557658593841">
    </trkpt>
    <trkpt lat="40.0722020619285" lon="-8.559593536348039">
    </trkpt>
    <trkpt lat="40.072175035679798" lon="-8.559662508953741">
    </trkpt>
    <trkpt lat="40.0721271471131" lon="-8.559759179194989">
    </trkpt>
    <trkpt lat="40.072091644810499" lon="-8.55983107045601">
    </trkpt>
    <trkpt lat="40.0720825722724" lon="-8.559853583201379">
    </trkpt>
    <trkpt lat="40.072064691219801" lon="-8.55989979769647">
    </trkpt>
    <trkpt lat="40.0718997706729" lon="-8.560243088668241">
    </trkpt>
    <trkpt lat="40.071845738426298" lon="-8.560457203834289">
    </trkpt>
    <trkpt lat="40.071765779891102" lon="-8.5607573410983">
    </trkpt>
    <trkpt lat="40.071736034883997" lon="-8.561184206611641">
    </trkpt>
    <trkpt lat="40.071712101097702" lon="-8.56161478022562">
    </trkpt>
    <trkpt lat="40.071708313553401" lon="-8.561865925796891">
    </trkpt>
    <trkpt lat="40.071703831170701" lon="-8.561979439222061">
    </trkpt>
    <trkpt lat="40.0716829649961" lon="-8.56226318504166">
    </trkpt>
    <trkpt lat="40.071685757332602" lon="-8.562431640975181">
    </trkpt>
    <trkpt lat="40.071696665500198" lon="-8.563978847033789">
    </trkpt>
    <trkpt lat="40.071564357825203" lon="-8.56426389165275">
    </trkpt>
    <trkpt lat="40.071377541082903" lon="-8.564473113665329">
    </trkpt>
    <trkpt lat="40.071096986536503" lon="-8.564939357069759">
    </trkpt>
    <trkpt lat="40.070994267952202" lon="-8.565220157099001">
    </trkpt>
    <trkpt lat="40.070797933628498" lon="-8.566200350716059">
    </trkpt>
    <trkpt lat="40.070580876612702" lon="-8.567042379397231">
    </trkpt>
    <trkpt lat="40.070422252775103" lon="-8.56749869352627">
    </trkpt>
    <trkpt lat="40.070305167609497" lon="-8.56787419440619">
    </trkpt>
    <trkpt lat="40.070268522815901" lon="-8.568023359771439">
    </trkpt>
    <trkpt lat="40.070255199472399" lon="-8.568269316199601">
    </trkpt>
    <trkpt lat="40.070313141186297" lon="-8.56930579151676">
    </trkpt>
    <trkpt lat="40.070452477453202" lon="-8.57011365393728">
    </trkpt>
    <trkpt lat="40.070523262752999" lon="-8.57075257091838">
    </trkpt>
    <trkpt lat="40.070725973594001" lon="-8.57111841887855">
    </trkpt>
    <trkpt lat="40.070817505380496" lon="-8.57133502458457">
    </trkpt>
    <trkpt lat="40.070861212462901" lon="-8.571544708514301">
    </trkpt>
    <trkpt lat="40.070740888423202" lon="-8.57200489362579">
    </trkpt>
    <trkpt lat="40.070584007063303" lon="-8.57277179043218">
    </trkpt>
    <trkpt lat="40.0705375010008" lon="-8.573111170499731">
    </trkpt>
    <trkpt lat="40.070476178225903" lon="-8.573357858910921">
    </trkpt>
    <trkpt lat="40.0703287732292" lon="-8.57354640539605">
    </trkpt>
    <trkpt lat="40.070175000503397" lon="-8.57368981000276">
    </trkpt>
    <trkpt lat="40.070126460629098" lon="-8.57375653368449">
    </trkpt>
    <trkpt lat="40.070029899623698" lon="-8.574183879418589">
    </trkpt>
    <trkpt lat="40.069980049960499" lon="-8.574843661776651">
    </trkpt>
    <trkpt lat="40.0699367043973" lon="-8.57588150016392">
    </trkpt>
    <trkpt lat="40.069918747773599" lon="-8.5761686981211">
    </trkpt>
    <trkpt lat="40.069893633477498" lon="-8.576710418796379">
    </trkpt>
    <trkpt lat="40.069854747716199" lon="-8.578111778576821">
    </trkpt>
    <trkpt lat="40.069759993248198" lon="-8.579039998018009">
    </trkpt>
    <trkpt lat="40.069596788794399" lon="-8.579748987128131">
    </trkpt>
    <trkpt lat="40.069454986456897" lon="-8.58024557865361">
    </trkpt>
    <trkpt lat="40.069363421176" lon="-8.58045191259029">
    </trkpt>
    <trkpt lat="40.0687492372207" lon="-8.581223554713761">
    </trkpt>
    <trkpt lat="40.068403186063897" lon="-8.581656505228031">
    </trkpt>
    <trkpt lat="40.068061933871" lon="-8.58220378924862">
    </trkpt>
    <trkpt lat="40.067835764566603" lon="-8.582799020736889">
    </trkpt>
    <trkpt lat="40.067749856863102" lon="-8.58323637522702">
    </trkpt>
    <trkpt lat="40.067735096164199" lon="-8.583554546758711">
    </trkpt>
    <trkpt lat="40.067703851575303" lon="-8.583882178170089">
    </trkpt>
    <trkpt lat="40.067665855232001" lon="-8.5840824194487">
    </trkpt>
    <trkpt lat="40.067562244670597" lon="-8.58450401488693">
    </trkpt>
    <trkpt lat="40.067486386694299" lon="-8.58488525006795">
    </trkpt>
    <trkpt lat="40.0673924578035" lon="-8.58554119776646">
    </trkpt>
    <trkpt lat="40.067375921485898" lon="-8.585751384982499">
    </trkpt>
    <trkpt lat="40.067422309697598" lon="-8.58590694204865">
    </trkpt>
    <trkpt lat="40.067701960293299" lon="-8.58693343443645">
    </trkpt>
    <trkpt lat="40.067708287846301" lon="-8.587581755823489">
    </trkpt>
    <trkpt lat="40.067719850741703" lon="-8.588559236096421">
    </trkpt>
    <trkpt lat="40.0676517882628" lon="-8.588934821697441">
    </trkpt>
    <trkpt lat="40.067548995811102" lon="-8.58961670411084">
    </trkpt>
    <trkpt lat="40.067357981504301" lon="-8.59021646155329">
    </trkpt>
    <trkpt lat="40.067119420844499" lon="-8.590938581372139">
    </trkpt>
    <trkpt lat="40.067032886627601" lon="-8.59131108219959">
    </trkpt>
    <trkpt lat="40.066926192128101" lon="-8.591857893761469">
    </trkpt>
    <trkpt lat="40.066758218475201" lon="-8.592240815930101">
    </trkpt>
    <trkpt lat="40.066214556793597" lon="-8.593285708673729">
    </trkpt>
    <trkpt lat="40.066115401088901" lon="-8.593558266867131">
    </trkpt>
    <trkpt lat="40.0658176969552" lon="-8.593999882783921">
    </trkpt>
    <trkpt lat="40.065503066754303" lon="-8.594425064394541">
    </trkpt>
    <trkpt lat="40.065252482479202" lon="-8.59484729496822">
    </trkpt>
    <trkpt lat="40.065208305395103" lon="-8.59499705210346">
    </trkpt>
    <trkpt lat="40.065235573504303" lon="-8.59533682131536">
    </trkpt>
    <trkpt lat="40.065293183042002" lon="-8.59593875809702">
    </trkpt>
    <trkpt lat="40.065246340059097" lon="-8.596327801151521">
    </trkpt>
    <trkpt lat="40.065305851657101" lon="-8.596768952450789">
    </trkpt>
    <trkpt lat="40.065398642215399" lon="-8.597123160944291">
    </trkpt>
    <trkpt lat="40.065570788299297" lon="-8.5976833184063">
    </trkpt>
    <trkpt lat="40.065616310698303" lon="-8.597955028529119">
    </trkpt>
    <trkpt lat="40.065622910247001" lon="-8.598376845315499">
    </trkpt>
    <trkpt lat="40.065733597893399" lon="-8.59888366077417">
    </trkpt>
    <trkpt lat="40.065707270950298" lon="-8.599176784735009">
    </trkpt>
    <trkpt lat="40.065524401086797" lon="-8.599473805908159">
    </trkpt>
    <trkpt lat="40.065270138969503" lon="-8.599893580351029">
    </trkpt>
    <trkpt lat="40.0649762971493" lon="-8.60032854988328">
    </trkpt>
    <trkpt lat="40.064798537588999" lon="-8.60059311516644">
    </trkpt>
    <trkpt lat="40.064702527345098" lon="-8.600713319716281">
    </trkpt>
    <trkpt lat="40.064581603334197" lon="-8.60085519075967">
    </trkpt>
    <trkpt lat="40.064581441503698" lon="-8.601039192558581">
    </trkpt>
    <trkpt lat="40.064449232371501" lon="-8.601461850138209">
    </trkpt>
    <trkpt lat="40.064216953629597" lon="-8.60192765976965">
    </trkpt>
    <trkpt lat="40.064112390973499" lon="-8.602027972191699">
    </trkpt>
    <trkpt lat="40.0640696205407" lon="-8.602062500168151">
    </trkpt>
    <trkpt lat="40.0639747448311" lon="-8.602215202999339">
    </trkpt>
    <trkpt lat="40.063865191918197" lon="-8.602346417379669">
    </trkpt>
    <trkpt lat="40.063669693120403" lon="-8.602665645638901">
    </trkpt>
    <trkpt lat="40.063576970410402" lon="-8.602904992880729">
    </trkpt>
    <trkpt lat="40.063336364078502" lon="-8.6035160614675">
    </trkpt>
    <trkpt lat="40.063075403975802" lon="-8.604161015966479">
    </trkpt>
    <trkpt lat="40.0628831629312" lon="-8.60440267567153">
    </trkpt>
    <trkpt lat="40.062710458414998" lon="-8.60460541762941">
    </trkpt>
    <trkpt lat="40.062728979592201" lon="-8.605735011404009">
    </trkpt>
    <trkpt lat="40.062715901856997" lon="-8.60674318851142">
    </trkpt>
    <trkpt lat="40.062752640996997" lon="-8.60715377149676">
    </trkpt>
    <trkpt lat="40.062698843791097" lon="-8.609208314472021">
    </trkpt>
    <trkpt lat="40.063113316406699" lon="-8.61098299221522">
    </trkpt>
    <trkpt lat="40.063156947087698" lon="-8.611429903181911">
    </trkpt>
    <trkpt lat="40.063090279993602" lon="-8.611847968413549">
    </trkpt>
    <trkpt lat="40.062775998798102" lon="-8.61235873001576">
    </trkpt>
    <trkpt lat="40.062383375386602" lon="-8.61289098490626">
    </trkpt>
    <trkpt lat="40.0621628668707" lon="-8.613361546990779">
    </trkpt>
    <trkpt lat="40.062072581644401" lon="-8.61364180418486">
    </trkpt>
    <trkpt lat="40.061921015562497" lon="-8.614505915559439">
    </trkpt>
    <trkpt lat="40.061872790806802" lon="-8.615058475914051">
    </trkpt>
    <trkpt lat="40.061905902304296" lon="-8.615502883509061">
    </trkpt>
    <trkpt lat="40.0620163668423" lon="-8.61648413033091">
    </trkpt>
    <trkpt lat="40.0619395344754" lon="-8.617532643442701">
    </trkpt>
    <trkpt lat="40.061834650996197" lon="-8.618431042116139">
    </trkpt>
    <trkpt lat="40.061687416665698" lon="-8.618737030388511">
    </trkpt>
    <trkpt lat="40.061398704907603" lon="-8.619205647106559">
    </trkpt>
    <trkpt lat="40.061478988029201" lon="-8.61956798615905">
    </trkpt>
    <trkpt lat="40.061505054805899" lon="-8.620439907488279">
    </trkpt>
    <trkpt lat="40.0613533221781" lon="-8.620623495793151">
    </trkpt>
    <trkpt lat="40.061144516506701" lon="-8.62076476737125">
    </trkpt>
    <trkpt lat="40.060904199925098" lon="-8.620917838783891">
    </trkpt>
    <trkpt lat="40.060603988057899" lon="-8.621117035919291">
    </trkpt>
    <trkpt lat="40.060288561954501" lon="-8.62146245967133">
    </trkpt>
    <trkpt lat="40.0598677614541" lon="-8.622201620749109">
    </trkpt>
    <trkpt lat="40.059619410083201" lon="-8.62281124498967">
    </trkpt>
    <trkpt lat="40.059530523494303" lon="-8.62358190457036">
    </trkpt>
    <trkpt lat="40.059088637958197" lon="-8.62368499535776">
    </trkpt>
    <trkpt lat="40.058584340981099" lon="-8.623827004450821">
    </trkpt>
    <trkpt lat="40.058278386485298" lon="-8.624030523060741">
    </trkpt>
    <trkpt lat="40.058072794760101" lon="-8.62425755081083">
    </trkpt>
    <trkpt lat="40.057937774622999" lon="-8.624399311464661">
    </trkpt>
    <trkpt lat="40.058006801684201" lon="-8.624490093585891">
    </trkpt>
    <trkpt lat="40.058051721186899" lon="-8.624458887547631">
    </trkpt>
    <trkpt lat="40.058093826374503" lon="-8.62446724236176">
    </trkpt>
    <trkpt lat="40.058105558253203" lon="-8.62454622948569">
    </trkpt>
    <trkpt lat="40.058094416085403" lon="-8.624644516021171">
    </trkpt>
    <trkpt lat="40.058092717197503" lon="-8.624692584385439">
    </trkpt>
    <trkpt lat="40.058130731152502" lon="-8.624696952460271">
    </trkpt>
    <trkpt lat="40.058121496101798" lon="-8.62492041632815">
    </trkpt>
    <trkpt lat="40.058043686851803" lon="-8.62536945155775">
    </trkpt>
    <trkpt lat="40.058008612091001" lon="-8.625927147320111">
    </trkpt>
    <trkpt lat="40.057953826557501" lon="-8.626089217230509">
    </trkpt>
    <trkpt lat="40.057911913023602" lon="-8.626173344958129">
    </trkpt>
    <trkpt lat="40.057706075895503" lon="-8.62615550232799">
    </trkpt>
    <trkpt lat="40.057629109443397" lon="-8.626192110223901">
    </trkpt>
    <trkpt lat="40.057457636093503" lon="-8.62633736669725">
    </trkpt>
    <trkpt lat="40.057380179732" lon="-8.62639641399438">
    </trkpt>
    <trkpt lat="40.057313167059696" lon="-8.62653582532486">
    </trkpt>
    <trkpt lat="40.056343859220597" lon="-8.62821702506648">
    </trkpt>
    <trkpt lat="40.0566729145512" lon="-8.630270818318291">
    </trkpt>
    <trkpt lat="40.0556908294473" lon="-8.63054426290298">
    </trkpt>
    <trkpt lat="40.055146276088799" lon="-8.63064927071331">
    </trkpt>
    <trkpt lat="40.054051759032603" lon="-8.630614303543011">
    </trkpt>
    <trkpt lat="40.053669748549503" lon="-8.630591792188831">
    </trkpt>
    <trkpt lat="40.053569406016898" lon="-8.63055713711597">
    </trkpt>
    <trkpt lat="40.053458281409" lon="-8.63062773619956">
    </trkpt>
    <trkpt lat="40.053276012066" lon="-8.630620980926089">
    </trkpt>
    <trkpt lat="40.053055137324002" lon="-8.630586782995289">
    </trkpt>
    <trkpt lat="40.0528812352144" lon="-8.63056828140564">
    </trkpt>
    <trkpt lat="40.0527389214691" lon="-8.630581524429299">
    </trkpt>
    <trkpt lat="40.052390079512101" lon="-8.63060760369684">
    </trkpt>
    <trkpt lat="40.052140265633298" lon="-8.630653410085371">
    </trkpt>
    <trkpt lat="40.0519485046932" lon="-8.630732716283941">
    </trkpt>
    <trkpt lat="40.051607903784898" lon="-8.63097472290637">
    </trkpt>
    <trkpt lat="40.051242232472802" lon="-8.63121286781106">
    </trkpt>
    <trkpt lat="40.050972127643398" lon="-8.63136189922052">
    </trkpt>
    <trkpt lat="40.050531291896398" lon="-8.631644584128541">
    </trkpt>
    <trkpt lat="40.050456272485" lon="-8.631672247815651">
    </trkpt>
    <trkpt lat="40.050172665947997" lon="-8.63167808333681">
    </trkpt>
    <trkpt lat="40.049957143674497" lon="-8.631749589694611">
    </trkpt>
    <trkpt lat="40.0498188326521" lon="-8.631865482413509">
    </trkpt>
    <trkpt lat="40.049684521755303" lon="-8.63203711393793">
    </trkpt>
    <trkpt lat="40.049450306824099" lon="-8.632354924974891">
    </trkpt>
    <trkpt lat="40.049354417555499" lon="-8.632629718986189">
    </trkpt>
    <trkpt lat="40.049252886806201" lon="-8.63290564872049">
    </trkpt>
    <trkpt lat="40.049085467152899" lon="-8.63325133339403">
    </trkpt>
    <trkpt lat="40.0487832629682" lon="-8.63345953557562">
    </trkpt>
    <trkpt lat="40.048551258342698" lon="-8.63357268559384">
    </trkpt>
    <trkpt lat="40.0483455292499" lon="-8.633736408950581">
    </trkpt>
    <trkpt lat="40.047626750657898" lon="-8.63425910859995">
    </trkpt>
    <trkpt lat="40.047366656061101" lon="-8.63467048248126">
    </trkpt>
    <trkpt lat="40.046848496892999" lon="-8.63562372238834">
    </trkpt>
    <trkpt lat="40.046735266314698" lon="-8.63567407077678">
    </trkpt>
    <trkpt lat="40.045794579181901" lon="-8.63558400996182">
    </trkpt>
    <trkpt lat="40.045695591832597" lon="-8.635597963315711">
    </trkpt>
    <trkpt lat="40.0455905044331" lon="-8.63564043810953">
    </trkpt>
    <trkpt lat="40.045551257891603" lon="-8.635752839828839">
    </trkpt>
    <trkpt lat="40.045540793347698" lon="-8.635843930165301">
    </trkpt>
    <trkpt lat="40.045621931305398" lon="-8.636350867331201">
    </trkpt>
    <trkpt lat="40.045605263213801" lon="-8.636778121710851">
    </trkpt>
    <trkpt lat="40.045512209883299" lon="-8.63698225138485">
    </trkpt>
    <trkpt lat="40.045413809726298" lon="-8.6371724761528">
    </trkpt>
    <trkpt lat="40.045250337267198" lon="-8.63738625589977">
    </trkpt>
    <trkpt lat="40.045127203144602" lon="-8.63746792571817">
    </trkpt>
    <trkpt lat="40.044977274559002" lon="-8.637529272049109">
    </trkpt>
    <trkpt lat="40.044783847710697" lon="-8.637587346431371">
    </trkpt>
    <trkpt lat="40.044560823177598" lon="-8.63764939404334">
    </trkpt>
    <trkpt lat="40.043747777974602" lon="-8.63788380574869">
    </trkpt>
    <trkpt lat="40.043304265759303" lon="-8.638094474067">
    </trkpt>
    <trkpt lat="40.0430646570127" lon="-8.63822583906537">
    </trkpt>
    <trkpt lat="40.0430155247806" lon="-8.63841756396285">
    </trkpt>
    <trkpt lat="40.042723256730802" lon="-8.639069019435871">
    </trkpt>
    <trkpt lat="40.042435710775401" lon="-8.63990552686932">
    </trkpt>
    <trkpt lat="40.0423542294931" lon="-8.640285187852569">
    </trkpt>
    <trkpt lat="40.042321626992702" lon="-8.64041944782646">
    </trkpt>
    <trkpt lat="40.042202994112799" lon="-8.64057490372662">
    </trkpt>
    <trkpt lat="40.042034242118703" lon="-8.640591207395239">
    </trkpt>
    <trkpt lat="40.041861925517502" lon="-8.64058978550467">
    </trkpt>
    <trkpt lat="40.041622564541399" lon="-8.640687207918999">
    </trkpt>
    <trkpt lat="40.041411641160799" lon="-8.64072075572038">
    </trkpt>
    <trkpt lat="40.040978438552003" lon="-8.640712435328661">
    </trkpt>
    <trkpt lat="40.040658073045499" lon="-8.64069124361643">
    </trkpt>
    <trkpt lat="40.040401059722001" lon="-8.64060115983732">
    </trkpt>
    <trkpt lat="40.040136779108998" lon="-8.640360822407519">
    </trkpt>
    <trkpt lat="40.040047213400698" lon="-8.64015852719333">
    </trkpt>
    <trkpt lat="40.0400611210734" lon="-8.640013033932821">
    </trkpt>
    <trkpt lat="40.040063219912497" lon="-8.639891559431151">
    </trkpt>
    <trkpt lat="40.0400184540783" lon="-8.6398547986434">
    </trkpt>
    <trkpt lat="40.039324170305903" lon="-8.63941007735909">
    </trkpt>
    <trkpt lat="40.038363815274003" lon="-8.63882567266068">
    </trkpt>
    <trkpt lat="40.0382897517893" lon="-8.6387560363499">
    </trkpt>
    <trkpt lat="40.038286695996" lon="-8.638658735173079">
    </trkpt>
    <trkpt lat="40.038291884512098" lon="-8.63854765312483">
    </trkpt>
    <trkpt lat="40.0386462566955" lon="-8.63767230007679">
    </trkpt>
    <trkpt lat="40.038684883937101" lon="-8.637526811221401">
    </trkpt>
    <trkpt lat="40.038756667501701" lon="-8.637357658774309">
    </trkpt>
    <trkpt lat="40.038644817387997" lon="-8.63724365862792">
    </trkpt>
    <trkpt lat="40.038416916962802" lon="-8.63714900335324">
    </trkpt>
    <trkpt lat="40.037964231815998" lon="-8.637012057345579">
    </trkpt>
    <trkpt lat="40.037675278444702" lon="-8.63688451588362">
    </trkpt>
    <trkpt lat="40.037128340128703" lon="-8.63659856371633">
    </trkpt>
    <trkpt lat="40.036960618530799" lon="-8.63650503752708">
    </trkpt>
    <trkpt lat="40.036810415278097" lon="-8.63685793877135">
    </trkpt>
    <trkpt lat="40.036366778492898" lon="-8.636927434937601">
    </trkpt>
    <trkpt lat="40.036027706060899" lon="-8.636966359378601">
    </trkpt>
    <trkpt lat="40.035956680711401" lon="-8.63698765625545">
    </trkpt>
    <trkpt lat="40.035686172723501" lon="-8.637056023524471">
    </trkpt>
    <trkpt lat="40.035354573720298" lon="-8.637188967060681">
    </trkpt>
    <trkpt lat="40.035259296077498" lon="-8.63716580644029">
    </trkpt>
    <trkpt lat="40.0352364046134" lon="-8.637140587833329">
    </trkpt>
    <trkpt lat="40.035226831706503" lon="-8.637125892985161">
    </trkpt>
    <trkpt lat="40.035215364196503" lon="-8.637007956331191">
    </trkpt>
    <trkpt lat="40.035154866222499" lon="-8.636852891911539">
    </trkpt>
    <trkpt lat="40.035114234069098" lon="-8.63678622997516">
    </trkpt>
    <trkpt lat="40.034616486886399" lon="-8.63663513301317">
    </trkpt>
    <trkpt lat="40.034178132419001" lon="-8.636521720839401">
    </trkpt>
    <trkpt lat="40.033635396453803" lon="-8.636567342083159">
    </trkpt>
    <trkpt lat="40.033290899475702" lon="-8.636610303676999">
    </trkpt>
    <trkpt lat="40.033055082380599" lon="-8.636620411929981">
    </trkpt>
    <trkpt lat="40.032635037949198" lon="-8.636658061777171">
    </trkpt>
    <trkpt lat="40.032140248823502" lon="-8.63679232574138">
    </trkpt>
    <trkpt lat="40.031765368021503" lon="-8.636878759693859">
    </trkpt>
    <trkpt lat="40.031050519845202" lon="-8.63722243708883">
    </trkpt>
    <trkpt lat="40.030373826220803" lon="-8.63760198379147">
    </trkpt>
    <trkpt lat="40.029897196386798" lon="-8.63770199585286">
    </trkpt>
    <trkpt lat="40.029169730632098" lon="-8.638055707049309">
    </trkpt>
    <trkpt lat="40.0287388671522" lon="-8.63836838496945">
    </trkpt>
    <trkpt lat="40.028325361676202" lon="-8.63865702648001">
    </trkpt>
    <trkpt lat="40.027877008421498" lon="-8.638994399257051">
    </trkpt>
    <trkpt lat="40.027618215680498" lon="-8.6390862152249">
    </trkpt>
    <trkpt lat="40.027462315434001" lon="-8.63912023342129">
    </trkpt>
    <trkpt lat="40.027323829921997" lon="-8.63918326535633">
    </trkpt>
    <trkpt lat="40.027068673367303" lon="-8.639229747551131">
    </trkpt>
    <trkpt lat="40.026888856546002" lon="-8.63927272723261">
    </trkpt>
    <trkpt lat="40.025909302684099" lon="-8.639655507593419">
    </trkpt>
    <trkpt lat="40.025627656010499" lon="-8.63975955360748">
    </trkpt>
    <trkpt lat="40.025207180088103" lon="-8.639967697828711">
    </trkpt>
    <trkpt lat="40.024774359992399" lon="-8.640216400103821">
    </trkpt>
    <trkpt lat="40.024292501717397" lon="-8.640641610109951">
    </trkpt>
    <trkpt lat="40.0239395345492" lon="-8.64087977256748">
    </trkpt>
    <trkpt lat="40.023605588606301" lon="-8.64106933187961">
    </trkpt>
    <trkpt lat="40.023275571966003" lon="-8.64132793283726">
    </trkpt>
    <trkpt lat="40.023012662291201" lon="-8.64150391494695">
    </trkpt>
    <trkpt lat="40.022615834113601" lon="-8.641226992751109">
    </trkpt>
    <trkpt lat="40.022103758099703" lon="-8.64072199324398">
    </trkpt>
    <trkpt lat="40.021891049275098" lon="-8.64051083794484">
    </trkpt>
    <trkpt lat="40.0217287954639" lon="-8.64031821093088">
    </trkpt>
    <trkpt lat="40.021485949392499" lon="-8.640043951024641">
    </trkpt>
    <trkpt lat="40.021412959517001" lon="-8.64004515994883">
    </trkpt>
    <trkpt lat="40.021147889573697" lon="-8.640197455714709">
    </trkpt>
    <trkpt lat="40.020962621513803" lon="-8.639939044234641">
    </trkpt>
    <trkpt lat="40.020062624044002" lon="-8.63902289342901">
    </trkpt>
    <trkpt lat="40.0195569834314" lon="-8.638501454775859">
    </trkpt>
    <trkpt lat="40.019442212141101" lon="-8.638454377903001">
    </trkpt>
    <trkpt lat="40.019262022569997" lon="-8.638305748855929">
    </trkpt>
    <trkpt lat="40.019097917513299" lon="-8.638152639968">
    </trkpt>
    <trkpt lat="40.018917754222798" lon="-8.637979662248711">
    </trkpt>
    <trkpt lat="40.018815387800302" lon="-8.637825608867191">
    </trkpt>
    <trkpt lat="40.018563481523103" lon="-8.637604858766631">
    </trkpt>
    <trkpt lat="40.018310898207901" lon="-8.63748049925775">
    </trkpt>
    <trkpt lat="40.018176252973902" lon="-8.637464376527751">
    </trkpt>
    <trkpt lat="40.018050277147601" lon="-8.637459247003029">
    </trkpt>
    <trkpt lat="40.017715370810997" lon="-8.63744424606049">
    </trkpt>
    <trkpt lat="40.017323438571403" lon="-8.63744800498163">
    </trkpt>
    <trkpt lat="40.016975266475903" lon="-8.63734072100643">
    </trkpt>
    <trkpt lat="40.016659412779497" lon="-8.637189603783129">
    </trkpt>
    <trkpt lat="40.016192974755199" lon="-8.636905031462611">
    </trkpt>
    <trkpt lat="40.016060011695799" lon="-8.63683729820321">
    </trkpt>
    <trkpt lat="40.015545298468503" lon="-8.63659616931211">
    </trkpt>
    <trkpt lat="40.015432614732802" lon="-8.636547893031571">
    </trkpt>
    <trkpt lat="40.015335494203804" lon="-8.636385203764579">
    </trkpt>
    <trkpt lat="40.015178392356901" lon="-8.63617368968789">
    </trkpt>
    <trkpt lat="40.015082748020099" lon="-8.635950652168329">
    </trkpt>
    <trkpt lat="40.014915166838399" lon="-8.635715877105691">
    </trkpt>
    <trkpt lat="40.0148686324548" lon="-8.63557384913593">
    </trkpt>
    <trkpt lat="40.014792054827801" lon="-8.635450730686021">
    </trkpt>
    <trkpt lat="40.014713195585401" lon="-8.635387882384819">
    </trkpt>
    <trkpt lat="40.0146423989152" lon="-8.635324155330951">
    </trkpt>
    <trkpt lat="40.014285288622801" lon="-8.634980861073529">
    </trkpt>
    <trkpt lat="40.014070063367697" lon="-8.634743401936779">
    </trkpt>
    <trkpt lat="40.013943812297903" lon="-8.634673772663531">
    </trkpt>
    <trkpt lat="40.013399515797303" lon="-8.63432524159704">
    </trkpt>
    <trkpt lat="40.0133149989435" lon="-8.634098038615971">
    </trkpt>
    <trkpt lat="40.013239572340098" lon="-8.63401861546666">
    </trkpt>
    <trkpt lat="40.013111313726903" lon="-8.63392245726927">
    </trkpt>
    <trkpt lat="40.012860192317802" lon="-8.63386493930668">
    </trkpt>
    <trkpt lat="40.0126678806554" lon="-8.63374285345188">
    </trkpt>
    <trkpt lat="40.012394609734898" lon="-8.633671821941871">
    </trkpt>
    <trkpt lat="40.012184403869597" lon="-8.633651327659919">
    </trkpt>
    <trkpt lat="40.0116863229036" lon="-8.633612690377751">
    </trkpt>
    <trkpt lat="40.0116379346236" lon="-8.63372160797349">
    </trkpt>
    <trkpt lat="40.011552896662899" lon="-8.63395675875076">
    </trkpt>
    <trkpt lat="40.011496754341202" lon="-8.63406490859612">
    </trkpt>
    <trkpt lat="40.011400853112697" lon="-8.634102957461099">
    </trkpt>
    <trkpt lat="40.0112709914318" lon="-8.634099587662259">
    </trkpt>
    <trkpt lat="40.011082079196299" lon="-8.63411410811309">
    </trkpt>
    <trkpt lat="40.010937259842798" lon="-8.63410173489153">
    </trkpt>
    <trkpt lat="40.010923173119302" lon="-8.63409910024329">
    </trkpt>
    <trkpt lat="40.0108129594894" lon="-8.634089267392749">
    </trkpt>
    <trkpt lat="40.010347305832298" lon="-8.634008350033399">
    </trkpt>
    <trkpt lat="40.010216716974597" lon="-8.634007921886671">
    </trkpt>
    <trkpt lat="40.009921277837499" lon="-8.63399166436581">
    </trkpt>
    <trkpt lat="40.009716070052001" lon="-8.6339576753267">
    </trkpt>
    <trkpt lat="40.009576508133797" lon="-8.6339282549309">
    </trkpt>
    <trkpt lat="40.009428009011103" lon="-8.633885619108741">
    </trkpt>
    <trkpt lat="40.009233930372602" lon="-8.63382700477429">
    </trkpt>
    <trkpt lat="40.009033024770197" lon="-8.63380471965244">
    </trkpt>
    <trkpt lat="40.0088855743805" lon="-8.633786623180169">
    </trkpt>
    <trkpt lat="40.0086499991518" lon="-8.633796178933871">
    </trkpt>
    <trkpt lat="40.008391065162698" lon="-8.633795062689879">
    </trkpt>
    <trkpt lat="40.008111740562498" lon="-8.633818800315931">
    </trkpt>
    <trkpt lat="40.007974431765298" lon="-8.6338899214081">
    </trkpt>
    <trkpt lat="40.007838916162498" lon="-8.63395432747161">
    </trkpt>
    <trkpt lat="40.007322688514002" lon="-8.63423738728436">
    </trkpt>
    <trkpt lat="40.006883330513503" lon="-8.63442836390756">
    </trkpt>
    <trkpt lat="40.006573141146298" lon="-8.634480745389689">
    </trkpt>
    <trkpt lat="40.006326888014101" lon="-8.634551117989711">
    </trkpt>
    <trkpt lat="40.005983181022003" lon="-8.634633160607921">
    </trkpt>
    <trkpt lat="40.005890590258403" lon="-8.63466855757825">
    </trkpt>
    <trkpt lat="40.005354824946899" lon="-8.634902714137491">
    </trkpt>
    <trkpt lat="40.005256812727801" lon="-8.6349332880913">
    </trkpt>
    <trkpt lat="40.004999750063497" lon="-8.63491795389862">
    </trkpt>
    <trkpt lat="40.004671944756097" lon="-8.634924807102889">
    </trkpt>
    <trkpt lat="40.004180792162501" lon="-8.634941330107811">
    </trkpt>
    <trkpt lat="40.004006587795601" lon="-8.63492171049171">
    </trkpt>
    <trkpt lat="40.003784731300598" lon="-8.63487836675035">
    </trkpt>
    <trkpt lat="40.003452949883403" lon="-8.63472590549806">
    </trkpt>
    <trkpt lat="40.003281562157902" lon="-8.63466757301709">
    </trkpt>
    <trkpt lat="40.003172396113101" lon="-8.634681234486999">
    </trkpt>
    <trkpt lat="40.002945679829601" lon="-8.634727642094539">
    </trkpt>
    <trkpt lat="40.002749218367498" lon="-8.63479600610466">
    </trkpt>
    <trkpt lat="40.002498981778999" lon="-8.63483727094658">
    </trkpt>
    <trkpt lat="40.002333884069799" lon="-8.634841006963599">
    </trkpt>
    <trkpt lat="40.002039637218502" lon="-8.634844501606191">
    </trkpt>
    <trkpt lat="40.001783884216401" lon="-8.63481260477351">
    </trkpt>
    <trkpt lat="40.001610787362402" lon="-8.634729995143219">
    </trkpt>
    <trkpt lat="40.001275903187299" lon="-8.63465038907164">
    </trkpt>
    <trkpt lat="40.000511296779898" lon="-8.63438310119918">
    </trkpt>
    <trkpt lat="40.000363228196697" lon="-8.634379642010829">
    </trkpt>
    <trkpt lat="40.000231515146297" lon="-8.6343521343241">
    </trkpt>
    <trkpt lat="39.999936892420997" lon="-8.634375390676309">
    </trkpt>
    <trkpt lat="39.9997862203913" lon="-8.634378333037761">
    </trkpt>
    <trkpt lat="39.999016869559597" lon="-8.63443174034906">
    </trkpt>
    <trkpt lat="39.998580201044099" lon="-8.634464007911999">
    </trkpt>
    <trkpt lat="39.998278286398197" lon="-8.634475487499889">
    </trkpt>
    <trkpt lat="39.996656274626197" lon="-8.634605798454279">
    </trkpt>
    <trkpt lat="39.996220387842698" lon="-8.63461914812928">
    </trkpt>
    <trkpt lat="39.994137489655103" lon="-8.63477344149025">
    </trkpt>
    <trkpt lat="39.9937720040529" lon="-8.63480943552903">
    </trkpt>
    <trkpt lat="39.9934604536138" lon="-8.634914606705941">
    </trkpt>
    <trkpt lat="39.992846756452799" lon="-8.635148113114751">
    </trkpt>
    <trkpt lat="39.9917181364792" lon="-8.635508979571171">
    </trkpt>
    <trkpt lat="39.991479198360103" lon="-8.63562954959507">
    </trkpt>
    <trkpt lat="39.991261110396003" lon="-8.635774834360021">
    </trkpt>
    <trkpt lat="39.991003967742301" lon="-8.63598626545012">
    </trkpt>
    <trkpt lat="39.9906220482344" lon="-8.63629547807307">
    </trkpt>
    <trkpt lat="39.990248487318198" lon="-8.636608111670981">
    </trkpt>
    <trkpt lat="39.989914934263503" lon="-8.636892261038261">
    </trkpt>
    <trkpt lat="39.989573870721401" lon="-8.637152686983731">
    </trkpt>
    <trkpt lat="39.989278382927097" lon="-8.637304996109091">
    </trkpt>
    <trkpt lat="39.9886921471901" lon="-8.637442457586969">
    </trkpt>
    <trkpt lat="39.988332840823702" lon="-8.63754051156303">
    </trkpt>
    <trkpt lat="39.987784535400003" lon="-8.63779737324206">
    </trkpt>
    <trkpt lat="39.9872948551767" lon="-8.63802566787475">
    </trkpt>
    <trkpt lat="39.986337528393101" lon="-8.63828869920259">
    </trkpt>
    <trkpt lat="39.9860006081311" lon="-8.638029650752779">
    </trkpt>
    <trkpt lat="39.985744206203101" lon="-8.637818241077911">
    </trkpt>
    <trkpt lat="39.985460470050398" lon="-8.637596787181881">
    </trkpt>
    <trkpt lat="39.985226474952299" lon="-8.637480822117221">
    </trkpt>
    <trkpt lat="39.985033595728503" lon="-8.637464810557949">
    </trkpt>
    <trkpt lat="39.984749562638498" lon="-8.63740906781687">
    </trkpt>
    <trkpt lat="39.984457095175898" lon="-8.637372253200841">
    </trkpt>
    <trkpt lat="39.984138279153498" lon="-8.63733243504047">
    </trkpt>
    <trkpt lat="39.982511126056103" lon="-8.63709956249749">
    </trkpt>
    <trkpt lat="39.979406348826402" lon="-8.636616851053409">
    </trkpt>
    <trkpt lat="39.978940005654003" lon="-8.63651632449762">
    </trkpt>
    <trkpt lat="39.978768710973497" lon="-8.636438614897759">
    </trkpt>
    <trkpt lat="39.978699607792599" lon="-8.636301431614211">
    </trkpt>
    <trkpt lat="39.978613998603997" lon="-8.63618939661152">
    </trkpt>
    <trkpt lat="39.9785452910846" lon="-8.635891714711301">
    </trkpt>
    <trkpt lat="39.978525314429703" lon="-8.63566776685381">
    </trkpt>
    <trkpt lat="39.978458434261398" lon="-8.635284232445461">
    </trkpt>
    <trkpt lat="39.978438074634603" lon="-8.635113311204551">
    </trkpt>
    <trkpt lat="39.978352654469099" lon="-8.63495935898669">
    </trkpt>
    <trkpt lat="39.9782266421931" lon="-8.634884886993531">
    </trkpt>
    <trkpt lat="39.978094148531298" lon="-8.634833941686219">
    </trkpt>
    <trkpt lat="39.977924122494102" lon="-8.63484782658708">
    </trkpt>
    <trkpt lat="39.977797756256898" lon="-8.634856337858601">
    </trkpt>
    <trkpt lat="39.977737135940899" lon="-8.634853196647491">
    </trkpt>
    <trkpt lat="39.975763088912203" lon="-8.634892871587869">
    </trkpt>
    <trkpt lat="39.975450643017403" lon="-8.634823030626221">
    </trkpt>
    <trkpt lat="39.975238050916403" lon="-8.6347020005202">
    </trkpt>
    <trkpt lat="39.974837232858498" lon="-8.6344612961186">
    </trkpt>
    <trkpt lat="39.9746793442918" lon="-8.63427034165243">
    </trkpt>
    <trkpt lat="39.974619287262897" lon="-8.634174574718021">
    </trkpt>
    <trkpt lat="39.974622161795203" lon="-8.63397702188724">
    </trkpt>
    <trkpt lat="39.974521751727004" lon="-8.63388623817916">
    </trkpt>
    <trkpt lat="39.974477678045197" lon="-8.633937673550509">
    </trkpt>
    <trkpt lat="39.9744154126412" lon="-8.633938153405699">
    </trkpt>
    <trkpt lat="39.974275148506798" lon="-8.633766360791521">
    </trkpt>
    <trkpt lat="39.973811326703" lon="-8.633325120599929">
    </trkpt>
    <trkpt lat="39.973702631761299" lon="-8.633192825880361">
    </trkpt>
    <trkpt lat="39.972947415956298" lon="-8.63246764157655">
    </trkpt>
    <trkpt lat="39.9728836697278" lon="-8.63250162560713">
    </trkpt>
    <trkpt lat="39.972907269455803" lon="-8.632593119139759">
    </trkpt>
    <trkpt lat="39.9729407846798" lon="-8.63267464863757">
    </trkpt>
    <trkpt lat="39.9728911594704" lon="-8.63273160016243">
    </trkpt>
    <trkpt lat="39.972650771284499" lon="-8.63279215824384">
    </trkpt>
    <trkpt lat="39.972108194654197" lon="-8.632958658166229">
    </trkpt>
    <trkpt lat="39.971702966213201" lon="-8.633053962531809">
    </trkpt>
    <trkpt lat="39.971608591261898" lon="-8.63305334447494">
    </trkpt>
    <trkpt lat="39.971172965690599" lon="-8.63313858533717">
    </trkpt>
    <trkpt lat="39.971075550021602" lon="-8.63315569867304">
    </trkpt>
    <trkpt lat="39.970992457612702" lon="-8.63316434303454">
    </trkpt>
    <trkpt lat="39.9702362256957" lon="-8.6330453654874">
    </trkpt>
    <trkpt lat="39.969901930515903" lon="-8.632946794540141">
    </trkpt>
    <trkpt lat="39.969796285994001" lon="-8.6328838880458">
    </trkpt>
    <trkpt lat="39.969761973147598" lon="-8.63300535479671">
    </trkpt>
    <trkpt lat="39.969281713738901" lon="-8.632822910092941">
    </trkpt>
    <trkpt lat="39.967244350577701" lon="-8.632175027530479">
    </trkpt>
    <trkpt lat="39.9671853048076" lon="-8.632108214263081">
    </trkpt>
    <trkpt lat="39.967190729625997" lon="-8.63199950401413">
    </trkpt>
    <trkpt lat="39.967148277596102" lon="-8.63214564328732">
    </trkpt>
    <trkpt lat="39.967133854300599" lon="-8.632876234472331">
    </trkpt>
    <trkpt lat="39.9671387782371" lon="-8.633373658461711">
    </trkpt>
    <trkpt lat="39.967145367216901" lon="-8.633484207993529">
    </trkpt>
    <trkpt lat="39.967245980080897" lon="-8.63382064019083">
    </trkpt>
    <trkpt lat="39.9671195290613" lon="-8.633972838061799">
    </trkpt>
    <trkpt lat="39.966933317183198" lon="-8.633956940439541">
    </trkpt>
    <trkpt lat="39.966721574018898" lon="-8.63390687504668">
    </trkpt>
    <trkpt lat="39.966562190580298" lon="-8.633847968714271">
    </trkpt>
    <trkpt lat="39.966482624603998" lon="-8.63376673761543">
    </trkpt>
    <trkpt lat="39.966467728972603" lon="-8.633612549558521">
    </trkpt>
    <trkpt lat="39.9664690702228" lon="-8.632939105476041">
    </trkpt>
    <trkpt lat="39.966303055121898" lon="-8.63287342371172">
    </trkpt>
    <trkpt lat="39.962013852865802" lon="-8.63147940818831">
    </trkpt>
    <trkpt lat="39.960381290557997" lon="-8.630967691834689">
    </trkpt>
    <trkpt lat="39.9603475126032" lon="-8.631016499512331">
    </trkpt>
    <trkpt lat="39.960012940436798" lon="-8.632148297167481">
    </trkpt>
    <trkpt lat="39.959782296015803" lon="-8.632238086978999">
    </trkpt>
    <trkpt lat="39.959198189913501" lon="-8.632284582328269">
    </trkpt>
    <trkpt lat="39.959081236352503" lon="-8.63215784601495">
    </trkpt>
    <trkpt lat="39.959091130022898" lon="-8.632055859344479">
    </trkpt>
    <trkpt lat="39.959118798757203" lon="-8.631935793071859">
    </trkpt>
    <trkpt lat="39.959230548624902" lon="-8.63192695116294">
    </trkpt>
    <trkpt lat="39.9592642364114" lon="-8.63180788595543">
    </trkpt>
    <trkpt lat="39.959004625974799" lon="-8.63166179382654">
    </trkpt>
    <trkpt lat="39.959000341569698" lon="-8.63152775235808">
    </trkpt>
    <trkpt lat="39.958929713670997" lon="-8.63146704743267">
    </trkpt>
    <trkpt lat="39.958844904470403" lon="-8.63150721212693">
    </trkpt>
    <trkpt lat="39.9587582355989" lon="-8.631519984308371">
    </trkpt>
    <trkpt lat="39.958514646266501" lon="-8.6313663080777">
    </trkpt>
    <trkpt lat="39.958034214292198" lon="-8.631173525090819">
    </trkpt>
    <trkpt lat="39.9573896389388" lon="-8.63110770661307">
    </trkpt>
    <trkpt lat="39.957351056272998" lon="-8.63104337286692">
    </trkpt>
    <trkpt lat="39.957314554489102" lon="-8.63104656539206">
    </trkpt>
    <trkpt lat="39.9572857373971" lon="-8.6311009934005">
    </trkpt>
    <trkpt lat="39.956482306905301" lon="-8.63105453223873">
    </trkpt>
    <trkpt lat="39.956206525890899" lon="-8.63098808536251">
    </trkpt>
    <trkpt lat="39.955965114827798" lon="-8.630785322686551">
    </trkpt>
    <trkpt lat="39.955956152545802" lon="-8.63071262214404">
    </trkpt>
    <trkpt lat="39.955969975909397" lon="-8.630650460626979">
    </trkpt>
    <trkpt lat="39.955804447108797" lon="-8.630599534504061">
    </trkpt>
    <trkpt lat="39.955666718362501" lon="-8.630487319513851">
    </trkpt>
    <trkpt lat="39.955435389425503" lon="-8.6304050526822">
    </trkpt>
    <trkpt lat="39.955198398246999" lon="-8.630389275568801">
    </trkpt>
    <trkpt lat="39.953607454112898" lon="-8.63033627472093">
    </trkpt>
    <trkpt lat="39.953274222822202" lon="-8.630342410157789">
    </trkpt>
    <trkpt lat="39.946795619854903" lon="-8.630112078020961">
    </trkpt>
    <trkpt lat="39.945992596746301" lon="-8.6301053543772">
    </trkpt>
    <trkpt lat="39.945824794011102" lon="-8.630118927672831">
    </trkpt>
    <trkpt lat="39.945660648571199" lon="-8.63017733518082">
    </trkpt>
    <trkpt lat="39.945576538221097" lon="-8.63026595611905">
    </trkpt>
    <trkpt lat="39.9455308934321" lon="-8.630273505836429">
    </trkpt>
    <trkpt lat="39.945491457199097" lon="-8.63028087546188">
    </trkpt>
    <trkpt lat="39.945473780670099" lon="-8.63023358957342">
    </trkpt>
    <trkpt lat="39.945449730845098" lon="-8.63021716290803">
    </trkpt>
    <trkpt lat="39.945405750238002" lon="-8.630231583178579">
    </trkpt>
    <trkpt lat="39.945403758766801" lon="-8.63028200313399">
    </trkpt>
    <trkpt lat="39.945397573175697" lon="-8.630302228638509">
    </trkpt>
    <trkpt lat="39.945354403421298" lon="-8.630312622643761">
    </trkpt>
    <trkpt lat="39.945310667908302" lon="-8.63028645049371">
    </trkpt>
    <trkpt lat="39.945270295221398" lon="-8.63025733858157">
    </trkpt>
    <trkpt lat="39.945221565370602" lon="-8.6301963095495">
    </trkpt>
    <trkpt lat="39.945146063019401" lon="-8.630146982233249">
    </trkpt>
    <trkpt lat="39.945069534015502" lon="-8.630074633772161">
    </trkpt>
    <trkpt lat="39.944978641900398" lon="-8.630062656635101">
    </trkpt>
    <trkpt lat="39.944793798519001" lon="-8.63006148764492">
    </trkpt>
    <trkpt lat="39.944414484067302" lon="-8.63003006718537">
    </trkpt>
    <trkpt lat="39.944302659199899" lon="-8.63004115385322">
    </trkpt>
    <trkpt lat="39.941780784769797" lon="-8.629953348614469">
    </trkpt>
    <trkpt lat="39.941582362092099" lon="-8.630028412583901">
    </trkpt>
    <trkpt lat="39.941435490606302" lon="-8.6300747850901">
    </trkpt>
    <trkpt lat="39.941302561838199" lon="-8.630143960142069">
    </trkpt>
    <trkpt lat="39.941195759202998" lon="-8.630114234981651">
    </trkpt>
    <trkpt lat="39.941095111122799" lon="-8.6300210817795">
    </trkpt>
    <trkpt lat="39.941037964138303" lon="-8.629940567090459">
    </trkpt>
    <trkpt lat="39.940926963359601" lon="-8.629915792306511">
    </trkpt>
    <trkpt lat="39.940822296293497" lon="-8.62989517520302">
    </trkpt>
    <trkpt lat="39.9407302765566" lon="-8.629903479835949">
    </trkpt>
    <trkpt lat="39.9353727238461" lon="-8.62970930822404">
    </trkpt>
    <trkpt lat="39.935247304855302" lon="-8.629741727148261">
    </trkpt>
    <trkpt lat="39.934830401506503" lon="-8.629773931988501">
    </trkpt>
    <trkpt lat="39.934636798570097" lon="-8.62968480156742">
    </trkpt>
    <trkpt lat="39.934446363806998" lon="-8.62967563283825">
    </trkpt>
    <trkpt lat="39.926207447275601" lon="-8.62927337689856">
    </trkpt>
    <trkpt lat="39.926182289736602" lon="-8.62946474403927">
    </trkpt>
    <trkpt lat="39.924731396103098" lon="-8.629802211639131">
    </trkpt>
    <trkpt lat="39.923604407559502" lon="-8.630242846083901">
    </trkpt>
    <trkpt lat="39.922884004414001" lon="-8.63055022053028">
    </trkpt>
    <trkpt lat="39.922787470409197" lon="-8.630440459083241">
    </trkpt>
    <trkpt lat="39.922637839831502" lon="-8.63045751659882">
    </trkpt>
    <trkpt lat="39.922496644011197" lon="-8.630561789819019">
    </trkpt>
    <trkpt lat="39.921667005787299" lon="-8.63212856573708">
    </trkpt>
    <trkpt lat="39.921341548171" lon="-8.631774560537281">
    </trkpt>
    <trkpt lat="39.921337491862303" lon="-8.631496412031259">
    </trkpt>
    <trkpt lat="39.921270997758903" lon="-8.631464715525169">
    </trkpt>
    <trkpt lat="39.921186977169498" lon="-8.631450497234709">
    </trkpt>
    <trkpt lat="39.919083041854996" lon="-8.631576473841641">
    </trkpt>
    <trkpt lat="39.919043609605701" lon="-8.63143199419696">
    </trkpt>
    <trkpt lat="39.918758165471701" lon="-8.63144445358628">
    </trkpt>
    <trkpt lat="39.918705544526198" lon="-8.63166343903967">
    </trkpt>
    <trkpt lat="39.916626126085603" lon="-8.63171564194398">
    </trkpt>
    <trkpt lat="39.916530605269799" lon="-8.6318937752892">
    </trkpt>
    <trkpt lat="39.916438280816799" lon="-8.631822523975281">
    </trkpt>
    <trkpt lat="39.9162256621198" lon="-8.63215603688846">
    </trkpt>
    <trkpt lat="39.9161788537155" lon="-8.63207384744002">
    </trkpt>
    <trkpt lat="39.916106261437001" lon="-8.632189497925991">
    </trkpt>
    <trkpt lat="39.915952470241201" lon="-8.63192157428824">
    </trkpt>
    <trkpt lat="39.915925280390802" lon="-8.63140294596095">
    </trkpt>
    <trkpt lat="39.915938399131001" lon="-8.630714600383479">
    </trkpt>
    <trkpt lat="39.915850736491102" lon="-8.630681266281281">
    </trkpt>
    <trkpt lat="39.915804326689702" lon="-8.63044639136556">
    </trkpt>
    <trkpt lat="39.915737938968697" lon="-8.63031889199401">
    </trkpt>
    <trkpt lat="39.915486225906399" lon="-8.63016906510963">
    </trkpt>
    <trkpt lat="39.915269503580902" lon="-8.63006509329025">
    </trkpt>
    <trkpt lat="39.915189395296601" lon="-8.63000769380595">
    </trkpt>
    <trkpt lat="39.915037219406997" lon="-8.629932947198959">
    </trkpt>
    <trkpt lat="39.914511845953903" lon="-8.629701505259421">
    </trkpt>
    <trkpt lat="39.914155715478401" lon="-8.629572406018641">
    </trkpt>
    <trkpt lat="39.9137362251452" lon="-8.629468194631359">
    </trkpt>
    <trkpt lat="39.913497652061501" lon="-8.629439047286221">
    </trkpt>
    <trkpt lat="39.9132250095007" lon="-8.6294510290906">
    </trkpt>
    <trkpt lat="39.913039375620002" lon="-8.629490600536879">
    </trkpt>
    <trkpt lat="39.912862685055401" lon="-8.62954833236317">
    </trkpt>
    <trkpt lat="39.912760414273102" lon="-8.62951950481501">
    </trkpt>
    <trkpt lat="39.912639079420799" lon="-8.629571740892979">
    </trkpt>
    <trkpt lat="39.9125450079204" lon="-8.62965079843006">
    </trkpt>
    <trkpt lat="39.912458974064101" lon="-8.629636737196369">
    </trkpt>
    <trkpt lat="39.912282113799399" lon="-8.629586363110681">
    </trkpt>
    <trkpt lat="39.912103235695703" lon="-8.62973186280964">
    </trkpt>
    <trkpt lat="39.911619543765099" lon="-8.62988074391116">
    </trkpt>
    <trkpt lat="39.910817142380502" lon="-8.63046325707486">
    </trkpt>
    <trkpt lat="39.910235531806201" lon="-8.63062049635989">
    </trkpt>
    <trkpt lat="39.910054950442699" lon="-8.630595431365441">
    </trkpt>
    <trkpt lat="39.909157509705402" lon="-8.63056171533637">
    </trkpt>
    <trkpt lat="39.9084078303149" lon="-8.63051902602747">
    </trkpt>
    <trkpt lat="39.908401070543903" lon="-8.630860043511539">
    </trkpt>
    <trkpt lat="39.906555507247703" lon="-8.630977082161669">
    </trkpt>
    <trkpt lat="39.906157814162" lon="-8.63105209439717">
    </trkpt>
    <trkpt lat="39.905926661758599" lon="-8.631130170405861">
    </trkpt>
    <trkpt lat="39.905602371556903" lon="-8.631113224031459">
    </trkpt>
    <trkpt lat="39.905304554611597" lon="-8.63105588633597">
    </trkpt>
    <trkpt lat="39.905012899511902" lon="-8.63097679657422">
    </trkpt>
    <trkpt lat="39.904709400101297" lon="-8.63078773210912">
    </trkpt>
    <trkpt lat="39.9045136448118" lon="-8.630573979356329">
    </trkpt>
    <trkpt lat="39.9041452742985" lon="-8.63016022211267">
    </trkpt>
    <trkpt lat="39.903874149346201" lon="-8.62996870077064">
    </trkpt>
    <trkpt lat="39.903581744592998" lon="-8.62984790964688">
    </trkpt>
    <trkpt lat="39.903326286024999" lon="-8.629733449909811">
    </trkpt>
    <trkpt lat="39.903180282109602" lon="-8.629725757061699">
    </trkpt>
    <trkpt lat="39.903028673460298" lon="-8.6297099525062">
    </trkpt>
    <trkpt lat="39.9029438569885" lon="-8.62999827002478">
    </trkpt>
    <trkpt lat="39.902851949537997" lon="-8.63009854566725">
    </trkpt>
    <trkpt lat="39.902645827155197" lon="-8.63047915583341">
    </trkpt>
    <trkpt lat="39.902550334057601" lon="-8.630606977189601">
    </trkpt>
    <trkpt lat="39.902303790915703" lon="-8.63073334292633">
    </trkpt>
    <trkpt lat="39.902181480609897" lon="-8.63090287755222">
    </trkpt>
    <trkpt lat="39.9020236101831" lon="-8.63105000157184">
    </trkpt>
    <trkpt lat="39.9020323014635" lon="-8.63117878580341">
    </trkpt>
    <trkpt lat="39.902160892903296" lon="-8.631356716692769">
    </trkpt>
    <trkpt lat="39.9022512227695" lon="-8.631483769691039">
    </trkpt>
    <trkpt lat="39.902196628305298" lon="-8.63151343678536">
    </trkpt>
    <trkpt lat="39.902211640639699" lon="-8.631587597157591">
    </trkpt>
    <trkpt lat="39.902140673361998" lon="-8.63188182381149">
    </trkpt>
    <trkpt lat="39.902129253045203" lon="-8.63207541755269">
    </trkpt>
    <trkpt lat="39.902146664860098" lon="-8.632217389050311">
    </trkpt>
    <trkpt lat="39.9022158913277" lon="-8.632471940412991">
    </trkpt>
    <trkpt lat="39.902217112305799" lon="-8.6326241606472">
    </trkpt>
    <trkpt lat="39.902188059327997" lon="-8.63278095126697">
    </trkpt>
    <trkpt lat="39.902105743142499" lon="-8.63298820417913">
    </trkpt>
    <trkpt lat="39.902050444808701" lon="-8.63300583440186">
    </trkpt>
    <trkpt lat="39.902037232824902" lon="-8.633073743425779">
    </trkpt>
    <trkpt lat="39.902106974919597" lon="-8.6330838736912">
    </trkpt>
    <trkpt lat="39.9021177860417" lon="-8.633119620121681">
    </trkpt>
    <trkpt lat="39.902114630261103" lon="-8.633175665810951">
    </trkpt>
    <trkpt lat="39.902120751268697" lon="-8.63349746466624">
    </trkpt>
    <trkpt lat="39.902095922145499" lon="-8.63386269462602">
    </trkpt>
    <trkpt lat="39.902058323688998" lon="-8.634249969207159">
    </trkpt>
    <trkpt lat="39.901998318582798" lon="-8.634642924492541">
    </trkpt>
    <trkpt lat="39.901959813266302" lon="-8.63484998293386">
    </trkpt>
    <trkpt lat="39.901949654563197" lon="-8.634928316774589">
    </trkpt>
    <trkpt lat="39.901924012371701" lon="-8.634934015304569">
    </trkpt>
    <trkpt lat="39.901892137988398" lon="-8.635065413073979">
    </trkpt>
    <trkpt lat="39.901955379252001" lon="-8.63513882975159">
    </trkpt>
    <trkpt lat="39.901949271260897" lon="-8.63551076901183">
    </trkpt>
    <trkpt lat="39.9019017904821" lon="-8.63550496153235">
    </trkpt>
    <trkpt lat="39.901879110749398" lon="-8.63563632915098">
    </trkpt>
    <trkpt lat="39.901955643501701" lon="-8.635925718835759">
    </trkpt>
    <trkpt lat="39.901961928445303" lon="-8.63615100365505">
    </trkpt>
    <trkpt lat="39.901780445129504" lon="-8.6364096820345">
    </trkpt>
    <trkpt lat="39.901244020507001" lon="-8.637187524103449">
    </trkpt>
    <trkpt lat="39.9008853515924" lon="-8.637770298459589">
    </trkpt>
    <trkpt lat="39.900545557932297" lon="-8.638626735757461">
    </trkpt>
    <trkpt lat="39.900183097853002" lon="-8.6396825425575">
    </trkpt>
    <trkpt lat="39.900068157228397" lon="-8.639871782396961">
    </trkpt>
    <trkpt lat="39.899831491592501" lon="-8.640200400145959">
    </trkpt>
    <trkpt lat="39.899485795222901" lon="-8.64076995913711">
    </trkpt>
    <trkpt lat="39.899233723531303" lon="-8.64113646993361">
    </trkpt>
    <trkpt lat="39.899100885807897" lon="-8.641257206206051">
    </trkpt>
    <trkpt lat="39.899018018695102" lon="-8.64146650930655">
    </trkpt>
    <trkpt lat="39.898874589764297" lon="-8.642008788504491">
    </trkpt>
    <trkpt lat="39.898815262786698" lon="-8.64219860413003">
    </trkpt>
    <trkpt lat="39.898589572329897" lon="-8.64260341386597">
    </trkpt>
    <trkpt lat="39.898376511969303" lon="-8.64283183159819">
    </trkpt>
    <trkpt lat="39.898215961005697" lon="-8.642986205874699">
    </trkpt>
    <trkpt lat="39.896983467073902" lon="-8.64409588845106">
    </trkpt>
    <trkpt lat="39.896582944395199" lon="-8.64444547964295">
    </trkpt>
    <trkpt lat="39.896466414414498" lon="-8.64463683149258">
    </trkpt>
    <trkpt lat="39.896345842072797" lon="-8.64479567159062">
    </trkpt>
    <trkpt lat="39.895749678808002" lon="-8.64608672338505">
    </trkpt>
    <trkpt lat="39.8952342693999" lon="-8.64706650990262">
    </trkpt>
    <trkpt lat="39.894936164729202" lon="-8.64768151886364">
    </trkpt>
    <trkpt lat="39.894894712965801" lon="-8.647887425242709">
    </trkpt>
    <trkpt lat="39.8948703665368" lon="-8.648178296120379">
    </trkpt>
    <trkpt lat="39.894851492767202" lon="-8.648518545875289">
    </trkpt>
    <trkpt lat="39.894829197331497" lon="-8.648711214143169">
    </trkpt>
    <trkpt lat="39.894804072900001" lon="-8.64885436119695">
    </trkpt>
    <trkpt lat="39.894768328893399" lon="-8.649002610702979">
    </trkpt>
    <trkpt lat="39.8946518556086" lon="-8.649237573989851">
    </trkpt>
    <trkpt lat="39.894503604772801" lon="-8.64934540998299">
    </trkpt>
    <trkpt lat="39.894367883833802" lon="-8.64950707424288">
    </trkpt>
    <trkpt lat="39.894155362300701" lon="-8.64974364034374">
    </trkpt>
    <trkpt lat="39.894055499421398" lon="-8.649846918853241">
    </trkpt>
    <trkpt lat="39.893903841599098" lon="-8.650151016525109">
    </trkpt>
    <trkpt lat="39.893756463311398" lon="-8.650481770823189">
    </trkpt>
    <trkpt lat="39.893620077420003" lon="-8.65076756555065">
    </trkpt>
    <trkpt lat="39.893335884136597" lon="-8.65140658209325">
    </trkpt>
    <trkpt lat="39.893066979125898" lon="-8.652016003272079">
    </trkpt>
    <trkpt lat="39.892863434498203" lon="-8.652438258864709">
    </trkpt>
    <trkpt lat="39.892693784619397" lon="-8.652782473081849">
    </trkpt>
    <trkpt lat="39.892537647497903" lon="-8.653012788098099">
    </trkpt>
    <trkpt lat="39.892332710947002" lon="-8.65323994898203">
    </trkpt>
    <trkpt lat="39.892134433858899" lon="-8.65340691086846">
    </trkpt>
    <trkpt lat="39.891910515835299" lon="-8.653596146387819">
    </trkpt>
    <trkpt lat="39.891791007837099" lon="-8.65375999407248">
    </trkpt>
    <trkpt lat="39.891593463048103" lon="-8.65401482214723">
    </trkpt>
    <trkpt lat="39.891419990566199" lon="-8.65424436930976">
    </trkpt>
    <trkpt lat="39.8912769788991" lon="-8.654417250553189">
    </trkpt>
    <trkpt lat="39.891056791301402" lon="-8.65481053866668">
    </trkpt>
    <trkpt lat="39.890883989505902" lon="-8.655132568059811">
    </trkpt>
    <trkpt lat="39.890712715588798" lon="-8.655459822642509">
    </trkpt>
    <trkpt lat="39.890564036405301" lon="-8.655616662650401">
    </trkpt>
    <trkpt lat="39.890457386539602" lon="-8.65574809567727">
    </trkpt>
    <trkpt lat="39.890325681391403" lon="-8.655902062859891">
    </trkpt>
    <trkpt lat="39.889931810445901" lon="-8.656217732806491">
    </trkpt>
    <trkpt lat="39.889705564858602" lon="-8.6564175475509">
    </trkpt>
    <trkpt lat="39.889406343420198" lon="-8.65663469311712">
    </trkpt>
    <trkpt lat="39.889086246688699" lon="-8.656801027801871">
    </trkpt>
    <trkpt lat="39.888899187643098" lon="-8.65685432382887">
    </trkpt>
    <trkpt lat="39.8887171501324" lon="-8.65698676677497">
    </trkpt>
    <trkpt lat="39.888600868531498" lon="-8.657047304290691">
    </trkpt>
    <trkpt lat="39.888380048468697" lon="-8.657185528000889">
    </trkpt>
    <trkpt lat="39.888267795915802" lon="-8.657318311946611">
    </trkpt>
    <trkpt lat="39.887733652518499" lon="-8.658016438684349">
    </trkpt>
    <trkpt lat="39.887389975612599" lon="-8.65831070133633">
    </trkpt>
    <trkpt lat="39.887010362517302" lon="-8.658540706394181">
    </trkpt>
    <trkpt lat="39.886844011528297" lon="-8.65862254268542">
    </trkpt>
    <trkpt lat="39.886427227747497" lon="-8.658660796053139">
    </trkpt>
    <trkpt lat="39.885956385838803" lon="-8.6586438217464">
    </trkpt>
    <trkpt lat="39.885709852853999" lon="-8.65864003530988">
    </trkpt>
    <trkpt lat="39.885255170341402" lon="-8.65878508387298">
    </trkpt>
    <trkpt lat="39.884929774602199" lon="-8.65898459837452">
    </trkpt>
    <trkpt lat="39.884640616117899" lon="-8.65926401269043">
    </trkpt>
    <trkpt lat="39.884112003588399" lon="-8.65991877066889">
    </trkpt>
    <trkpt lat="39.8838808174429" lon="-8.66021732839685">
    </trkpt>
    <trkpt lat="39.883627475779598" lon="-8.660604097353019">
    </trkpt>
    <trkpt lat="39.883441001209" lon="-8.66073584059699">
    </trkpt>
    <trkpt lat="39.8831442577318" lon="-8.66082445674337">
    </trkpt>
    <trkpt lat="39.882240812745302" lon="-8.661201678012141">
    </trkpt>
    <trkpt lat="39.882100614695503" lon="-8.66130231201354">
    </trkpt>
    <trkpt lat="39.881604088953097" lon="-8.661855547043761">
    </trkpt>
    <trkpt lat="39.881246864156701" lon="-8.66213540367113">
    </trkpt>
    <trkpt lat="39.8808941402351" lon="-8.66243577298618">
    </trkpt>
    <trkpt lat="39.880744254965798" lon="-8.66247673564102">
    </trkpt>
    <trkpt lat="39.880395928250799" lon="-8.66236368952255">
    </trkpt>
    <trkpt lat="39.8800480113429" lon="-8.66239947316183">
    </trkpt>
    <trkpt lat="39.8798876572368" lon="-8.66238179601312">
    </trkpt>
    <trkpt lat="39.879750062826702" lon="-8.66232660042003">
    </trkpt>
    <trkpt lat="39.8796243288459" lon="-8.662227567727481">
    </trkpt>
    <trkpt lat="39.879121042496003" lon="-8.66181495207219">
    </trkpt>
    <trkpt lat="39.878911410278597" lon="-8.661674286057581">
    </trkpt>
    <trkpt lat="39.878674116909899" lon="-8.66167096960948">
    </trkpt>
    <trkpt lat="39.878316706348002" lon="-8.66172804546955">
    </trkpt>
    <trkpt lat="39.878033551828601" lon="-8.66180201751979">
    </trkpt>
    <trkpt lat="39.877730948597801" lon="-8.66193659568612">
    </trkpt>
    <trkpt lat="39.8774050891599" lon="-8.662123375995129">
    </trkpt>
    <trkpt lat="39.877082269211897" lon="-8.6624330508236">
    </trkpt>
    <trkpt lat="39.876954522478002" lon="-8.66250046529354">
    </trkpt>
    <trkpt lat="39.876906998425298" lon="-8.66238242423363">
    </trkpt>
    <trkpt lat="39.876838900855702" lon="-8.662414005361731">
    </trkpt>
    <trkpt lat="39.876842490599699" lon="-8.66255701441939">
    </trkpt>
    <trkpt lat="39.876821002038" lon="-8.662725861484351">
    </trkpt>
    <trkpt lat="39.876718580897602" lon="-8.662840684701539">
    </trkpt>
    <trkpt lat="39.8763495599202" lon="-8.663106926945209">
    </trkpt>
    <trkpt lat="39.876034527828402" lon="-8.663347164759349">
    </trkpt>
    <trkpt lat="39.875699633628997" lon="-8.663815710654591">
    </trkpt>
    <trkpt lat="39.875552518481499" lon="-8.664098295660271">
    </trkpt>
    <trkpt lat="39.875201374270603" lon="-8.66443992507601">
    </trkpt>
    <trkpt lat="39.874756295000303" lon="-8.66504059719521">
    </trkpt>
    <trkpt lat="39.874587646330198" lon="-8.66521922960129">
    </trkpt>
    <trkpt lat="39.8741969445595" lon="-8.6655461783078">
    </trkpt>
    <trkpt lat="39.873689221425103" lon="-8.665999671072241">
    </trkpt>
    <trkpt lat="39.873196924617602" lon="-8.66636926419635">
    </trkpt>
    <trkpt lat="39.872814690635302" lon="-8.66665834366302">
    </trkpt>
    <trkpt lat="39.872275473301201" lon="-8.66745160191558">
    </trkpt>
    <trkpt lat="39.872097497653897" lon="-8.66770575331361">
    </trkpt>
    <trkpt lat="39.871864509553703" lon="-8.667893808277119">
    </trkpt>
    <trkpt lat="39.871594317853699" lon="-8.668044419994461">
    </trkpt>
    <trkpt lat="39.871237648953702" lon="-8.66829399281832">
    </trkpt>
    <trkpt lat="39.870914857121598" lon="-8.668559163622939">
    </trkpt>
    <trkpt lat="39.870621633819098" lon="-8.66883363572787">
    </trkpt>
    <trkpt lat="39.870280827784697" lon="-8.66910638601219">
    </trkpt>
    <trkpt lat="39.869853598087303" lon="-8.6694042653582">
    </trkpt>
    <trkpt lat="39.868719913675498" lon="-8.670103151802159">
    </trkpt>
    <trkpt lat="39.868190571109203" lon="-8.67040859225853">
    </trkpt>
    <trkpt lat="39.867701001046001" lon="-8.67069936829958">
    </trkpt>
    <trkpt lat="39.867170318032301" lon="-8.670908836783189">
    </trkpt>
    <trkpt lat="39.866573514785202" lon="-8.671063092429049">
    </trkpt>
    <trkpt lat="39.866414571712802" lon="-8.671125514008191">
    </trkpt>
    <trkpt lat="39.866283454881199" lon="-8.67110550917219">
    </trkpt>
    <trkpt lat="39.866138667888599" lon="-8.6710074693202">
    </trkpt>
    <trkpt lat="39.866065240261499" lon="-8.671050185061491">
    </trkpt>
    <trkpt lat="39.8661153199441" lon="-8.671143606757759">
    </trkpt>
    <trkpt lat="39.866034795735096" lon="-8.671211706371739">
    </trkpt>
    <trkpt lat="39.865848359859299" lon="-8.67130026511426">
    </trkpt>
    <trkpt lat="39.865586936672699" lon="-8.67148229807105">
    </trkpt>
    <trkpt lat="39.865292271702998" lon="-8.671732986697821">
    </trkpt>
    <trkpt lat="39.865175880281797" lon="-8.671842581649321">
    </trkpt>
    <trkpt lat="39.864319088475199" lon="-8.67233085826957">
    </trkpt>
    <trkpt lat="39.864002030081302" lon="-8.672452830900241">
    </trkpt>
    <trkpt lat="39.863768269374198" lon="-8.67262726076723">
    </trkpt>
    <trkpt lat="39.863316485571097" lon="-8.672874373580919">
    </trkpt>
    <trkpt lat="39.863050142228502" lon="-8.673021003036579">
    </trkpt>
    <trkpt lat="39.862682096449902" lon="-8.67311288730679">
    </trkpt>
    <trkpt lat="39.862438017968202" lon="-8.673191086859861">
    </trkpt>
    <trkpt lat="39.862269907385397" lon="-8.673240890250201">
    </trkpt>
    <trkpt lat="39.862054608001998" lon="-8.6733588114695">
    </trkpt>
    <trkpt lat="39.861663387037503" lon="-8.673571871167249">
    </trkpt>
    <trkpt lat="39.861353712928" lon="-8.673706095528001">
    </trkpt>
    <trkpt lat="39.861114520076796" lon="-8.673884332246439">
    </trkpt>
    <trkpt lat="39.861057899684297" lon="-8.674010104588101">
    </trkpt>
    <trkpt lat="39.860956575816097" lon="-8.67419784229438">
    </trkpt>
    <trkpt lat="39.860877038414202" lon="-8.674317601406401">
    </trkpt>
    <trkpt lat="39.860699725112497" lon="-8.67440751678061">
    </trkpt>
    <trkpt lat="39.860568414552098" lon="-8.67447837518846">
    </trkpt>
    <trkpt lat="39.860475073773799" lon="-8.674621317294051">
    </trkpt>
    <trkpt lat="39.860297766774501" lon="-8.67473865146037">
    </trkpt>
    <trkpt lat="39.860138707030302" lon="-8.67478135400949">
    </trkpt>
    <trkpt lat="39.860045864438497" lon="-8.674831532633309">
    </trkpt>
    <trkpt lat="39.859553465768599" lon="-8.67508204517371">
    </trkpt>
    <trkpt lat="39.859331030615003" lon="-8.67525248218575">
    </trkpt>
    <trkpt lat="39.8587311944219" lon="-8.675787069007891">
    </trkpt>
    <trkpt lat="39.858353017844003" lon="-8.676190255587359">
    </trkpt>
    <trkpt lat="39.858106062985797" lon="-8.67631712129692">
    </trkpt>
    <trkpt lat="39.857963786625398" lon="-8.676431540396971">
    </trkpt>
    <trkpt lat="39.857594657723901" lon="-8.676809311635299">
    </trkpt>
    <trkpt lat="39.857337765356498" lon="-8.67725104309557">
    </trkpt>
    <trkpt lat="39.857072059087699" lon="-8.677774630774801">
    </trkpt>
    <trkpt lat="39.857027061636302" lon="-8.67777362512529">
    </trkpt>
    <trkpt lat="39.857002808164701" lon="-8.67765231273278">
    </trkpt>
    <trkpt lat="39.856947514497499" lon="-8.67768266982447">
    </trkpt>
    <trkpt lat="39.856985900560403" lon="-8.677937304892019">
    </trkpt>
    <trkpt lat="39.856883822360203" lon="-8.67804534002453">
    </trkpt>
    <trkpt lat="39.8567192792828" lon="-8.678174171530211">
    </trkpt>
    <trkpt lat="39.8565493418335" lon="-8.678277038853331">
    </trkpt>
    <trkpt lat="39.856268985856602" lon="-8.67837315971903">
    </trkpt>
    <trkpt lat="39.856113777462497" lon="-8.6784617556971">
    </trkpt>
    <trkpt lat="39.855753857128597" lon="-8.67879750501513">
    </trkpt>
    <trkpt lat="39.855528506359697" lon="-8.67910161564591">
    </trkpt>
    <trkpt lat="39.8555158176923" lon="-8.67909366930008">
    </trkpt>
    <trkpt lat="39.855328353151599" lon="-8.67935231606349">
    </trkpt>
    <trkpt lat="39.855007658479998" lon="-8.67966520470301">
    </trkpt>
    <trkpt lat="39.854636774374399" lon="-8.679927571401761">
    </trkpt>
    <trkpt lat="39.8544313903787" lon="-8.68007241848804">
    </trkpt>
    <trkpt lat="39.853698235034599" lon="-8.68042892824834">
    </trkpt>
    <trkpt lat="39.8534122587605" lon="-8.68067043872783">
    </trkpt>
    <trkpt lat="39.853198784863302" lon="-8.680863578190881">
    </trkpt>
    <trkpt lat="39.853086660637402" lon="-8.680876488348609">
    </trkpt>
    <trkpt lat="39.852621798289697" lon="-8.68112743347633">
    </trkpt>
    <trkpt lat="39.852382473219997" lon="-8.681237395556209">
    </trkpt>
    <trkpt lat="39.852088258874197" lon="-8.681273829064359">
    </trkpt>
    <trkpt lat="39.851945376627299" lon="-8.68129390491813">
    </trkpt>
    <trkpt lat="39.8518797898438" lon="-8.681288124856231">
    </trkpt>
    <trkpt lat="39.851475251987502" lon="-8.681637897626871">
    </trkpt>
    <trkpt lat="39.850630044173997" lon="-8.68244119763785">
    </trkpt>
    <trkpt lat="39.850034875920997" lon="-8.68308942288907">
    </trkpt>
    <trkpt lat="39.849740619566802" lon="-8.683338567646009">
    </trkpt>
    <trkpt lat="39.849607348001797" lon="-8.683424679218851">
    </trkpt>
    <trkpt lat="39.849313793605504" lon="-8.68367196885629">
    </trkpt>
    <trkpt lat="39.849157262435199" lon="-8.68380020965315">
    </trkpt>
    <trkpt lat="39.8488224104997" lon="-8.68433478463148">
    </trkpt>
    <trkpt lat="39.848389814608701" lon="-8.68489275146035">
    </trkpt>
    <trkpt lat="39.848281549764302" lon="-8.68510541496831">
    </trkpt>
    <trkpt lat="39.848152912095202" lon="-8.685400306110211">
    </trkpt>
    <trkpt lat="39.8479147592423" lon="-8.68595792085997">
    </trkpt>
    <trkpt lat="39.847820095617102" lon="-8.68620936138216">
    </trkpt>
    <trkpt lat="39.847686947148702" lon="-8.68627935255576">
    </trkpt>
    <trkpt lat="39.847486684633097" lon="-8.68648441837443">
    </trkpt>
    <trkpt lat="39.847282462873203" lon="-8.68662968483873">
    </trkpt>
    <trkpt lat="39.8468906321486" lon="-8.68688513149128">
    </trkpt>
    <trkpt lat="39.846564500288402" lon="-8.68718951424141">
    </trkpt>
    <trkpt lat="39.845684331085899" lon="-8.68809822299454">
    </trkpt>
    <trkpt lat="39.845255117900301" lon="-8.688492360215241">
    </trkpt>
    <trkpt lat="39.844890821202803" lon="-8.688837351279011">
    </trkpt>
    <trkpt lat="39.843586848788803" lon="-8.689945443923159">
    </trkpt>
    <trkpt lat="39.843331493739598" lon="-8.69012885776111">
    </trkpt>
    <trkpt lat="39.842897055790601" lon="-8.690390247131621">
    </trkpt>
    <trkpt lat="39.842564724046198" lon="-8.69046471123645">
    </trkpt>
    <trkpt lat="39.842268850210601" lon="-8.69044966284083">
    </trkpt>
    <trkpt lat="39.842015439409998" lon="-8.690458398448291">
    </trkpt>
    <trkpt lat="39.841761430601302" lon="-8.69057406409015">
    </trkpt>
    <trkpt lat="39.841570191789501" lon="-8.690691365968799">
    </trkpt>
    <trkpt lat="39.841430556658501" lon="-8.690863009134519">
    </trkpt>
    <trkpt lat="39.841276107520301" lon="-8.690996805908499">
    </trkpt>
    <trkpt lat="39.841098023939203" lon="-8.691072365953749">
    </trkpt>
    <trkpt lat="39.840857660526602" lon="-8.691151723548931">
    </trkpt>
    <trkpt lat="39.840676954915203" lon="-8.69121221337064">
    </trkpt>
    <trkpt lat="39.840538123311099" lon="-8.69123478994255">
    </trkpt>
    <trkpt lat="39.840229881716603" lon="-8.69147090903178">
    </trkpt>
    <trkpt lat="39.839910146739498" lon="-8.69173876991805">
    </trkpt>
    <trkpt lat="39.839774325827499" lon="-8.69177481300593">
    </trkpt>
    <trkpt lat="39.839726397173699" lon="-8.69176639204839">
    </trkpt>
    <trkpt lat="39.839736496852602" lon="-8.69163072208409">
    </trkpt>
    <trkpt lat="39.8396849055244" lon="-8.691598810604949">
    </trkpt>
    <trkpt lat="39.839622576988198" lon="-8.691772978994569">
    </trkpt>
    <trkpt lat="39.839495956544901" lon="-8.69176861480083">
    </trkpt>
    <trkpt lat="39.839258749288703" lon="-8.69179989750042">
    </trkpt>
    <trkpt lat="39.839125408151297" lon="-8.69186660696039">
    </trkpt>
    <trkpt lat="39.838988280053599" lon="-8.69191721440431">
    </trkpt>
    <trkpt lat="39.838646614301801" lon="-8.69183925141474">
    </trkpt>
    <trkpt lat="39.838503882892297" lon="-8.691826436877591">
    </trkpt>
    <trkpt lat="39.838219677308899" lon="-8.691930839852001">
    </trkpt>
    <trkpt lat="39.837896027364103" lon="-8.69227511722692">
    </trkpt>
    <trkpt lat="39.837645043396797" lon="-8.692556720555579">
    </trkpt>
    <trkpt lat="39.837588998572798" lon="-8.69267266350937">
    </trkpt>
    <trkpt lat="39.837551791001701" lon="-8.69280060002596">
    </trkpt>
    <trkpt lat="39.837278299339403" lon="-8.69311397647602">
    </trkpt>
    <trkpt lat="39.8370571351156" lon="-8.69328765300453">
    </trkpt>
    <trkpt lat="39.836662772514202" lon="-8.693480935516609">
    </trkpt>
    <trkpt lat="39.836437703469002" lon="-8.693568681306351">
    </trkpt>
    <trkpt lat="39.836045694758603" lon="-8.693754168299231">
    </trkpt>
    <trkpt lat="39.835837630756899" lon="-8.693905700588781">
    </trkpt>
    <trkpt lat="39.835746248003503" lon="-8.69421840303489">
    </trkpt>
    <trkpt lat="39.835561331293903" lon="-8.69462627378066">
    </trkpt>
    <trkpt lat="39.835310852312098" lon="-8.695047325236111">
    </trkpt>
    <trkpt lat="39.835264789962501" lon="-8.695256540909609">
    </trkpt>
    <trkpt lat="39.835262030414" lon="-8.695557113769199">
    </trkpt>
    <trkpt lat="39.8353174399628" lon="-8.696036695434399">
    </trkpt>
    <trkpt lat="39.835373087159702" lon="-8.69647498837729">
    </trkpt>
    <trkpt lat="39.835408606109901" lon="-8.696838789708149">
    </trkpt>
    <trkpt lat="39.835527658041599" lon="-8.69742015627998">
    </trkpt>
    <trkpt lat="39.835470110924902" lon="-8.697484571345131">
    </trkpt>
    <trkpt lat="39.835485668247799" lon="-8.6975666082622">
    </trkpt>
    <trkpt lat="39.835604275671201" lon="-8.697529425821539">
    </trkpt>
    <trkpt lat="39.835662603594898" lon="-8.69756625216808">
    </trkpt>
    <trkpt lat="39.8359729673193" lon="-8.698188506348711">
    </trkpt>
    <trkpt lat="39.8360316908174" lon="-8.69831156258234">
    </trkpt>
    <trkpt lat="39.836082532562699" lon="-8.698553367146291">
    </trkpt>
    <trkpt lat="39.836107236988397" lon="-8.698962604868241">
    </trkpt>
    <trkpt lat="39.836094243834502" lon="-8.699150789942831">
    </trkpt>
    <trkpt lat="39.836104340532003" lon="-8.69939710367659">
    </trkpt>
    <trkpt lat="39.836171839402702" lon="-8.699646412669701">
    </trkpt>
    <trkpt lat="39.836261137308" lon="-8.69992828096739">
    </trkpt>
    <trkpt lat="39.836250905841702" lon="-8.700088666339649">
    </trkpt>
    <trkpt lat="39.836154294514898" lon="-8.70045379126624">
    </trkpt>
    <trkpt lat="39.8360275593719" lon="-8.700932159905269">
    </trkpt>
    <trkpt lat="39.836001231244403" lon="-8.701104638598339">
    </trkpt>
    <trkpt lat="39.835957207338403" lon="-8.701491106824481">
    </trkpt>
    <trkpt lat="39.835898050310597" lon="-8.70176742149002">
    </trkpt>
    <trkpt lat="39.835856305211898" lon="-8.702051960260841">
    </trkpt>
    <trkpt lat="39.835843690036498" lon="-8.70217523666123">
    </trkpt>
    <trkpt lat="39.835814629510701" lon="-8.702293123261111">
    </trkpt>
    <trkpt lat="39.8357457799138" lon="-8.70234648746964">
    </trkpt>
    <trkpt lat="39.835632442416198" lon="-8.702479474329291">
    </trkpt>
    <trkpt lat="39.835542434175302" lon="-8.70258216224053">
    </trkpt>
    <trkpt lat="39.835459077607702" lon="-8.702693819868591">
    </trkpt>
    <trkpt lat="39.835349745505603" lon="-8.702883255742449">
    </trkpt>
    <trkpt lat="39.835270540690601" lon="-8.703315890256549">
    </trkpt>
    <trkpt lat="39.835131871377399" lon="-8.70422960119822">
    </trkpt>
    <trkpt lat="39.835018506358402" lon="-8.704730671938069">
    </trkpt>
    <trkpt lat="39.834906434588902" lon="-8.7051618637344">
    </trkpt>
    <trkpt lat="39.834794248195998" lon="-8.705468421462969">
    </trkpt>
    <trkpt lat="39.834619976746801" lon="-8.70580017455951">
    </trkpt>
    <trkpt lat="39.834552954950098" lon="-8.706146594793941">
    </trkpt>
    <trkpt lat="39.834546979785699" lon="-8.70646233241618">
    </trkpt>
    <trkpt lat="39.834547691686197" lon="-8.7066996425309">
    </trkpt>
    <trkpt lat="39.8345547607505" lon="-8.70701130325215">
    </trkpt>
    <trkpt lat="39.834553594043101" lon="-8.707302378827549">
    </trkpt>
    <trkpt lat="39.834453978296999" lon="-8.70755429864205">
    </trkpt>
    <trkpt lat="39.8343223255605" lon="-8.707606756223949">
    </trkpt>
    <trkpt lat="39.834057464835098" lon="-8.70762631801483">
    </trkpt>
    <trkpt lat="39.833629900326102" lon="-8.70765569188829">
    </trkpt>
    <trkpt lat="39.833272463600103" lon="-8.707684169371801">
    </trkpt>
    <trkpt lat="39.8325788020353" lon="-8.707792972295049">
    </trkpt>
    <trkpt lat="39.832438310878402" lon="-8.707844482294171">
    </trkpt>
    <trkpt lat="39.832204523010802" lon="-8.70805344937733">
    </trkpt>
    <trkpt lat="39.8321060982585" lon="-8.70818467969767">
    </trkpt>
    <trkpt lat="39.832059289878899" lon="-8.70825934772715">
    </trkpt>
    <trkpt lat="39.831728114503001" lon="-8.708879202479951">
    </trkpt>
    <trkpt lat="39.831437256121198" lon="-8.709289601009131">
    </trkpt>
    <trkpt lat="39.831014484612602" lon="-8.70978658419193">
    </trkpt>
    <trkpt lat="39.830733095261301" lon="-8.71006092185374">
    </trkpt>
    <trkpt lat="39.830126989442697" lon="-8.7108130817027">
    </trkpt>
    <trkpt lat="39.8293305006978" lon="-8.71169676865942">
    </trkpt>
    <trkpt lat="39.828779217052499" lon="-8.712406936670821">
    </trkpt>
    <trkpt lat="39.828553262829899" lon="-8.712675647250739">
    </trkpt>
    <trkpt lat="39.828571813186301" lon="-8.71310724000365">
    </trkpt>
    <trkpt lat="39.827866221409003" lon="-8.71327693518632">
    </trkpt>
    <trkpt lat="39.827643064804697" lon="-8.713340833808481">
    </trkpt>
    <trkpt lat="39.8270647301837" lon="-8.713618168312269">
    </trkpt>
    <trkpt lat="39.826113823170097" lon="-8.71410321024366">
    </trkpt>
    <trkpt lat="39.825946795805102" lon="-8.714175654041711">
    </trkpt>
    <trkpt lat="39.825406930263398" lon="-8.714418226524611">
    </trkpt>
    <trkpt lat="39.8252463054841" lon="-8.714455992827251">
    </trkpt>
    <trkpt lat="39.825075121993301" lon="-8.714454264745919">
    </trkpt>
    <trkpt lat="39.824737552577197" lon="-8.71439055701955">
    </trkpt>
    <trkpt lat="39.824427248827497" lon="-8.714352946637691">
    </trkpt>
    <trkpt lat="39.824091245801199" lon="-8.71437163065349">
    </trkpt>
    <trkpt lat="39.823907780294199" lon="-8.714397940287361">
    </trkpt>
    <trkpt lat="39.823857971555597" lon="-8.71438948081583">
    </trkpt>
    <trkpt lat="39.823781658570503" lon="-8.714405778151701">
    </trkpt>
    <trkpt lat="39.823747281425703" lon="-8.71450371280935">
    </trkpt>
    <trkpt lat="39.823429879773997" lon="-8.71463140431239">
    </trkpt>
    <trkpt lat="39.823022483886803" lon="-8.714766034643359">
    </trkpt>
    <trkpt lat="39.822639217099102" lon="-8.714856879957811">
    </trkpt>
    <trkpt lat="39.822463154542604" lon="-8.71488895878495">
    </trkpt>
    <trkpt lat="39.821483571270697" lon="-8.714928073719969">
    </trkpt>
    <trkpt lat="39.821293450055002" lon="-8.71491999795264">
    </trkpt>
    <trkpt lat="39.821058640716402" lon="-8.71488242203576">
    </trkpt>
    <trkpt lat="39.820938392271401" lon="-8.71485637476091">
    </trkpt>
    <trkpt lat="39.820608947302702" lon="-8.71473346845165">
    </trkpt>
    <trkpt lat="39.820411518787303" lon="-8.714709332833589">
    </trkpt>
    <trkpt lat="39.820140633463801" lon="-8.71470176368554">
    </trkpt>
    <trkpt lat="39.8199540813794" lon="-8.7147612288839">
    </trkpt>
    <trkpt lat="39.8198227237692" lon="-8.714766576102379">
    </trkpt>
    <trkpt lat="39.819786383916203" lon="-8.714759562140079">
    </trkpt>
    <trkpt lat="39.819399397499602" lon="-8.71457115769689">
    </trkpt>
    <trkpt lat="39.819192592336002" lon="-8.714472496412361">
    </trkpt>
    <trkpt lat="39.819080837668899" lon="-8.71440404301995">
    </trkpt>
    <trkpt lat="39.818911108570397" lon="-8.71440574855408">
    </trkpt>
    <trkpt lat="39.8187855594173" lon="-8.71445649591182">
    </trkpt>
    <trkpt lat="39.818692100994603" lon="-8.71453563483864">
    </trkpt>
    <trkpt lat="39.8184958072559" lon="-8.71481582150173">
    </trkpt>
    <trkpt lat="39.818228986753297" lon="-8.71472656660932">
    </trkpt>
    <trkpt lat="39.818048667910197" lon="-8.714670314798131">
    </trkpt>
    <trkpt lat="39.817719859981302" lon="-8.714663677675579">
    </trkpt>
    <trkpt lat="39.817637631962697" lon="-8.714688422186409">
    </trkpt>
    <trkpt lat="39.817301917398602" lon="-8.714913951379209">
    </trkpt>
    <trkpt lat="39.8157758073026" lon="-8.71592911317143">
    </trkpt>
    <trkpt lat="39.815609032664902" lon="-8.71598855769872">
    </trkpt>
    <trkpt lat="39.8154170738608" lon="-8.71604131606685">
    </trkpt>
    <trkpt lat="39.8139011076847" lon="-8.716408733740201">
    </trkpt>
    <trkpt lat="39.812372202759697" lon="-8.71673226760352">
    </trkpt>
    <trkpt lat="39.812073294625797" lon="-8.71676231673867">
    </trkpt>
    <trkpt lat="39.811904247231404" lon="-8.716759604274159">
    </trkpt>
    <trkpt lat="39.811806059363597" lon="-8.716728901511299">
    </trkpt>
    <trkpt lat="39.811454966883602" lon="-8.716622521116699">
    </trkpt>
    <trkpt lat="39.810870134116797" lon="-8.716290732193199">
    </trkpt>
    <trkpt lat="39.810606793784999" lon="-8.71614424879243">
    </trkpt>
    <trkpt lat="39.810389965010202" lon="-8.71605307824416">
    </trkpt>
    <trkpt lat="39.8101623558547" lon="-8.716008733327589">
    </trkpt>
    <trkpt lat="39.809922391408598" lon="-8.715979755559619">
    </trkpt>
    <trkpt lat="39.8096399776949" lon="-8.71608049737597">
    </trkpt>
    <trkpt lat="39.809329310985198" lon="-8.71620817752237">
    </trkpt>
    <trkpt lat="39.809060451604701" lon="-8.716356702060819">
    </trkpt>
    <trkpt lat="39.808677014118899" lon="-8.71663100462926">
    </trkpt>
    <trkpt lat="39.807806568704997" lon="-8.717541738732111">
    </trkpt>
    <trkpt lat="39.807419923477902" lon="-8.7179140095023">
    </trkpt>
    <trkpt lat="39.806876435107398" lon="-8.71846259123536">
    </trkpt>
    <trkpt lat="39.806752493404304" lon="-8.718493141321821">
    </trkpt>
    <trkpt lat="39.806664657824399" lon="-8.71845358603994">
    </trkpt>
    <trkpt lat="39.8066263943766" lon="-8.718372908958679">
    </trkpt>
    <trkpt lat="39.806511909198001" lon="-8.71767649443834">
    </trkpt>
    <trkpt lat="39.806435023058597" lon="-8.716937619132059">
    </trkpt>
    <trkpt lat="39.806403278725902" lon="-8.716645377662051">
    </trkpt>
    <trkpt lat="39.806261696771401" lon="-8.716066463429129">
    </trkpt>
    <trkpt lat="39.806194244614602" lon="-8.715964242081061">
    </trkpt>
    <trkpt lat="39.806127272556402" lon="-8.71586968479475">
    </trkpt>
    <trkpt lat="39.806059064939703" lon="-8.715759201378139">
    </trkpt>
    <trkpt lat="39.805985043347398" lon="-8.715682768092419">
    </trkpt>
    <trkpt lat="39.8058018347934" lon="-8.715520955635171">
    </trkpt>
    <trkpt lat="39.805663804115802" lon="-8.71543193854996">
    </trkpt>
    <trkpt lat="39.805621133707398" lon="-8.715394710700981">
    </trkpt>
    <trkpt lat="39.805312307694003" lon="-8.715154393096309">
    </trkpt>
    <trkpt lat="39.805144202082097" lon="-8.71510910509528">
    </trkpt>
    <trkpt lat="39.805019132013797" lon="-8.715081742651231">
    </trkpt>
    <trkpt lat="39.804894764807003" lon="-8.715075609046419">
    </trkpt>
    <trkpt lat="39.804781524781198" lon="-8.715080789036961">
    </trkpt>
    <trkpt lat="39.804677166604499" lon="-8.71508996868295">
    </trkpt>
    <trkpt lat="39.804474014406402" lon="-8.715084307315619">
    </trkpt>
    <trkpt lat="39.804322126738697" lon="-8.71507902461626">
    </trkpt>
    <trkpt lat="39.804084334156897" lon="-8.714933988235369">
    </trkpt>
    <trkpt lat="39.803704157354503" lon="-8.71446026524654">
    </trkpt>
    <trkpt lat="39.8035554900937" lon="-8.71433291654221">
    </trkpt>
    <trkpt lat="39.803400456286496" lon="-8.71429935456381">
    </trkpt>
    <trkpt lat="39.803140959047902" lon="-8.714247053441101">
    </trkpt>
    <trkpt lat="39.802836352178602" lon="-8.714097166461739">
    </trkpt>
    <trkpt lat="39.802649731648103" lon="-8.713969694851549">
    </trkpt>
    <trkpt lat="39.802253358940398" lon="-8.713618407005759">
    </trkpt>
    <trkpt lat="39.802162301094903" lon="-8.71371967376194">
    </trkpt>
    <trkpt lat="39.802100499172298" lon="-8.71366383888518">
    </trkpt>
    <trkpt lat="39.802036915951597" lon="-8.713676512506179">
    </trkpt>
    <trkpt lat="39.801965382491503" lon="-8.71376366063331">
    </trkpt>
    <trkpt lat="39.801913858101599" lon="-8.713701846883909">
    </trkpt>
    <trkpt lat="39.801798391395899" lon="-8.71393757464773">
    </trkpt>
    <trkpt lat="39.801365707166198" lon="-8.714690690907251">
    </trkpt>
    <trkpt lat="39.8011051144695" lon="-8.715120344649231">
    </trkpt>
    <trkpt lat="39.800993553020703" lon="-8.715323131429431">
    </trkpt>
    <trkpt lat="39.800944370017" lon="-8.715535944391741">
    </trkpt>
    <trkpt lat="39.800933830071898" lon="-8.71564076589762">
    </trkpt>
    <trkpt lat="39.800946823951698" lon="-8.71582511416244">
    </trkpt>
    <trkpt lat="39.800877131586603" lon="-8.715855428040699">
    </trkpt>
    <trkpt lat="39.800847656442997" lon="-8.71579661711066">
    </trkpt>
    <trkpt lat="39.800731033526702" lon="-8.715601579181881">
    </trkpt>
    <trkpt lat="39.800628589185997" lon="-8.71545273516171">
    </trkpt>
    <trkpt lat="39.800443884403599" lon="-8.71513018321378">
    </trkpt>
    <trkpt lat="39.800389357973799" lon="-8.71521401613999">
    </trkpt>
    <trkpt lat="39.800354047655901" lon="-8.7158366382619">
    </trkpt>
    <trkpt lat="39.800304393061502" lon="-8.716137278194591">
    </trkpt>
    <trkpt lat="39.800038694975797" lon="-8.71642699128161">
    </trkpt>
    <trkpt lat="39.799708427799203" lon="-8.71663356867413">
    </trkpt>
    <trkpt lat="39.799523901553101" lon="-8.71662115487686">
    </trkpt>
    <trkpt lat="39.799346560906599" lon="-8.71663627767102">
    </trkpt>
    <trkpt lat="39.798961607553899" lon="-8.716715125385059">
    </trkpt>
    <trkpt lat="39.798832818997901" lon="-8.71668818028062">
    </trkpt>
    <trkpt lat="39.798779838252599" lon="-8.71696405796456">
    </trkpt>
    <trkpt lat="39.798683671660399" lon="-8.71711514601988">
    </trkpt>
    <trkpt lat="39.798571094015003" lon="-8.717230853004621">
    </trkpt>
    <trkpt lat="39.798497676662798" lon="-8.717384288208031">
    </trkpt>
    <trkpt lat="39.7984741869532" lon="-8.717637005837091">
    </trkpt>
    <trkpt lat="39.798456589084097" lon="-8.71792656450793">
    </trkpt>
    <trkpt lat="39.798359631576901" lon="-8.718250994675071">
    </trkpt>
    <trkpt lat="39.798264420814398" lon="-8.71862128644119">
    </trkpt>
    <trkpt lat="39.798240700492798" lon="-8.718833418685911">
    </trkpt>
    <trkpt lat="39.798138886006001" lon="-8.71896192550571">
    </trkpt>
    <trkpt lat="39.797933108906697" lon="-8.71913880392618">
    </trkpt>
    <trkpt lat="39.797720544271201" lon="-8.71912150627834">
    </trkpt>
    <trkpt lat="39.797543035582102" lon="-8.719121315621161">
    </trkpt>
    <trkpt lat="39.797305264819997" lon="-8.71913798942091">
    </trkpt>
    <trkpt lat="39.7970329414022" lon="-8.719320661012681">
    </trkpt>
    <trkpt lat="39.796770528136499" lon="-8.71953683336222">
    </trkpt>
    <trkpt lat="39.796662306120702" lon="-8.719628951016031">
    </trkpt>
    <trkpt lat="39.796571371213098" lon="-8.71989754304853">
    </trkpt>
    <trkpt lat="39.7964960596385" lon="-8.72018599788826">
    </trkpt>
    <trkpt lat="39.796439378123999" lon="-8.72024340958688">
    </trkpt>
    <trkpt lat="39.796324409458997" lon="-8.72029096039334">
    </trkpt>
    <trkpt lat="39.796135379546797" lon="-8.72042754980767">
    </trkpt>
    <trkpt lat="39.795923860396101" lon="-8.72048547071353">
    </trkpt>
    <trkpt lat="39.7955269735127" lon="-8.72052666394616">
    </trkpt>
    <trkpt lat="39.795332783355803" lon="-8.72060534693132">
    </trkpt>
    <trkpt lat="39.7952459000308" lon="-8.720586948909901">
    </trkpt>
    <trkpt lat="39.794874049919898" lon="-8.72065360722727">
    </trkpt>
    <trkpt lat="39.7946975972487" lon="-8.720704266652501">
    </trkpt>
    <trkpt lat="39.794336223626601" lon="-8.720903312349179">
    </trkpt>
    <trkpt lat="39.793983102940601" lon="-8.721103529609641">
    </trkpt>
    <trkpt lat="39.793707840245403" lon="-8.72112399083931">
    </trkpt>
    <trkpt lat="39.793592886452799" lon="-8.72113228846341">
    </trkpt>
    <trkpt lat="39.793294804643402" lon="-8.7211425514661">
    </trkpt>
    <trkpt lat="39.792383840470102" lon="-8.721231872397849">
    </trkpt>
    <trkpt lat="39.791412824597302" lon="-8.72133949485136">
    </trkpt>
    <trkpt lat="39.791101690123703" lon="-8.72134706122136">
    </trkpt>
    <trkpt lat="39.790715556691502" lon="-8.721286457883719">
    </trkpt>
    <trkpt lat="39.790414100266702" lon="-8.72111280605418">
    </trkpt>
    <trkpt lat="39.790191304508603" lon="-8.72096869204465">
    </trkpt>
    <trkpt lat="39.7899287638689" lon="-8.720915155478179">
    </trkpt>
    <trkpt lat="39.789817411529398" lon="-8.720923993028419">
    </trkpt>
    <trkpt lat="39.789351103558197" lon="-8.72092289150609">
    </trkpt>
    <trkpt lat="39.789223745683501" lon="-8.720878930327491">
    </trkpt>
    <trkpt lat="39.788967268129298" lon="-8.720730084586799">
    </trkpt>
    <trkpt lat="39.788805431190603" lon="-8.72058658869339">
    </trkpt>
    <trkpt lat="39.788627992636201" lon="-8.72040803642437">
    </trkpt>
    <trkpt lat="39.788434224083097" lon="-8.720279762913281">
    </trkpt>
    <trkpt lat="39.788156634900297" lon="-8.720331535147629">
    </trkpt>
    <trkpt lat="39.787960269190997" lon="-8.720458185469729">
    </trkpt>
    <trkpt lat="39.787854481660901" lon="-8.720483967936371">
    </trkpt>
    <trkpt lat="39.787681835845902" lon="-8.720612290578149">
    </trkpt>
    <trkpt lat="39.787575810590603" lon="-8.72093414212932">
    </trkpt>
    <trkpt lat="39.7874870574121" lon="-8.72128728250371">
    </trkpt>
    <trkpt lat="39.7874986572943" lon="-8.72165967114538">
    </trkpt>
    <trkpt lat="39.787377962896301" lon="-8.72205249791676">
    </trkpt>
    <trkpt lat="39.787209680102499" lon="-8.72288985955934">
    </trkpt>
    <trkpt lat="39.787139594108901" lon="-8.72295246883874">
    </trkpt>
    <trkpt lat="39.786987494145798" lon="-8.722948123109919">
    </trkpt>
    <trkpt lat="39.786661578632597" lon="-8.722868433439119">
    </trkpt>
    <trkpt lat="39.786286035651202" lon="-8.722716940640129">
    </trkpt>
    <trkpt lat="39.785978760918702" lon="-8.72258783001004">
    </trkpt>
    <trkpt lat="39.785724835526501" lon="-8.722534140595091">
    </trkpt>
    <trkpt lat="39.785618027051399" lon="-8.72250506596942">
    </trkpt>
    <trkpt lat="39.7844507894198" lon="-8.72264221313813">
    </trkpt>
    <trkpt lat="39.784308463696703" lon="-8.722609061182281">
    </trkpt>
    <trkpt lat="39.7841255063313" lon="-8.722443902595559">
    </trkpt>
    <trkpt lat="39.783976087299699" lon="-8.722191477115549">
    </trkpt>
    <trkpt lat="39.783833916310599" lon="-8.721983890948181">
    </trkpt>
    <trkpt lat="39.783700808397697" lon="-8.72178218807414">
    </trkpt>
    <trkpt lat="39.783531792910502" lon="-8.721688502131171">
    </trkpt>
    <trkpt lat="39.783326267993999" lon="-8.721651949568921">
    </trkpt>
    <trkpt lat="39.783120422861998" lon="-8.72170333023737">
    </trkpt>
    <trkpt lat="39.782840637219401" lon="-8.72174072048384">
    </trkpt>
    <trkpt lat="39.781666278994599" lon="-8.722050548999119">
    </trkpt>
    <trkpt lat="39.7815073547917" lon="-8.722049557979579">
    </trkpt>
    <trkpt lat="39.781223355856199" lon="-8.72190018291567">
    </trkpt>
    <trkpt lat="39.780972568406398" lon="-8.721775697552291">
    </trkpt>
    <trkpt lat="39.780804937534597" lon="-8.72163384708367">
    </trkpt>
    <trkpt lat="39.780121442867802" lon="-8.72125450058379">
    </trkpt>
    <trkpt lat="39.7800019495877" lon="-8.7211209752392">
    </trkpt>
    <trkpt lat="39.7796822982612" lon="-8.72068077698945">
    </trkpt>
    <trkpt lat="39.779581375762199" lon="-8.72056226831277">
    </trkpt>
    <trkpt lat="39.779443891882799" lon="-8.720130497522829">
    </trkpt>
    <trkpt lat="39.779398791332802" lon="-8.719552269480429">
    </trkpt>
    <trkpt lat="39.779325928284301" lon="-8.71894083047113">
    </trkpt>
    <trkpt lat="39.779267212538201" lon="-8.718784555621459">
    </trkpt>
    <trkpt lat="39.7790091063886" lon="-8.71841956955409">
    </trkpt>
    <trkpt lat="39.778835504889798" lon="-8.71828343263646">
    </trkpt>
    <trkpt lat="39.778587363968001" lon="-8.71815316254485">
    </trkpt>
    <trkpt lat="39.778279474560001" lon="-8.718015044346981">
    </trkpt>
    <trkpt lat="39.777941875872301" lon="-8.71781665868799">
    </trkpt>
    <trkpt lat="39.777844965024101" lon="-8.717743845728741">
    </trkpt>
    <trkpt lat="39.777700439461903" lon="-8.71751704842505">
    </trkpt>
    <trkpt lat="39.7775935851162" lon="-8.71731665982664">
    </trkpt>
    <trkpt lat="39.777420015426003" lon="-8.7167636772548">
    </trkpt>
    <trkpt lat="39.777264999906897" lon="-8.71622808607763">
    </trkpt>
    <trkpt lat="39.777157943389497" lon="-8.715839417213409">
    </trkpt>
    <trkpt lat="39.777034266705797" lon="-8.71532632151685">
    </trkpt>
    <trkpt lat="39.776940390844601" lon="-8.715102605107869">
    </trkpt>
    <trkpt lat="39.776844595523201" lon="-8.71495750254133">
    </trkpt>
    <trkpt lat="39.776574545191799" lon="-8.71468712834179">
    </trkpt>
    <trkpt lat="39.776423432457698" lon="-8.71460230990048">
    </trkpt>
    <trkpt lat="39.775896474348897" lon="-8.714367521346199">
    </trkpt>
    <trkpt lat="39.775284580247401" lon="-8.71420572549839">
    </trkpt>
    <trkpt lat="39.774336545507097" lon="-8.714154660309079">
    </trkpt>
    <trkpt lat="39.773767597832098" lon="-8.714324678042351">
    </trkpt>
    <trkpt lat="39.773602298632298" lon="-8.714310084829821">
    </trkpt>
    <trkpt lat="39.773402357864903" lon="-8.714267064326791">
    </trkpt>
    <trkpt lat="39.772647558550098" lon="-8.714199032882091">
    </trkpt>
    <trkpt lat="39.772019349698603" lon="-8.71424483976652">
    </trkpt>
    <trkpt lat="39.771674987612101" lon="-8.714245766293169">
    </trkpt>
    <trkpt lat="39.7711157461179" lon="-8.71426211922587">
    </trkpt>
    <trkpt lat="39.770707408805897" lon="-8.71421064415795">
    </trkpt>
    <trkpt lat="39.770312105882702" lon="-8.71414886328369">
    </trkpt>
    <trkpt lat="39.770173845558602" lon="-8.714166687821351">
    </trkpt>
    <trkpt lat="39.770006953472297" lon="-8.71416915819152">
    </trkpt>
    <trkpt lat="39.768979582247901" lon="-8.71449458788376">
    </trkpt>
    <trkpt lat="39.768729454866197" lon="-8.7146048906926">
    </trkpt>
    <trkpt lat="39.768499240810897" lon="-8.71465364416011">
    </trkpt>
    <trkpt lat="39.765612845621803" lon="-8.71565425521243">
    </trkpt>
    <trkpt lat="39.765222543019" lon="-8.71575799310799">
    </trkpt>
    <trkpt lat="39.764982899220797" lon="-8.71576589995361">
    </trkpt>
    <trkpt lat="39.764837889387898" lon="-8.71578024712295">
    </trkpt>
    <trkpt lat="39.763928017292002" lon="-8.715792266158591">
    </trkpt>
    <trkpt lat="39.763189675553498" lon="-8.71580264841058">
    </trkpt>
    <trkpt lat="39.7629886449268" lon="-8.715788568221109">
    </trkpt>
    <trkpt lat="39.762147250621602" lon="-8.715794336464921">
    </trkpt>
    <trkpt lat="39.761896097640097" lon="-8.715743682756409">
    </trkpt>
    <trkpt lat="39.761806098946998" lon="-8.715759216728459">
    </trkpt>
    <trkpt lat="39.761558139986697" lon="-8.71582640266924">
    </trkpt>
    <trkpt lat="39.760778925345697" lon="-8.71614201296677">
    </trkpt>
    <trkpt lat="39.760413320031702" lon="-8.716241184011171">
    </trkpt>
    <trkpt lat="39.760206504349597" lon="-8.71623934902855">
    </trkpt>
    <trkpt lat="39.760086505493" lon="-8.71625201789314">
    </trkpt>
    <trkpt lat="39.759905194772699" lon="-8.7161929610989">
    </trkpt>
    <trkpt lat="39.759703535068702" lon="-8.716041212098">
    </trkpt>
    <trkpt lat="39.758403560556303" lon="-8.71526556200847">
    </trkpt>
    <trkpt lat="39.757909933069399" lon="-8.71497678071969">
    </trkpt>
    <trkpt lat="39.757653551334897" lon="-8.71478160781006">
    </trkpt>
    <trkpt lat="39.757141632344599" lon="-8.71431579614171">
    </trkpt>
    <trkpt lat="39.756910198255802" lon="-8.713996976346809">
    </trkpt>
    <trkpt lat="39.756652690164302" lon="-8.713299072912751">
    </trkpt>
    <trkpt lat="39.7565645938176" lon="-8.71305208191704">
    </trkpt>
    <trkpt lat="39.756436505650903" lon="-8.712917233261511">
    </trkpt>
    <trkpt lat="39.756333608686397" lon="-8.712840323640551">
    </trkpt>
    <trkpt lat="39.756123217951" lon="-8.712851514774229">
    </trkpt>
    <trkpt lat="39.7561230451713" lon="-8.71285491226101">
    </trkpt>
    <trkpt lat="39.756041224228603" lon="-8.7128786396837">
    </trkpt>
    <trkpt lat="39.755811541513403" lon="-8.71298184224592">
    </trkpt>
    <trkpt lat="39.754473996857399" lon="-8.71403429577736">
    </trkpt>
    <trkpt lat="39.754536315126401" lon="-8.71418163017335">
    </trkpt>
    <trkpt lat="39.754651349723403" lon="-8.71571501644847">
    </trkpt>
    <trkpt lat="39.754802252037301" lon="-8.717941148563339">
    </trkpt>
    <trkpt lat="39.754783842653801" lon="-8.71803836886121">
    </trkpt>
    <trkpt lat="39.754663487382302" lon="-8.71804104894305">
    </trkpt>
    <trkpt lat="39.754166682581001" lon="-8.7179072295793">
    </trkpt>
    <trkpt lat="39.753514321715699" lon="-8.717701980022539">
    </trkpt>
    <trkpt lat="39.753180637962799" lon="-8.71759749302441">
    </trkpt>
    <trkpt lat="39.752831130495601" lon="-8.71742293042387">
    </trkpt>
    <trkpt lat="39.752395809960198" lon="-8.71699334422215">
    </trkpt>
    <trkpt lat="39.751987791859698" lon="-8.716612797542741">
    </trkpt>
    <trkpt lat="39.751723438224197" lon="-8.716446039463429">
    </trkpt>
    <trkpt lat="39.751410111819297" lon="-8.71625619546308">
    </trkpt>
    <trkpt lat="39.750972016313902" lon="-8.71609115044178">
    </trkpt>
    <trkpt lat="39.750537564990303" lon="-8.716000720383359">
    </trkpt>
    <trkpt lat="39.750210912977998" lon="-8.715966420546829">
    </trkpt>
    <trkpt lat="39.749740001983902" lon="-8.71593677042865">
    </trkpt>
    <trkpt lat="39.749224714287898" lon="-8.715919074164651">
    </trkpt>
    <trkpt lat="39.748743762054403" lon="-8.715950222746759">
    </trkpt>
    <trkpt lat="39.748419244998203" lon="-8.71599922837019">
    </trkpt>
    <trkpt lat="39.747937674252803" lon="-8.716053639669431">
    </trkpt>
    <trkpt lat="39.747670673567903" lon="-8.71600276698504">
    </trkpt>
    <trkpt lat="39.747283969515102" lon="-8.71583093804818">
    </trkpt>
    <trkpt lat="39.746815492639598" lon="-8.715592225393319">
    </trkpt>
    <trkpt lat="39.746529723448297" lon="-8.715452978553349">
    </trkpt>
    <trkpt lat="39.746162230844099" lon="-8.71539937931178">
    </trkpt>
    <trkpt lat="39.745797646207997" lon="-8.715379199162291">
    </trkpt>
    <trkpt lat="39.7452293323704" lon="-8.71543056979249">
    </trkpt>
    <trkpt lat="39.744870818226403" lon="-8.71542154719212">
    </trkpt>
    <trkpt lat="39.744700958348503" lon="-8.715350308325011">
    </trkpt>
    <trkpt lat="39.743972403776802" lon="-8.71491872222119">
    </trkpt>
    <trkpt lat="39.743594440050202" lon="-8.7146657969254">
    </trkpt>
    <trkpt lat="39.7433218601671" lon="-8.714450844094699">
    </trkpt>
    <trkpt lat="39.743259491552102" lon="-8.714375330013359">
    </trkpt>
    <trkpt lat="39.743243466180999" lon="-8.714284857275221">
    </trkpt>
    <trkpt lat="39.743167629855101" lon="-8.714240278909619">
    </trkpt>
    <trkpt lat="39.7431027655688" lon="-8.714306146672779">
    </trkpt>
    <trkpt lat="39.742801831813097" lon="-8.714313216757301">
    </trkpt>
    <trkpt lat="39.742364807016102" lon="-8.71429670550471">
    </trkpt>
    <trkpt lat="39.742022960846597" lon="-8.71428076816931">
    </trkpt>
    <trkpt lat="39.741512787728297" lon="-8.71428097208498">
    </trkpt>
    <trkpt lat="39.741528253965903" lon="-8.71438441111909">
    </trkpt>
    <trkpt lat="39.7411065322867" lon="-8.714388993232641">
    </trkpt>
    <trkpt lat="39.740818482789997" lon="-8.71434021443525">
    </trkpt>
    <trkpt lat="39.740474243272601" lon="-8.714236546529509">
    </trkpt>
    <trkpt lat="39.740005386652498" lon="-8.713876375463871">
    </trkpt>
    <trkpt lat="39.739622020605303" lon="-8.713510717620119">
    </trkpt>
    <trkpt lat="39.739435579081601" lon="-8.71332448249982">
    </trkpt>
    <trkpt lat="39.738542368814002" lon="-8.71251250305319">
    </trkpt>
    <trkpt lat="39.738260038094097" lon="-8.712298809299231">
    </trkpt>
    <trkpt lat="39.738008222691498" lon="-8.71211020588283">
    </trkpt>
    <trkpt lat="39.737670762924203" lon="-8.711936588564949">
    </trkpt>
    <trkpt lat="39.737204893348299" lon="-8.71177876927576">
    </trkpt>
    <trkpt lat="39.736885447969598" lon="-8.71166921175343">
    </trkpt>
    <trkpt lat="39.736575440206003" lon="-8.71156308413144">
    </trkpt>
    <trkpt lat="39.736172806295002" lon="-8.711439147214531">
    </trkpt>
    <trkpt lat="39.7360121457547" lon="-8.71138734353069">
    </trkpt>
    <trkpt lat="39.735822296488102" lon="-8.711283761238111">
    </trkpt>
    <trkpt lat="39.735561035158398" lon="-8.71110048828676">
    </trkpt>
    <trkpt lat="39.735351285150003" lon="-8.7108934521788">
    </trkpt>
    <trkpt lat="39.735157995260998" lon="-8.710623798992801">
    </trkpt>
    <trkpt lat="39.734919625585299" lon="-8.71024957714336">
    </trkpt>
    <trkpt lat="39.734600546024602" lon="-8.70976396234806">
    </trkpt>
    <trkpt lat="39.734035643122503" lon="-8.709066551111389">
    </trkpt>
    <trkpt lat="39.733875345735903" lon="-8.70890119599748">
    </trkpt>
    <trkpt lat="39.733611128037403" lon="-8.708372073208871">
    </trkpt>
    <trkpt lat="39.7331419496576" lon="-8.70756877704903">
    </trkpt>
    <trkpt lat="39.732838907963" lon="-8.707318774710689">
    </trkpt>
    <trkpt lat="39.732586999466797" lon="-8.70713604090605">
    </trkpt>
    <trkpt lat="39.731902399949497" lon="-8.706707587233931">
    </trkpt>
    <trkpt lat="39.731557595750502" lon="-8.70653606275798">
    </trkpt>
    <trkpt lat="39.7314360931382" lon="-8.70650120128124">
    </trkpt>
    <trkpt lat="39.730913386662998" lon="-8.70648936172157">
    </trkpt>
    <trkpt lat="39.730712010035099" lon="-8.706484724238329">
    </trkpt>
    <trkpt lat="39.730524347463401" lon="-8.7064661538334">
    </trkpt>
    <trkpt lat="39.730525116920099" lon="-8.706348295023769">
    </trkpt>
    <trkpt lat="39.730437447801798" lon="-8.7063259112044">
    </trkpt>
    <trkpt lat="39.730426894408097" lon="-8.70626495470159">
    </trkpt>
    <trkpt lat="39.730445776621103" lon="-8.706169745586701">
    </trkpt>
    <trkpt lat="39.730358413316601" lon="-8.706105878793601">
    </trkpt>
    <trkpt lat="39.730284756311399" lon="-8.7062123642202">
    </trkpt>
    <trkpt lat="39.730169477617302" lon="-8.706256168589601">
    </trkpt>
    <trkpt lat="39.730090096858298" lon="-8.70630107885413">
    </trkpt>
    <trkpt lat="39.730063361564198" lon="-8.706462871814541">
    </trkpt>
    <trkpt lat="39.729991165808102" lon="-8.706541317571441">
    </trkpt>
    <trkpt lat="39.7298458571805" lon="-8.70665141071526">
    </trkpt>
    <trkpt lat="39.7295708996961" lon="-8.706798203822061">
    </trkpt>
    <trkpt lat="39.729391465214803" lon="-8.70691232567874">
    </trkpt>
    <trkpt lat="39.729170680374402" lon="-8.70697021713131">
    </trkpt>
    <trkpt lat="39.728987629030399" lon="-8.70695870338332">
    </trkpt>
    <trkpt lat="39.728718276106697" lon="-8.706862131285421">
    </trkpt>
    <trkpt lat="39.728486372176803" lon="-8.70678744404684">
    </trkpt>
    <trkpt lat="39.728413329863301" lon="-8.70674644788776">
    </trkpt>
    <trkpt lat="39.727718580252798" lon="-8.70671911336966">
    </trkpt>
    <trkpt lat="39.727169929649499" lon="-8.70676418506417">
    </trkpt>
    <trkpt lat="39.7269497654001" lon="-8.706756598928751">
    </trkpt>
    <trkpt lat="39.726792326007299" lon="-8.706617230607741">
    </trkpt>
    <trkpt lat="39.726625676479401" lon="-8.70623462455413">
    </trkpt>
    <trkpt lat="39.726486022630297" lon="-8.70608649007713">
    </trkpt>
    <trkpt lat="39.726340632145998" lon="-8.705902765810761">
    </trkpt>
    <trkpt lat="39.725602792439801" lon="-8.704863892921949">
    </trkpt>
    <trkpt lat="39.725395427317501" lon="-8.70466043316438">
    </trkpt>
    <trkpt lat="39.725186154487801" lon="-8.704530044278259">
    </trkpt>
    <trkpt lat="39.724994825221899" lon="-8.70443728913328">
    </trkpt>
    <trkpt lat="39.724519709137702" lon="-8.703993014291401">
    </trkpt>
    <trkpt lat="39.724113286147201" lon="-8.703530414011979">
    </trkpt>
    <trkpt lat="39.723954768107603" lon="-8.703467412969429">
    </trkpt>
    <trkpt lat="39.723841773139" lon="-8.70337768388101">
    </trkpt>
    <trkpt lat="39.723456853317899" lon="-8.7031916793471">
    </trkpt>
    <trkpt lat="39.723079977156097" lon="-8.703127325101381">
    </trkpt>
    <trkpt lat="39.722732312436598" lon="-8.702997455063141">
    </trkpt>
    <trkpt lat="39.722410861147999" lon="-8.702880926347881">
    </trkpt>
    <trkpt lat="39.722243511359999" lon="-8.702732129412601">
    </trkpt>
    <trkpt lat="39.722120634157299" lon="-8.702601717629321">
    </trkpt>
    <trkpt lat="39.721802290283797" lon="-8.702047882189481">
    </trkpt>
    <trkpt lat="39.721637815427599" lon="-8.70189708083308">
    </trkpt>
    <trkpt lat="39.721456650115996" lon="-8.70181782020806">
    </trkpt>
    <trkpt lat="39.721135584396301" lon="-8.701810701792279">
    </trkpt>
    <trkpt lat="39.720947954257198" lon="-8.701819057668009">
    </trkpt>
    <trkpt lat="39.7208235837616" lon="-8.70173932720583">
    </trkpt>
    <trkpt lat="39.720744876402598" lon="-8.70153978049448">
    </trkpt>
    <trkpt lat="39.720670390542203" lon="-8.701245867480219">
    </trkpt>
    <trkpt lat="39.720557719111" lon="-8.70101001983334">
    </trkpt>
    <trkpt lat="39.719952169577198" lon="-8.700286246241189">
    </trkpt>
    <trkpt lat="39.7198150832388" lon="-8.69996563073842">
    </trkpt>
    <trkpt lat="39.719684784836502" lon="-8.69985943344755">
    </trkpt>
    <trkpt lat="39.719447755403799" lon="-8.69972075749393">
    </trkpt>
    <trkpt lat="39.719199724330799" lon="-8.699653013359139">
    </trkpt>
    <trkpt lat="39.719004259752602" lon="-8.699619469681179">
    </trkpt>
    <trkpt lat="39.718886120576201" lon="-8.699641095169531">
    </trkpt>
    <trkpt lat="39.718571192824498" lon="-8.699662945645519">
    </trkpt>
    <trkpt lat="39.718409568268498" lon="-8.699593698530171">
    </trkpt>
    <trkpt lat="39.7182983902646" lon="-8.69944555021185">
    </trkpt>
    <trkpt lat="39.7181158762302" lon="-8.699233843536311">
    </trkpt>
    <trkpt lat="39.717512119330699" lon="-8.698453740411241">
    </trkpt>
    <trkpt lat="39.716885632857" lon="-8.69762257985651">
    </trkpt>
    <trkpt lat="39.716683019607402" lon="-8.697397222955971">
    </trkpt>
    <trkpt lat="39.7164744277583" lon="-8.697270008694129">
    </trkpt>
    <trkpt lat="39.716380028268198" lon="-8.697040881692001">
    </trkpt>
    <trkpt lat="39.716351498268303" lon="-8.69695404107855">
    </trkpt>
    <trkpt lat="39.716273312163402" lon="-8.69691469867297">
    </trkpt>
    <trkpt lat="39.716248336880099" lon="-8.6968359484065">
    </trkpt>
    <trkpt lat="39.716098110178898" lon="-8.69685965850999">
    </trkpt>
    <trkpt lat="39.715533075081701" lon="-8.69697851294166">
    </trkpt>
    <trkpt lat="39.715310162882602" lon="-8.69702038896998">
    </trkpt>
    <trkpt lat="39.7150372962777" lon="-8.697074400008701">
    </trkpt>
    <trkpt lat="39.714697464037798" lon="-8.69715033404411">
    </trkpt>
    <trkpt lat="39.714511279504599" lon="-8.697175740811391">
    </trkpt>
    <trkpt lat="39.714392763731503" lon="-8.697199971311131">
    </trkpt>
    <trkpt lat="39.714232549352403" lon="-8.697239620387601">
    </trkpt>
    <trkpt lat="39.714222687944698" lon="-8.697236669811691">
    </trkpt>
    <trkpt lat="39.714188416793903" lon="-8.697249667951491">
    </trkpt>
    <trkpt lat="39.714154321619297" lon="-8.69726362150652">
    </trkpt>
    <trkpt lat="39.714102889413503" lon="-8.69726936604942">
    </trkpt>
    <trkpt lat="39.714076837810097" lon="-8.69727397178074">
    </trkpt>
    <trkpt lat="39.713999388958797" lon="-8.69728735361663">
    </trkpt>
    <trkpt lat="39.7139109870892" lon="-8.697304805833321">
    </trkpt>
    <trkpt lat="39.713769615815103" lon="-8.697331869892659">
    </trkpt>
    <trkpt lat="39.713555093144599" lon="-8.69737457783852">
    </trkpt>
    <trkpt lat="39.713447800668" lon="-8.697379755322469">
    </trkpt>
    <trkpt lat="39.713421541676503" lon="-8.69730746742114">
    </trkpt>
    <trkpt lat="39.713352171436497" lon="-8.69727446811244">
    </trkpt>
    <trkpt lat="39.713335066426197" lon="-8.69731151074758">
    </trkpt>
    <trkpt lat="39.713273006016003" lon="-8.697311326636649">
    </trkpt>
    <trkpt lat="39.713160955257301" lon="-8.69723234068598">
    </trkpt>
    <trkpt lat="39.7130653188973" lon="-8.69717015474278">
    </trkpt>
    <trkpt lat="39.712956806912203" lon="-8.69712224345697">
    </trkpt>
    <trkpt lat="39.712733371077498" lon="-8.6970146577073">
    </trkpt>
    <trkpt lat="39.712691480154199" lon="-8.69708545508491">
    </trkpt>
    <trkpt lat="39.712506219096198" lon="-8.69699353531154">
    </trkpt>
    <trkpt lat="39.712114023268903" lon="-8.696789787228161">
    </trkpt>
    <trkpt lat="39.711739992081597" lon="-8.696584199484549">
    </trkpt>
    <trkpt lat="39.7114930349681" lon="-8.696467655753199">
    </trkpt>
    <trkpt lat="39.711412138220901" lon="-8.696693452038391">
    </trkpt>
    <trkpt lat="39.711347298515797" lon="-8.696808698865039">
    </trkpt>
    <trkpt lat="39.711158621310403" lon="-8.696900065070549">
    </trkpt>
    <trkpt lat="39.710977578446901" lon="-8.69681119359374">
    </trkpt>
    <trkpt lat="39.710453415002" lon="-8.696650981082289">
    </trkpt>
    <trkpt lat="39.7102331437559" lon="-8.69665270916666">
    </trkpt>
    <trkpt lat="39.709920301903303" lon="-8.696702410844081">
    </trkpt>
    <trkpt lat="39.709707878084899" lon="-8.696702336496941">
    </trkpt>
    <trkpt lat="39.709543248753803" lon="-8.696693301849329">
    </trkpt>
    <trkpt lat="39.7089193603409" lon="-8.696701389550411">
    </trkpt>
    <trkpt lat="39.708756228828797" lon="-8.69671332189343">
    </trkpt>
    <trkpt lat="39.7085149653727" lon="-8.696768517048721">
    </trkpt>
    <trkpt lat="39.708375621795597" lon="-8.69678744427425">
    </trkpt>
    <trkpt lat="39.708287975470597" lon="-8.696805319152631">
    </trkpt>
    <trkpt lat="39.707974045132097" lon="-8.69691883087237">
    </trkpt>
    <trkpt lat="39.7077561919807" lon="-8.69699226521263">
    </trkpt>
    <trkpt lat="39.707587561947499" lon="-8.697066562725359">
    </trkpt>
    <trkpt lat="39.707181230261597" lon="-8.69718061496976">
    </trkpt>
    <trkpt lat="39.707013608807699" lon="-8.697274546382079">
    </trkpt>
    <trkpt lat="39.706686779786303" lon="-8.697435794000629">
    </trkpt>
    <trkpt lat="39.706436270304202" lon="-8.69766745105496">
    </trkpt>
    <trkpt lat="39.706312337083297" lon="-8.697773494746119">
    </trkpt>
    <trkpt lat="39.705928551789597" lon="-8.697959749250639">
    </trkpt>
    <trkpt lat="39.705758917412403" lon="-8.698015527446479">
    </trkpt>
    <trkpt lat="39.705510579974501" lon="-8.698089773001531">
    </trkpt>
    <trkpt lat="39.705414218126698" lon="-8.69813718536034">
    </trkpt>
    <trkpt lat="39.705180572019202" lon="-8.698285743967791">
    </trkpt>
    <trkpt lat="39.705075881574402" lon="-8.69836339780929">
    </trkpt>
    <trkpt lat="39.7048722056659" lon="-8.698592389639231">
    </trkpt>
    <trkpt lat="39.704745279457001" lon="-8.698813611250889">
    </trkpt>
    <trkpt lat="39.704669970308402" lon="-8.698907363970189">
    </trkpt>
    <trkpt lat="39.704258002322298" lon="-8.69931872405833">
    </trkpt>
    <trkpt lat="39.704193851034503" lon="-8.69936959782145">
    </trkpt>
    <trkpt lat="39.704063934341299" lon="-8.69932851097157">
    </trkpt>
    <trkpt lat="39.703853699424002" lon="-8.699211732142301">
    </trkpt>
    <trkpt lat="39.703711553332603" lon="-8.6991541929288">
    </trkpt>
    <trkpt lat="39.703680040702302" lon="-8.69913346450806">
    </trkpt>
    <trkpt lat="39.703306277998401" lon="-8.69895390049785">
    </trkpt>
    <trkpt lat="39.703230426363" lon="-8.698903077874631">
    </trkpt>
    <trkpt lat="39.702844326321603" lon="-8.69851596457368">
    </trkpt>
    <trkpt lat="39.702779863710198" lon="-8.69842507026547">
    </trkpt>
    <trkpt lat="39.702711605788998" lon="-8.698329385646799">
    </trkpt>
    <trkpt lat="39.702667779544797" lon="-8.69825529178784">
    </trkpt>
    <trkpt lat="39.702389015072498" lon="-8.69784283093122">
    </trkpt>
    <trkpt lat="39.702336245095402" lon="-8.69773424758356">
    </trkpt>
    <trkpt lat="39.702254089920601" lon="-8.69763570501779">
    </trkpt>
    <trkpt lat="39.7021024504133" lon="-8.697392770909429">
    </trkpt>
    <trkpt lat="39.701959496094901" lon="-8.69718097782679">
    </trkpt>
    <trkpt lat="39.701785726146397" lon="-8.6969938903084">
    </trkpt>
    <trkpt lat="39.701699007793401" lon="-8.69692196277672">
    </trkpt>
    <trkpt lat="39.701564505449099" lon="-8.69681439856177">
    </trkpt>
    <trkpt lat="39.701365851784097" lon="-8.696662570331741">
    </trkpt>
    <trkpt lat="39.701150574269398" lon="-8.69645525832053">
    </trkpt>
    <trkpt lat="39.700994804862702" lon="-8.696272518770289">
    </trkpt>
    <trkpt lat="39.700903542111497" lon="-8.69615158846603">
    </trkpt>
    <trkpt lat="39.700845588548098" lon="-8.696077931236109">
    </trkpt>
    <trkpt lat="39.700418121990602" lon="-8.695519368563209">
    </trkpt>
    <trkpt lat="39.700327916356599" lon="-8.695404871037249">
    </trkpt>
    <trkpt lat="39.699894886624499" lon="-8.69497416602162">
    </trkpt>
    <trkpt lat="39.6997608304506" lon="-8.69483963926873">
    </trkpt>
    <trkpt lat="39.699724973983798" lon="-8.694803888892279">
    </trkpt>
    <trkpt lat="39.699345472555599" lon="-8.69449590160648">
    </trkpt>
    <trkpt lat="39.699182333550503" lon="-8.69441333833961">
    </trkpt>
    <trkpt lat="39.699093374046498" lon="-8.69438307068123">
    </trkpt>
    <trkpt lat="39.698815325403601" lon="-8.694311176006559">
    </trkpt>
    <trkpt lat="39.698700288774702" lon="-8.694271548606199">
    </trkpt>
    <trkpt lat="39.698369782468603" lon="-8.69415139344464">
    </trkpt>
    <trkpt lat="39.698237674796403" lon="-8.694103134110611">
    </trkpt>
    <trkpt lat="39.698126678205099" lon="-8.694057471122919">
    </trkpt>
    <trkpt lat="39.697919776271803" lon="-8.69395867355008">
    </trkpt>
    <trkpt lat="39.697763790286203" lon="-8.693891915608241">
    </trkpt>
    <trkpt lat="39.697726551843402" lon="-8.69387420543071">
    </trkpt>
    <trkpt lat="39.697499323055702" lon="-8.69376713295099">
    </trkpt>
    <trkpt lat="39.6974404104459" lon="-8.69374499649366">
    </trkpt>
    <trkpt lat="39.696995955205999" lon="-8.693516676586089">
    </trkpt>
    <trkpt lat="39.6969050821438" lon="-8.69347203181788">
    </trkpt>
    <trkpt lat="39.6964818119597" lon="-8.69326649878963">
    </trkpt>
    <trkpt lat="39.695749511188303" lon="-8.69287855314044">
    </trkpt>
    <trkpt lat="39.695599673056797" lon="-8.69283468854765">
    </trkpt>
    <trkpt lat="39.695569444006502" lon="-8.6928341035832">
    </trkpt>
    <trkpt lat="39.695307939922003" lon="-8.692861234382271">
    </trkpt>
    <trkpt lat="39.695193549680098" lon="-8.69291540406272">
    </trkpt>
    <trkpt lat="39.695054802138998" lon="-8.69304141387542">
    </trkpt>
    <trkpt lat="39.695004154419799" lon="-8.69311042226725">
    </trkpt>
    <trkpt lat="39.694806492491203" lon="-8.69343121903654">
    </trkpt>
    <trkpt lat="39.694723287959398" lon="-8.693601232849071">
    </trkpt>
    <trkpt lat="39.6944311292105" lon="-8.694181104081849">
    </trkpt>
    <trkpt lat="39.694349257113998" lon="-8.694331105940179">
    </trkpt>
    <trkpt lat="39.694305370946502" lon="-8.694390467064579">
    </trkpt>
    <trkpt lat="39.694197931099801" lon="-8.694485835828321">
    </trkpt>
    <trkpt lat="39.694101106043298" lon="-8.69454498179191">
    </trkpt>
    <trkpt lat="39.694049197955501" lon="-8.694550351305461">
    </trkpt>
    <trkpt lat="39.694007001797999" lon="-8.694561369964649">
    </trkpt>
    <trkpt lat="39.693807485275499" lon="-8.69455779950567">
    </trkpt>
    <trkpt lat="39.693709181423699" lon="-8.694538559765229">
    </trkpt>
    <trkpt lat="39.6936336183267" lon="-8.69451005242448">
    </trkpt>
    <trkpt lat="39.693342046649398" lon="-8.694366313573569">
    </trkpt>
    <trkpt lat="39.692993701159999" lon="-8.69418430664113">
    </trkpt>
    <trkpt lat="39.6928937785746" lon="-8.694135311761119">
    </trkpt>
    <trkpt lat="39.692613667962704" lon="-8.693997369123741">
    </trkpt>
    <trkpt lat="39.692573884915802" lon="-8.69398281385387">
    </trkpt>
    <trkpt lat="39.692275266946702" lon="-8.69384927136668">
    </trkpt>
    <trkpt lat="39.692247716664802" lon="-8.6938378699792">
    </trkpt>
    <trkpt lat="39.691958649327802" lon="-8.6937551411269">
    </trkpt>
    <trkpt lat="39.691845984837798" lon="-8.69374419831181">
    </trkpt>
    <trkpt lat="39.691812525779802" lon="-8.693740347936849">
    </trkpt>
    <trkpt lat="39.691566099709497" lon="-8.693719084784661">
    </trkpt>
    <trkpt lat="39.691433889966397" lon="-8.69371698937165">
    </trkpt>
    <trkpt lat="39.691389306308501" lon="-8.69371259340498">
    </trkpt>
    <trkpt lat="39.691371750358996" lon="-8.69371262590291">
    </trkpt>
    <trkpt lat="39.690692876804398" lon="-8.693847754830371">
    </trkpt>
    <trkpt lat="39.690369701619701" lon="-8.6939084672491">
    </trkpt>
    <trkpt lat="39.690156482917303" lon="-8.69394629746389">
    </trkpt>
    <trkpt lat="39.689897536788202" lon="-8.693958886528179">
    </trkpt>
    <trkpt lat="39.689799204132598" lon="-8.693936194452281">
    </trkpt>
    <trkpt lat="39.6892659918337" lon="-8.69393269119136">
    </trkpt>
    <trkpt lat="39.689045131916799" lon="-8.693892081078459">
    </trkpt>
    <trkpt lat="39.688875951092001" lon="-8.69374170851713">
    </trkpt>
    <trkpt lat="39.6885698091736" lon="-8.69353826994435">
    </trkpt>
    <trkpt lat="39.688256926093899" lon="-8.69328441998578">
    </trkpt>
    <trkpt lat="39.688076202391898" lon="-8.69304327210881">
    </trkpt>
    <trkpt lat="39.6879739268349" lon="-8.69286598580654">
    </trkpt>
    <trkpt lat="39.687689193919397" lon="-8.692334379006351">
    </trkpt>
    <trkpt lat="39.6874424941565" lon="-8.691993685665521">
    </trkpt>
    <trkpt lat="39.6871847644151" lon="-8.69170875792733">
    </trkpt>
    <trkpt lat="39.6870834135782" lon="-8.6915846421751">
    </trkpt>
    <trkpt lat="39.686763539240197" lon="-8.691459223622649">
    </trkpt>
    <trkpt lat="39.686441542717198" lon="-8.69140674868444">
    </trkpt>
    <trkpt lat="39.686288600331103" lon="-8.69145346437443">
    </trkpt>
    <trkpt lat="39.6860619527964" lon="-8.691548228797179">
    </trkpt>
    <trkpt lat="39.6859960343808" lon="-8.69156508268517">
    </trkpt>
    <trkpt lat="39.685785623346398" lon="-8.69149503027209">
    </trkpt>
    <trkpt lat="39.685559134395199" lon="-8.69129638939409">
    </trkpt>
    <trkpt lat="39.685426572415302" lon="-8.691176803858649">
    </trkpt>
    <trkpt lat="39.685293166261502" lon="-8.691022675738379">
    </trkpt>
    <trkpt lat="39.6851950543181" lon="-8.690851843231741">
    </trkpt>
    <trkpt lat="39.6849917006193" lon="-8.69042217900096">
    </trkpt>
    <trkpt lat="39.684809328913303" lon="-8.68976141387367">
    </trkpt>
    <trkpt lat="39.684685748555303" lon="-8.68950557547902">
    </trkpt>
    <trkpt lat="39.684560638606598" lon="-8.689380776616989">
    </trkpt>
    <trkpt lat="39.684032212346402" lon="-8.688978344845999">
    </trkpt>
    <trkpt lat="39.683793135109298" lon="-8.68881359668182">
    </trkpt>
    <trkpt lat="39.683295369708297" lon="-8.68851016289436">
    </trkpt>
    <trkpt lat="39.6831243375185" lon="-8.688265369276561">
    </trkpt>
    <trkpt lat="39.682948535855402" lon="-8.688039125063071">
    </trkpt>
    <trkpt lat="39.682486965394702" lon="-8.68739971471715">
    </trkpt>
    <trkpt lat="39.682314033297502" lon="-8.68718567397835">
    </trkpt>
    <trkpt lat="39.681987880150103" lon="-8.687031224975501">
    </trkpt>
    <trkpt lat="39.681835982275501" lon="-8.6869686510106">
    </trkpt>
    <trkpt lat="39.681743691738198" lon="-8.686944411580949">
    </trkpt>
    <trkpt lat="39.681569462208898" lon="-8.686894347453061">
    </trkpt>
    <trkpt lat="39.681404665556002" lon="-8.68687800503378">
    </trkpt>
    <trkpt lat="39.681296444171302" lon="-8.686916190375889">
    </trkpt>
    <trkpt lat="39.681028734936497" lon="-8.68700688330607">
    </trkpt>
    <trkpt lat="39.6809140009426" lon="-8.68704501708392">
    </trkpt>
    <trkpt lat="39.680709180690897" lon="-8.68712714743482">
    </trkpt>
    <trkpt lat="39.680542975561899" lon="-8.68717290107814">
    </trkpt>
    <trkpt lat="39.680446126570601" lon="-8.6871461344697">
    </trkpt>
    <trkpt lat="39.6803398146698" lon="-8.687106475777661">
    </trkpt>
    <trkpt lat="39.680029193609101" lon="-8.686886778421529">
    </trkpt>
    <trkpt lat="39.679827935248902" lon="-8.68677597482599">
    </trkpt>
    <trkpt lat="39.679712085404901" lon="-8.68666164516836">
    </trkpt>
    <trkpt lat="39.6796613881233" lon="-8.686554984293959">
    </trkpt>
    <trkpt lat="39.679373140643598" lon="-8.68629980022096">
    </trkpt>
    <trkpt lat="39.679212493399497" lon="-8.68623294097859">
    </trkpt>
    <trkpt lat="39.6788856129265" lon="-8.686098259522881">
    </trkpt>
    <trkpt lat="39.6787549426111" lon="-8.68603177806636">
    </trkpt>
    <trkpt lat="39.678267083214699" lon="-8.685864739867201">
    </trkpt>
    <trkpt lat="39.678085416635199" lon="-8.685849137842361">
    </trkpt>
    <trkpt lat="39.677800644074502" lon="-8.68579458585238">
    </trkpt>
    <trkpt lat="39.677668794660804" lon="-8.685780047425061">
    </trkpt>
    <trkpt lat="39.676593095721103" lon="-8.685925990870381">
    </trkpt>
    <trkpt lat="39.676445284688199" lon="-8.68594704709596">
    </trkpt>
    <trkpt lat="39.676115899161502" lon="-8.68591929558691">
    </trkpt>
    <trkpt lat="39.675916284585597" lon="-8.68590951718879">
    </trkpt>
    <trkpt lat="39.675822339061398" lon="-8.68592308363853">
    </trkpt>
    <trkpt lat="39.675708847107003" lon="-8.68596921129806">
    </trkpt>
    <trkpt lat="39.675586470309199" lon="-8.686064859120179">
    </trkpt>
    <trkpt lat="39.675565882071702" lon="-8.686156012554999">
    </trkpt>
    <trkpt lat="39.675515726145697" lon="-8.686252178770561">
    </trkpt>
    <trkpt lat="39.675284511315098" lon="-8.68666018004904">
    </trkpt>
    <trkpt lat="39.675218911483903" lon="-8.686756812685671">
    </trkpt>
    <trkpt lat="39.674936920087198" lon="-8.68697824173327">
    </trkpt>
    <trkpt lat="39.674800094705198" lon="-8.687042230839671">
    </trkpt>
    <trkpt lat="39.674697939244901" lon="-8.687029736587711">
    </trkpt>
    <trkpt lat="39.6746036721716" lon="-8.68696360141216">
    </trkpt>
    <trkpt lat="39.674543238185599" lon="-8.686866223715249">
    </trkpt>
    <trkpt lat="39.674456861464101" lon="-8.68653520501279">
    </trkpt>
    <trkpt lat="39.6743050717523" lon="-8.6860750387122">
    </trkpt>
    <trkpt lat="39.674180776655298" lon="-8.68574383832126">
    </trkpt>
    <trkpt lat="39.674173210953199" lon="-8.68566232190552">
    </trkpt>
    <trkpt lat="39.6741224635675" lon="-8.685543331000909">
    </trkpt>
    <trkpt lat="39.674048442843898" lon="-8.685528797400091">
    </trkpt>
    <trkpt lat="39.6739510727785" lon="-8.685343691764601">
    </trkpt>
    <trkpt lat="39.673507799492903" lon="-8.68448017201464">
    </trkpt>
    <trkpt lat="39.673177675149802" lon="-8.684077550187849">
    </trkpt>
    <trkpt lat="39.6731204653993" lon="-8.684169809739659">
    </trkpt>
    <trkpt lat="39.672778246413301" lon="-8.68388356987044">
    </trkpt>
    <trkpt lat="39.672733605625702" lon="-8.68384224918263">
    </trkpt>
    <trkpt lat="39.672448553384399" lon="-8.683801825076751">
    </trkpt>
    <trkpt lat="39.671602458273398" lon="-8.68368058620695">
    </trkpt>
    <trkpt lat="39.671448375259097" lon="-8.6837069362838">
    </trkpt>
    <trkpt lat="39.671154270329602" lon="-8.68381622676114">
    </trkpt>
    <trkpt lat="39.670661332104601" lon="-8.683959056163269">
    </trkpt>
    <trkpt lat="39.6705649316985" lon="-8.68399597077364">
    </trkpt>
    <trkpt lat="39.6705690399587" lon="-8.684089592462399">
    </trkpt>
    <trkpt lat="39.670465193740498" lon="-8.68410918030998">
    </trkpt>
    <trkpt lat="39.670453637364602" lon="-8.68406368440149">
    </trkpt>
    <trkpt lat="39.670358291494402" lon="-8.684070474686161">
    </trkpt>
    <trkpt lat="39.6699921607294" lon="-8.68415174830437">
    </trkpt>
    <trkpt lat="39.669262288551302" lon="-8.68417216186872">
    </trkpt>
    <trkpt lat="39.669043513238499" lon="-8.684161767705319">
    </trkpt>
    <trkpt lat="39.667772519138701" lon="-8.684184317477939">
    </trkpt>
    <trkpt lat="39.667485351726697" lon="-8.68420114097675">
    </trkpt>
    <trkpt lat="39.667141696809601" lon="-8.684297756545559">
    </trkpt>
    <trkpt lat="39.666741483609798" lon="-8.68447910146633">
    </trkpt>
    <trkpt lat="39.666540247249003" lon="-8.68460106662341">
    </trkpt>
    <trkpt lat="39.665695109841799" lon="-8.68504774239114">
    </trkpt>
    <trkpt lat="39.665601618153801" lon="-8.68524088084459">
    </trkpt>
    <trkpt lat="39.6655350024905" lon="-8.68521840059333">
    </trkpt>
    <trkpt lat="39.665528063412602" lon="-8.685165653680951">
    </trkpt>
    <trkpt lat="39.665495536777399" lon="-8.685145527960399">
    </trkpt>
    <trkpt lat="39.665462941881898" lon="-8.68504386087127">
    </trkpt>
    <trkpt lat="39.665087427404799" lon="-8.68528601316528">
    </trkpt>
    <trkpt lat="39.664534131273903" lon="-8.68578992526937">
    </trkpt>
    <trkpt lat="39.663473067263503" lon="-8.68680982306031">
    </trkpt>
    <trkpt lat="39.663336501430202" lon="-8.686895980779131">
    </trkpt>
    <trkpt lat="39.663288198723002" lon="-8.68697247564673">
    </trkpt>
    <trkpt lat="39.662602958198804" lon="-8.68761548924043">
    </trkpt>
    <trkpt lat="39.662344576902903" lon="-8.687868479232799">
    </trkpt>
    <trkpt lat="39.661848669598399" lon="-8.68823301264475">
    </trkpt>
    <trkpt lat="39.661688759675997" lon="-8.688300638791899">
    </trkpt>
    <trkpt lat="39.661194367706699" lon="-8.68836537790604">
    </trkpt>
    <trkpt lat="39.6609580917969" lon="-8.68839666246828">
    </trkpt>
    <trkpt lat="39.660828034625098" lon="-8.68841069592076">
    </trkpt>
    <trkpt lat="39.660002897653499" lon="-8.68850822352749">
    </trkpt>
    <trkpt lat="39.6590121784402" lon="-8.68858826107526">
    </trkpt>
    <trkpt lat="39.6587558793412" lon="-8.68859384175037">
    </trkpt>
    <trkpt lat="39.658582271944397" lon="-8.688561999961109">
    </trkpt>
    <trkpt lat="39.6584919341934" lon="-8.68853547251863">
    </trkpt>
    <trkpt lat="39.658174211049896" lon="-8.688450126488631">
    </trkpt>
    <trkpt lat="39.657824820412003" lon="-8.68834401734212">
    </trkpt>
    <trkpt lat="39.657577060698898" lon="-8.688281952572339">
    </trkpt>
    <trkpt lat="39.656943445342797" lon="-8.6880975374066">
    </trkpt>
    <trkpt lat="39.656580261012799" lon="-8.687978726166181">
    </trkpt>
    <trkpt lat="39.655335446650398" lon="-8.68764121690965">
    </trkpt>
    <trkpt lat="39.654961311564001" lon="-8.687568291691401">
    </trkpt>
    <trkpt lat="39.653658413322702" lon="-8.687314522584019">
    </trkpt>
    <trkpt lat="39.653347020057801" lon="-8.687251599646229">
    </trkpt>
    <trkpt lat="39.652421582653801" lon="-8.687094161284451">
    </trkpt>
    <trkpt lat="39.652188050461199" lon="-8.68703782665977">
    </trkpt>
    <trkpt lat="39.652084827989498" lon="-8.68701643699921">
    </trkpt>
    <trkpt lat="39.651694963489902" lon="-8.686935151262871">
    </trkpt>
    <trkpt lat="39.651130440165602" lon="-8.68684003311327">
    </trkpt>
    <trkpt lat="39.649290201477498" lon="-8.686490818408339">
    </trkpt>
    <trkpt lat="39.647882046004298" lon="-8.68622491766777">
    </trkpt>
    <trkpt lat="39.646239828639402" lon="-8.68592613285541">
    </trkpt>
    <trkpt lat="39.644093195356" lon="-8.685544294380099">
    </trkpt>
    <trkpt lat="39.643512837896097" lon="-8.68543085377452">
    </trkpt>
    <trkpt lat="39.640208814487799" lon="-8.684821631983819">
    </trkpt>
    <trkpt lat="39.638893948932903" lon="-8.68460017084235">
    </trkpt>
    <trkpt lat="39.638595247400097" lon="-8.684492989182811">
    </trkpt>
    <trkpt lat="39.638347260124803" lon="-8.68445773425341">
    </trkpt>
    <trkpt lat="39.637951752436798" lon="-8.684420860179911">
    </trkpt>
    <trkpt lat="39.637479371029997" lon="-8.684341648499471">
    </trkpt>
    <trkpt lat="39.636497631815999" lon="-8.6841465439544">
    </trkpt>
    <trkpt lat="39.636191928481601" lon="-8.684082445256299">
    </trkpt>
    <trkpt lat="39.6360617981017" lon="-8.68407560133306">
    </trkpt>
    <trkpt lat="39.6353505915366" lon="-8.683948390288551">
    </trkpt>
    <trkpt lat="39.635026997851298" lon="-8.683861315051921">
    </trkpt>
    <trkpt lat="39.635008424186502" lon="-8.68361755213761">
    </trkpt>
    <trkpt lat="39.6349402510562" lon="-8.683459655299711">
    </trkpt>
    <trkpt lat="39.634781550351299" lon="-8.68330457917253">
    </trkpt>
    <trkpt lat="39.634668060045698" lon="-8.68320562313102">
    </trkpt>
    <trkpt lat="39.634562877174702" lon="-8.68322171700842">
    </trkpt>
    <trkpt lat="39.634445603499103" lon="-8.68321653881269">
    </trkpt>
    <trkpt lat="39.634350355392399" lon="-8.683236528686519">
    </trkpt>
    <trkpt lat="39.634242505091798" lon="-8.683284233974581">
    </trkpt>
    <trkpt lat="39.6341665611547" lon="-8.683326398536691">
    </trkpt>
    <trkpt lat="39.629590755001701" lon="-8.67756042435647">
    </trkpt>
  </trkseg>
</trk>
</gpx>
